Date,Open,High,Low,Close
2010-03-02,8944.8,8944.95,8941.35,8943.45
2010-03-03,9042.55,9046.4,9042.5,9044.3
2010-03-04,9011.95,9017.35,9011.25,9014.45
2010-03-05,9038.35,9038.35,9032.05,9035.8
2010-03-08,9146.15,9147.25,9140.05,9140.05
2010-03-09,9120.75,9121.6,9119.55,9120.7
2010-03-10,9108.45,9108.45,9097.4,9099.1
2010-03-11,9213.05,9219.2,9211.7,9219.2
2010-03-12,9165.6,9174.3,9162.8,9172.5
2010-03-15,9088.8,9090.15,9083.95,9086.25
2010-03-16,9111.85,9113.05,9107.25,9107.4
2010-03-17,9183.25,9188.15,9183.25,9183.65
2010-03-18,9277.55,9286.95,9276.6,9283.65
2010-03-19,9261.75,9262.9,9257.75,9262.9
2010-03-22,9182.6,9185.8,9179,9182.2
2010-03-23,9227.4,9228.35,9220.85,9221.2
2010-03-25,9311.7,9320.5,9310.75,9316.75
2010-03-26,9448.3,9453.25,9447.95,9450.45
2010-03-29,9528.05,9533.75,9524.85,9525.55
2010-03-30,9474.5,9474.5,9464.75,9464.75
2010-03-31,9464.2,9470.15,9463.75,9470.15
2010-04-01,9511.8,9513.05,9507.15,9507.15
2010-04-05,9697.25,9708.9,9697.25,9704
2010-04-06,9731.45,9735.2,9727.95,9729.7
2010-04-07,9681.6,9681.9,9678,9681.6
2010-04-08,9492.3,9497.6,9492.3,9494.6
2010-04-09,9662.75,9668.4,9659.5,9662.95
2010-04-12,9576.45,9579.25,9573.25,9574.7
2010-04-13,9492.45,9492.45,9486.8,9489.5
2010-04-15,9343.3,9345.45,9341.5,9342.35
2010-04-16,9334.95,9335.95,9331.15,9335.95
2010-04-19,9301.8,9303.2,9295.35,9299.75
2010-04-20,9448.5,9453.4,9445.15,9453.4
2010-04-21,9547.15,9547.15,9543.05,9545.45
2010-04-22,9594.65,9599.8,9590.1,9590.1
2010-04-23,9815.1,9818.7,9815.1,9818.7
2010-04-26,9838.3,9840.5,9834.15,9836.55
2010-04-27,9752,9752.4,9744.7,9745.35
2010-04-28,9638.8,9649.65,9633.95,9647.55
2010-04-29,9809.25,9814.6,9808.65,9814
2010-04-30,9862.3,9862.3,9851.05,9853.45
2010-05-03,9791.3,9793.85,9786.8,9786.8
2010-05-04,9616.6,9623.9,9615.7,9623.9
2010-05-05,9600.15,9608.1,9598.2,9608.1
2010-05-06,9577.5,9583.35,9576.35,9580.25
2010-05-07,9278.95,9281.3,9275.4,9275.4
2010-05-10,9677.1,9681.6,9674.95,9680.85
2010-05-11,9626.5,9627.95,9620.85,9620.85
2010-05-12,9721.3,9722.25,9711.35,9717.2
2010-05-13,9775.15,9776.05,9770.75,9771.75
2010-05-14,9548.75,9559.6,9548.75,9556.95
2010-05-17,9534,9534,9517.45,9517.45
2010-05-18,9492.15,9496.65,9492.15,9496.65
2010-05-19,9129.3,9131.75,9125.8,9128.9
2010-05-20,9199.7,9199.7,9195.95,9199.45
2010-05-21,9135.8,9140.7,9128.8,9128.8
2010-05-24,9051.1,9057.65,9044.55,9045.55
2010-05-25,8851.2,8855.95,8850.1,8855.35
2010-05-26,9030.25,9030.25,9020.15,9020.15
2010-05-27,9265.4,9273.95,9259.4,9270.15
2010-05-28,9295.8,9301.55,9293.95,9294.7
2010-05-31,9365.7,9367.2,9347.7,9361.25
2010-06-01,9104.7,9108.4,9094.15,9097.9
2010-06-02,9206.95,9210.6,9203.55,9204.1
2010-06-03,9379.15,9383.95,9376.8,9376.8
2010-06-04,9453.1,9458.4,9451.35,9457.15
2010-06-07,9294.4,9297.9,9289,9297.9
2010-06-08,9185.7,9194.6,9185.7,9194.6
2010-06-09,9250.55,9251.75,9247.75,9248.5
2010-06-10,9346,9346,9334.5,9339.4
2010-06-11,9450.8,9451.15,9443.75,9446.25
2010-06-14,9528.45,9530.35,9526.85,9527.05
2010-06-15,9550.95,9561.2,9550.95,9559.35
2010-06-16,9581.1,9581.1,9567.8,9568.1
2010-06-17,9605.1,9615.75,9604.75,9606.5
2010-06-18,9566.7,9572.2,9566.1,9566.1
2010-06-21,9749.35,9753,9746.35,9746.85
2010-06-22,9676.9,9676.9,9670.5,9670.5
2010-06-23,9734.1,9736.1,9731.15,9731.15
2010-06-24,9656.85,9656.85,9642.95,9649.2
2010-06-25,9438.85,9445.55,9434.05,9443.05
2010-06-28,9547.35,9548.6,9543.1,9547.25
2010-06-29,9366.65,9369.45,9365.9,9369.45
2010-06-30,9486.75,9486.75,9479.05,9479.05
2010-07-01,9351.1,9354.05,9346.65,9347.95
2010-07-02,9337.15,9345.7,9337.15,9343
2010-07-05,9384.15,9386.95,9380.8,9383.9
2010-07-06,9543.9,9543.9,9537.65,9539.1
2010-07-07,9446.35,9448.2,9443.7,9445.3
2010-07-08,9561.4,9562.9,9557.9,9560.1
2010-07-09,9719.1,9726.1,9719.1,9724.8
2010-07-12,9843.45,9843.45,9835.7,9835.7
2010-07-13,9938.35,9940.75,9935.2,9939.3
2010-07-14,9944.15,9946.75,9938.2,9938.65
2010-07-15,9939,9944.2,9936.2,9944.2
2010-07-16,10015.25,10015.45,10004.05,10004.05
2010-07-19,10041.1,10044.65,10038.85,10042.2
2010-07-20,9959.8,9959.85,9957.65,9958.35
2010-07-21,9976.25,9983.8,9976.25,9983.8
2010-07-22,10056.5,10057.5,10050.6,10053.1
2010-07-23,10099.8,10101.3,10088.15,10093.65
2010-07-26,10035.4,10035.4,10026,10026.85
2010-07-27,10082.2,10089.1,10080.3,10086.85
2010-07-28,10078.1,10078.1,10067.1,10069.25
2010-07-29,10179.5,10179.5,10172.35,10172.35
2010-07-30,10157.9,10158.7,10151.65,10151.65
2010-08-02,10428.35,10436.4,10428.25,10436.4
2010-08-03,10494,10497.4,10494,10494.85
2010-08-04,10489.9,10490.65,10483.9,10490.65
2010-08-05,10460.55,10469.5,10457.8,10469.5
2010-08-06,10397.05,10399.15,10392.2,10396.35
2010-08-09,10521.4,10522.5,10518,10518
2010-08-10,10527.05,10527.05,10522.65,10522.65
2010-08-11,10398.15,10398.15,10391.9,10392.35
2010-08-12,10594.1,10597.95,10589.8,10597.95
2010-08-13,10733.5,10746.6,10733.5,10745.4
2010-08-16,10667.3,10671.3,10663.25,10668.4
2010-08-17,10798.55,10804.25,10793.9,10803.1
2010-08-18,10923.95,10931.65,10923.95,10926.05
2010-08-19,11106.95,11112.25,11106.95,11108.1
2010-08-20,11029.2,11030.6,11021.35,11021.35
2010-08-23,11084.6,11087.6,11074.6,11078.35
2010-08-24,11049.6,11049.6,11042,11042
2010-08-25,10932.15,10937.05,10929.95,10931.75
2010-08-26,10997.5,10997.5,10977.1,10977.1
2010-08-27,10707.9,10707.9,10697.95,10699.2
2010-08-30,10765.35,10767.2,10760.55,10765.2
2010-08-31,10742.3,10745.35,10737.25,10741.75
2010-09-01,10892.95,10895.55,10883.6,10895.55
2010-09-02,10970.5,10970.5,10962.3,10965.1
2010-09-03,10975.35,10975.35,10961.4,10961.4
2010-09-06,11208.6,11215.85,11206.05,11213.05
2010-09-07,11181.95,11181.95,11173.2,11173.2
2010-09-08,11192.95,11196,11190.15,11194.1
2010-09-09,11418.65,11424.05,11406.7,11409.85
2010-09-13,11860.35,11881.1,11860.35,11870.55
2010-09-14,11931.25,11933.85,11922.25,11925.2
2010-09-15,11999.05,12004.55,11997.3,12000.85
2010-09-16,12032.1,12045.65,12030.6,12045.65
2010-09-17,12128.5,12131.75,12124,12125.55
2010-09-20,12214.7,12218.15,12214,12215.05
2010-09-21,12240.1,12243.5,12235,12235.15
2010-09-22,12286.8,12286.8,12278.5,12284.1
2010-09-23,12122.75,12125.15,12118.05,12123.95
2010-09-24,12240.3,12241.85,12236.3,12236.3
2010-09-27,12238.4,12242.95,12235,12242.95
2010-09-28,12295.4,12295.4,12287,12290.25
2010-09-29,12222.95,12225.95,12222.8,12224.6
2010-09-30,12380.5,12380.7,12362,12365.15
2010-10-01,12569.35,12577.7,12568.75,12577.3
2010-10-04,12630.9,12634.95,12629.35,12629.35
2010-10-05,12587.9,12589.25,12574.25,12577.25
2010-10-06,12622.5,12626.6,12618.8,12626.6
2010-10-07,12524.35,12531.25,12522.8,12529.25
2010-10-08,12472.7,12474.7,12468.75,12470.75
2010-10-11,12510.55,12514.4,12509.05,12514.4
2010-10-12,12466.15,12472.5,12466.15,12471.4
2010-10-13,12748.45,12750.9,12736.25,12736.25
2010-10-14,12587.95,12595.15,12587.95,12589.1
2010-10-15,12349.5,12355.2,12339.25,12339.25
2010-10-18,12365.05,12370.85,12361.25,12365.75
2010-10-19,12226.05,12226.05,12217.4,12217.4
2010-10-20,12174.8,12174.8,12166.2,12170.75
2010-10-21,12414.1,12414.1,12402.05,12403.1
2010-10-22,12385.1,12385.1,12375.65,12375.65
2010-10-25,12429.65,12430.55,12423.35,12423.35
2010-10-26,12327.6,12327.6,12323.3,12323.5
2010-10-27,12174.45,12180.2,12171.7,12180.2
2010-10-28,12118.7,12132.3,12097.65,12132.3
2010-10-29,12333.35,12339.05,12329.15,12329.15
2010-11-01,12751.4,12754.8,12745.15,12745.35
2010-11-02,12772.1,12773.95,12767.85,12770.35
2010-11-03,12919.6,12919.6,12915.5,12915.95
2010-11-04,13198.7,13199.55,13192.55,13192.55
2010-11-08,13119.25,13119.25,13113.95,13115.7
2010-11-09,13133.6,13136.3,13130.8,13133.5
2010-11-10,13021.2,13021.4,13010.8,13010.8
2010-11-11,12847.1,12852.1,12841.9,12849.2
2010-11-12,12456.9,12457.4,12444.55,12444.55
2010-11-15,12729.05,12754.5,12729.05,12754.5
2010-11-16,12531.95,12541.9,12525.7,12525.7
2010-11-18,12326.65,12326.65,12322,12323.9
2010-11-19,12080.55,12080.95,12075.8,12078
2010-11-22,12393.15,12411.3,12386.85,12411.3
2010-11-23,12169.55,12177.8,12162.8,12162.8
2010-11-24,11828.85,11855.9,11828.85,11845.55
2010-11-25,11704.2,11737,11704.2,11732.3
2010-11-26,11670.15,11679.8,11670.15,11679.8
2010-11-29,11836.8,11845.95,11830.9,11845.95
2010-11-30,11963.85,11985.15,11963.85,11985.15
2010-12-01,12307.4,12308.4,12300.85,12304.35
2010-12-02,12463,12463,12453.35,12453.35
2010-12-03,12371.75,12383.45,12370.4,12383.45
2010-12-06,12015.7,12027.95,12011.5,12022.6
2010-12-07,11729.95,11736.2,11724.95,11724.95
2010-12-08,11470.4,11472.4,11467.85,11468
2010-12-09,11148.85,11153.6,11137.35,11141.5
2010-12-10,11467.85,11473.85,11464,11473.85
2010-12-13,11512.9,11514.3,11496.25,11496.25
2010-12-14,11521.65,11524.25,11517.15,11517.15
2010-12-15,11180.4,11183.4,11178.75,11181.25
2010-12-16,11382.3,11383.5,11377.75,11383.5
2010-12-20,11237.2,11245.85,11237.2,11245.85
2010-12-21,11527.5,11528.6,11523.8,11523.8
2010-12-22,11459.75,11465.7,11459.75,11465.7
2010-12-23,11463,11465.3,11457.95,11457.95
2010-12-24,11490.15,11494.45,11489.85,11491.2
2010-12-27,11476.3,11476.3,11459.9,11459.9
2010-12-28,11432.2,11436.75,11431.3,11433.55
2010-12-29,11620.3,11626.65,11618.45,11626.65
2010-12-30,11603.35,11606.4,11595.6,11595.6
2010-12-31,11768.9,11769.3,11760.65,11768.05
2011-01-03,11835.1,11835.1,11826.95,11829.5
2011-01-04,11560.8,11564.9,11557,11559.6
2011-01-05,11308.75,11308.75,11302.25,11305.15
2011-01-06,11172.75,11172.8,11164.75,11168.75
2011-01-07,11012.3,11019.95,11008.9,11019.95
2011-01-10,10683.6,10685.6,10671.9,10681.4
2011-01-11,10901.75,10932.3,10901.75,10914
2011-01-12,11120.2,11129.25,11120.2,11129.25
2011-01-13,10746.45,10750.1,10740.1,10740.55
2011-01-14,10440.15,10448.65,10433,10443.75
2011-01-17,10480,10489.75,10476.4,10489.75
2011-01-18,10633.85,10634.4,10628.3,10633.1
2011-01-19,10634.75,10636.95,10630.3,10634.45
2011-01-20,10804.55,10804.55,10794.1,10795.1
2011-01-21,10884.05,10890.75,10882.8,10890.75
2011-01-24,11145.3,11149.15,11142.45,11142.45
2011-01-25,10877.85,10879.35,10875.1,10879.05
2011-01-27,10682.9,10690.45,10680.2,10681.75
2011-01-28,10613.65,10618.15,10607.8,10607.8
2011-01-31,10628.4,10628.4,10627,10627
2011-02-01,10466.5,10470.75,10465.15,10466.4
2011-02-02,10454.35,10474.05,10448.9,10450.35
2011-02-03,10665.1,10665.1,10655.7,10655.7
2011-02-04,10420.55,10426.75,10418.3,10424.35
2011-02-07,10396.65,10398.65,10394.1,10395.8
2011-02-08,10132.8,10156.95,10132.8,10150.6
2011-02-09,10150.9,10160.4,10150.9,10158.5
2011-02-10,10071.2,10074.7,10065.95,10071.7
2011-02-11,10440.7,10450.8,10439.05,10447.8
2011-02-14,10811.25,10811.25,10803.45,10806.75
2011-02-15,10950.4,10959.1,10950.4,10959.1
2011-02-16,10981.2,10988.85,10981.2,10988.85
2011-02-17,11127.05,11134.9,11124,11134.9
2011-02-18,10959.4,10970,10959.4,10970
2011-02-21,11051.2,11055.85,11046.05,11055.85
2011-02-22,10833.1,10844.4,10833.1,10835.1
2011-02-23,10646.05,10651.45,10640.05,10645.75
2011-02-24,10247.35,10256.45,10246.85,10246.85
2011-02-25,10483,10493.3,10481.55,10493.3
2011-02-28,10428.4,10438.1,10428.4,10437
2011-03-01,10898.15,10901.1,10890.75,10901.1
2011-03-03,10908.85,10911.1,10905.8,10908.85
2011-03-04,10985.75,10989.65,10981.4,10981.4
2011-03-07,10784.2,10794.95,10784.2,10792.65
2011-03-08,10947.95,10947.95,10940.2,10940.2
2011-03-09,10944.8,10946.45,10941.65,10941.95
2011-03-10,10851.9,10857.05,10850.45,10855.65
2011-03-11,10742.5,10742.5,10732.35,10734.25
2011-03-14,10914.45,10916.5,10912.45,10915.45
2011-03-15,10745.7,10765.55,10745.7,10750.7
2011-03-16,10964,10967.05,10962.25,10967.05
2011-03-17,10862.2,10863.3,10853.1,10853.1
2011-03-18,10701.7,10707.65,10700.3,10707.65
2011-03-21,10741.95,10743.2,10739.95,10740.6
2011-03-22,10773.75,10774.55,10770.6,10770.6
2011-03-23,10956.85,10959.5,10955.55,10959.45
2011-03-24,11071.95,11072.45,11066.4,11070.25
2011-03-25,11359.25,11364.55,11354.25,11354.25
2011-03-28,11502,11513.9,11502,11512.45
2011-03-29,11570.75,11576.65,11569.3,11576.65
2011-03-30,11792.95,11801.65,11792.95,11795.3
2011-03-31,11721.35,11723.6,11705.5,11710.45
2011-04-01,11604.1,11607.2,11603.1,11603.95
2011-04-04,11809.05,11811,11804.95,11804.95
2011-04-05,11784.2,11784.2,11771.2,11771.2
2011-04-06,11711.55,11713,11704.8,11708.65
2011-04-07,11753.2,11754.05,11750.4,11752.85
2011-04-08,11676.75,11679.15,11674.05,11679.15
2011-04-11,11581.9,11585.05,11578.85,11580.65
2011-04-13,11850.5,11855,11847.95,11849.9
2011-04-15,11735.2,11735.2,11730.45,11734.8
2011-04-18,11561.05,11561.05,11555.75,11556.15
2011-04-19,11588.35,11594.25,11585.7,11591.65
2011-04-20,11807.7,11813.7,11802.4,11806.65
2011-04-21,11886.65,11887.15,11882.85,11886.95
2011-04-25,11867.85,11867.85,11863.05,11866.4
2011-04-26,11854.5,11854.5,11846.35,11847.65
2011-04-27,11787.1,11790.85,11786.4,11788.85
2011-04-28,11671.05,11685.15,11671.05,11685.15
2011-04-29,11474.6,11474.6,11461.75,11463.3
2011-05-02,11228.85,11234.15,11225.95,11229.9
2011-05-03,10906,10918.7,10905.05,10912.75
2011-05-04,10923.2,10933,10922.15,10927.8
2011-05-05,10679.05,10680.55,10677.3,10678.85
2011-05-06,11143.75,11144.6,11127.85,11130.6
2011-05-09,11070.6,11075.15,11060.9,11060.9
2011-05-10,11009.85,11019.15,11009.85,11016.1
2011-05-11,11071.45,11071.45,11058,11058
2011-05-12,10883.4,10883.4,10873.3,10874.25
2011-05-13,11060.75,11062.35,11057,11058
2011-05-16,10908,10909.95,10905,10906.55
2011-05-17,10670.65,10672.8,10663.9,10666.1
2011-05-18,10593.1,10597.1,10586.8,10597.1
2011-05-19,10569.75,10574.15,10569.75,10573.75
2011-05-20,10656.05,10657.25,10649.95,10657.25
2011-05-23,10347.45,10350.8,10340.5,10350.05
2011-05-24,10431.3,10439.05,10430.05,10437.8
2011-05-25,10366.65,10369.6,10358.75,10358.75
2011-05-26,10471.2,10474.55,10450.7,10454.15
2011-05-27,10722,10734.1,10722,10722.45
2011-05-30,10773.85,10779.05,10773.7,10773.7
2011-05-31,11004.05,11007.95,10994.25,10994.25
2011-06-01,11038.45,11039.75,11035.25,11039.75
2011-06-02,10847.85,10851.5,10842.65,10851.5
2011-06-03,10800.3,10808,10800.3,10807.85
2011-06-06,10864.5,10873.9,10862.9,10873.9
2011-06-07,10864.35,10864.35,10857.8,10861.35
2011-06-08,10796.15,10799,10791,10791
2011-06-09,10783.85,10788.75,10783.85,10785.35
2011-06-10,10709.3,10713.95,10697.25,10709.6
2011-06-13,10721.55,10733.25,10721.55,10733.25
2011-06-14,10805.4,10812.3,10804.15,10812.3
2011-06-15,10625.25,10633.95,10622.1,10633.95
2011-06-16,10578.95,10581.85,10574.2,10580.4
2011-06-17,10585.8,10586.25,10582.1,10585.8
2011-06-20,10496.65,10504.55,10496.55,10502.15
2011-06-21,10463.95,10469.6,10460,10469.6
2011-06-22,10474.7,10474.95,10469.9,10470.7
2011-06-23,10539.9,10542.35,10539.9,10542.35
2011-06-24,10848.3,10853.1,10844.85,10853.1
2011-06-27,11050.15,11055.75,11048.3,11054.5
2011-06-28,11037.4,11041.85,11035.25,11038.75
2011-06-29,11165.95,11170.35,11163.65,11170.35
2011-06-30,11232.2,11234.95,11214.6,11214.6
2011-07-01,11269.25,11269.25,11265.1,11265.5
2011-07-04,11372.85,11386.15,11372.85,11386.15
2011-07-05,11413.45,11413.75,11409.05,11409.05
2011-07-06,11276.55,11279.3,11271.85,11271.85
2011-07-07,11422.7,11427.25,11422.7,11424.6
2011-07-08,11283.8,11287.45,11278.4,11278.4
2011-07-11,11139.85,11141.35,11135.1,11137.35
2011-07-12,10997.9,10997.9,10989.85,10990.1
2011-07-13,11151.4,11156.4,11151.25,11155.35
2011-07-14,11246.1,11247.75,11235.4,11242.4
2011-07-15,11234.55,11239.55,11230.75,11239.55
2011-07-18,11216.95,11218,11215,11215.95
2011-07-19,11301.4,11306.25,11301.4,11304.25
2011-07-20,11143.4,11147.95,11142.4,11147.2
2011-07-21,11050.7,11052.55,11049.25,11051.05
2011-07-22,11300.45,11309.45,11295.5,11305.4
2011-07-25,11392.3,11401.5,11392.3,11401.5
2011-07-26,11107.95,11109,11104.8,11106.95
2011-07-27,10999.9,11004.65,10999.1,11000.6
2011-07-28,10841.3,10853.65,10839.75,10839.75
2011-07-29,10909.85,10909.85,10902.35,10904.65
2011-08-01,10908.75,10913.3,10904.95,10905.15
2011-08-02,10747.45,10759.45,10747.45,10759.45
2011-08-03,10671.3,10686.4,10671.3,10686.4
2011-08-04,10523.05,10524.15,10515.05,10515.15
2011-08-05,10379.3,10382.5,10377.2,10379.6
2011-08-08,10241.7,10242.45,10230.95,10230.95
2011-08-09,10216.9,10221.15,10215.9,10221.15
2011-08-10,10477.75,10487.7,10473.3,10487.7
2011-08-11,10329.15,10330.95,10323.5,10330.4
2011-08-12,10172.75,10175.15,10166.6,10169.75
2011-08-16,10075,10081.65,10071.9,10078.8
2011-08-17,9974.7,9979.45,9974.7,9979.45
2011-08-18,9585.8,9586.4,9577.35,9586.4
2011-08-19,9418.7,9422.7,9417,9420.5
2011-08-22,9414.05,9418.55,9412.15,9416.45
2011-08-23,9470.35,9476.05,9469.9,9476.05
2011-08-24,9294.75,9294.75,9280.85,9280.85
2011-08-25,9208.8,9224.8,9208.8,9223.4
2011-08-26,8970.45,8975.95,8967.6,8967.6
2011-08-29,9360.15,9369.6,9359.8,9368.25
2011-08-30,9565.3,9565.3,9554.6,9556.15
2011-09-02,9581.25,9586.2,9577.15,9586.2
2011-09-05,9623.85,9630.05,9622.15,9629.75
2011-09-06,9668.65,9674.9,9668.65,9674.9
2011-09-07,9846.2,9853.45,9839.35,9849.9
2011-09-08,9927.35,9940.25,9927.35,9933.4
2011-09-09,9650.4,9655.6,9647.9,9649.75
2011-09-12,9385.15,9390.4,9382.8,9382.8
2011-09-13,9344.75,9346.6,9342.25,9343.65
2011-09-14,9493.55,9500.25,9493.55,9500.25
2011-09-15,9696.2,9708.8,9696.2,9708.8
2011-09-16,9740.8,9743.7,9732.9,9732.9
2011-09-19,9580,9583.5,9577.4,9579.1
2011-09-20,9840.4,9848.65,9840.4,9845.3
2011-09-21,9916.6,9918.15,9904,9904.55
2011-09-22,9523.15,9526.1,9519.05,9526.1
2011-09-23,9367.55,9373.15,9366.9,9366.9
2011-09-26,9372.35,9375.85,9371.45,9371.45
2011-09-27,9636.75,9645.2,9632.4,9641.3
2011-09-28,9532.05,9536.9,9525.6,9533.15
2011-09-29,9650.75,9655.95,9649.55,9655.95
2011-09-30,9458.55,9461.85,9451.65,9461.85
2011-10-03,9203.35,9214.8,9202.05,9214.8
2011-10-04,8904.3,8916.75,8904.3,8916.75
2011-10-05,8690.6,8695.7,8689.75,8695
2011-10-07,9029.3,9034.9,9029.3,9032.55
2011-10-10,9186.9,9190.35,9184,9190.35
2011-10-11,9180.3,9183.65,9176.7,9176.7
2011-10-12,9514.2,9514.2,9506.25,9508.65
2011-10-13,9577.75,9577.75,9569.6,9570.7
2011-10-14,9659.15,9659.15,9652.55,9658.5
2011-10-17,9719.55,9719.55,9707.6,9716.6
2011-10-18,9623.9,9634.55,9623.9,9634.55
2011-10-19,9854.4,9854.4,9834.5,9839.9
2011-10-20,9745.25,9746.5,9742.65,9743.85
2011-10-21,9700.6,9701.9,9695.2,9701.9
2011-10-24,9644.7,9646.5,9640.05,9644.25
2011-10-25,9561.05,9568.15,9555,9556.05
2011-10-28,9921.95,9921.95,9911.1,9911.1
2011-10-31,9993.3,9995.05,9988.55,9991.7
2011-11-01,9809.2,9809.2,9795.55,9801.4
2011-11-02,9763,9763,9759.3,9761.3
2011-11-03,9787.35,9797.45,9787.35,9795.05
2011-11-04,9839.25,9841.15,9833,9840.15
2011-11-08,9846.1,9848.15,9844.2,9844.35
2011-11-09,9571.8,9574.15,9567.6,9570.05
2011-11-11,9299.05,9306.2,9296.75,9301.45
2011-11-14,9257.35,9262.8,9254.3,9256.35
2011-11-15,9073.9,9076.3,9062.4,9062.4
2011-11-16,9135.65,9145.65,9135.65,9143.1
2011-11-17,8908.55,8910.1,8899.65,8899.65
2011-11-18,8866.95,8872.65,8865.6,8871.6
2011-11-21,8544.8,8557.8,8543.05,8557.8
2011-11-22,8608.65,8610.05,8604.85,8607.55
2011-11-23,8407.9,8414.5,8401.5,8402
2011-11-24,8470.9,8490.15,8468.95,8488.05
2011-11-25,8502.05,8502.05,8482.95,8483.55
2011-11-28,8803.2,8809.95,8800.3,8805.75
2011-11-29,8618.3,8618.3,8606.45,8607.4
2011-11-30,8586.65,8603,8586.65,8600.2
2011-12-01,8892.5,8896.3,8881.1,8881.1
2011-12-02,9194.4,9200.1,9192.05,9200.1
2011-12-05,9195.15,9202.85,9195.15,9202.15
2011-12-07,9138.6,9138.7,9133.55,9138.05
2011-12-08,8905.45,8906.65,8900.25,8900.25
2011-12-09,8828.75,8833.4,8828.75,8832
2011-12-12,8513.25,8516.3,8504.45,8507.85
2011-12-13,8635.75,8638.35,8631.75,8631.75
2011-12-14,8549.55,8551.75,8543.45,8543.45
2011-12-15,8453.75,8460.35,8453.5,8455.85
2011-12-16,8133.65,8148.05,8127.2,8133.05
2011-12-19,7896.55,7898.05,7890.95,7892
2011-12-20,7808.45,7808.45,7801.7,7803.75
2011-12-21,8233.15,8235.65,8225.2,8235.65
2011-12-22,8363.8,8366.5,8362.25,8364.95
2011-12-23,8297.4,8297.4,8293.2,8297.25
2011-12-26,8363.15,8365.45,8363.15,8364.05
2011-12-27,8277.85,8277.85,8267.85,8267.85
2011-12-28,8106.95,8108.2,8098,8101.5
2011-12-29,7990.95,7994.55,7986.75,7992.3
2011-12-30,7955.3,7956.9,7952.55,7954.75
2012-01-02,7999,8000.95,7995.65,7997.95
2012-01-03,8333.05,8333.05,8329.85,8329.95
2012-01-04,8393.55,8398.7,8392.75,8392.75
2012-01-05,8454.7,8459.2,8453.65,8459.2
2012-01-06,8498.6,8505.85,8498.6,8501.35
2012-01-07,8452.8,8452.8,8452.8,8452.8
2012-01-09,8482.2,8488.3,8482.2,8483.1
2012-01-10,8743.95,8747.55,8743.3,8747.55
2012-01-11,8856.75,8858.95,8850.05,8850.8
2012-01-12,8952.1,8964.4,8952.1,8964.4
2012-01-13,8992.8,8992.8,8975.25,8985.3
2012-01-16,8964.15,8967.95,8963.05,8963.05
2012-01-17,9051.25,9052.5,9047.3,9047.55
2012-01-18,9013.15,9017.65,8997.75,9006.6
2012-01-19,9191.1,9201.35,9191.1,9200.75
2012-01-20,9516.5,9535.35,9516.5,9526.9
2012-01-23,9513.65,9514.9,9509.05,9513.85
2012-01-24,9796.1,9796.1,9783.85,9787.2
2012-01-25,9827.9,9831.4,9825,9826.35
2012-01-27,9815.15,9815.15,9808.5,9808.5
2012-01-30,9523.75,9523.75,9516.45,9519.8
2012-01-31,9927.9,9931.15,9924.9,9931.15
2012-02-01,9958.15,9958.15,9945.15,9947.35
2012-02-02,9980.5,9981.15,9969.9,9975.5
2012-02-03,10131.65,10134.2,10126.75,10126.75
2012-02-06,10279.1,10282.95,10260.75,10267.5
2012-02-07,10332.5,10337.5,10332.3,10333.05
2012-02-08,10322.75,10322.9,10319.1,10321.5
2012-02-09,10533.25,10545.8,10533.25,10545.8
2012-02-10,10413.15,10417.6,10411.6,10414.55
2012-02-13,10458.75,10459.6,10453.75,10459.6
2012-02-14,10569.2,10572.2,10569.2,10570.35
2012-02-15,10933.6,10933.6,10920.1,10920.1
2012-02-16,10917.85,10920.25,10912.55,10916
2012-02-17,11115.7,11115.7,11099.5,11100.65
2012-02-21,11155.25,11163.75,11155.25,11160.95
2012-02-22,10744.45,10744.65,10734.05,10736.8
2012-02-23,10705.15,10708,10694.5,10694.7
2012-02-24,10507,10511.7,10498.15,10498.15
2012-02-27,10085.65,10085.9,10080.15,10080.65
2012-02-28,10475.8,10479.35,10472.75,10478.7
2012-02-29,10426.45,10429.85,10419.05,10426.25
2012-03-01,10253.05,10253.05,10233.6,10246.4
2012-03-02,10427.05,10427.05,10418.15,10419.65
2012-03-03,10450.25,10450.25,10450.25,10450.25
2012-03-05,10178.55,10182.75,10175.65,10182.75
2012-03-06,10028.05,10029.05,10020.45,10025.7
2012-03-07,10135.4,10154.45,10135.4,10154.45
2012-03-09,10522.85,10526.35,10520.85,10526.35
2012-03-12,10613.25,10618.7,10613.25,10616.05
2012-03-13,10685.25,10687.8,10683.65,10683.65
2012-03-14,10906.7,10911.5,10906.7,10911.5
2012-03-15,10589.65,10590.7,10584.25,10584.95
2012-03-16,10359.4,10360.2,10348.05,10348.05
2012-03-19,10187.55,10187.7,10183.45,10187.15
2012-03-20,10268.5,10268.5,10259.7,10263.3
2012-03-21,10561,10562.05,10550.95,10554.7
2012-03-22,10137.3,10143.9,10135.85,10136.8
2012-03-23,10330.05,10337.6,10316.9,10319.15
2012-03-26,10038.45,10046.2,10036.8,10045.85
2012-03-27,10185.05,10190.7,10173.4,10187.35
2012-03-28,9955.35,9961.5,9950.1,9950.1
2012-03-29,9952.25,9967.25,9945.75,9946.65
2012-03-30,10187.35,10190.9,10181.55,10184.1
2012-04-02,10312,10312,10307.4,10307.4
2012-04-03,10426.65,10426.65,10417.35,10423.9
2012-04-04,10361.5,10371.85,10361.5,10371.85
2012-04-09,10123.4,10124.5,10118.4,10121.45
2012-04-10,10197.85,10198.65,10193,10198.65
2012-04-11,10244.2,10245.65,10242.75,10242.75
2012-04-12,10387,10395.25,10380,10395.25
2012-04-13,10283,10286.55,10279.1,10285.9
2012-04-16,10443.2,10447.95,10441.8,10447.85
2012-04-17,10522.05,10522.45,10517.05,10519.4
2012-04-18,10480.05,10489.35,10479.9,10486.8
2012-04-19,10590.8,10594.9,10584.9,10589.45
2012-04-20,10448.5,10448.5,10441.7,10441.7
2012-04-23,10207.05,10214.3,10206.9,10212.8
2012-04-24,10217.1,10226.2,10214.5,10226.2
2012-04-25,10168.65,10173.75,10165.9,10165.9
2012-04-26,10136.7,10139.3,10130.5,10133.65
2012-04-27,10139.95,10139.95,10123.5,10123.5
2012-04-28,10212.65,10212.65,10212.65,10212.65
2012-04-30,10273.65,10274.15,10270.1,10273.35
2012-05-02,10288.9,10288.9,10278.45,10278.45
2012-05-03,10131.15,10138.65,10128.9,10138.65
2012-05-04,9778.75,9780,9772.35,9772.5
2012-05-07,9899.8,9904.25,9898.75,9902.3
2012-05-08,9529.35,9540.05,9526.65,9535.85
2012-05-09,9397.8,9403.45,9396.55,9399.1
2012-05-10,9441.1,9448.75,9435.95,9448.75
2012-05-11,9388.9,9393.2,9386.85,9390.8
2012-05-14,9236.65,9241.85,9236.55,9238.7
2012-05-15,9310.85,9312.25,9310,9312.25
2012-05-16,9168.05,9173.85,9162.4,9165.65
2012-05-17,9150.5,9151.5,9139.05,9140.95
2012-05-18,9357.6,9364.7,9356.65,9356.65
2012-05-21,9382.75,9382.75,9377.35,9377.35
2012-05-22,9268.35,9268.35,9259.45,9262.2
2012-05-23,9217.85,9219.6,9202.4,9207.55
2012-05-24,9455.65,9462.7,9455.65,9461.55
2012-05-25,9474.35,9480.15,9474.35,9475.7
2012-05-28,9714.9,9716.5,9711.95,9715.3
2012-05-29,9698.45,9703.35,9697.5,9699.75
2012-05-30,9529.45,9529.45,9520.9,9523.5
2012-05-31,9439.4,9454.4,9438.7,9454.4
2012-06-01,9259.3,9264.8,9257.15,9262.2
2012-06-04,9392.9,9396.95,9392.9,9396.5
2012-06-05,9458.7,9465.8,9458.65,9465.75
2012-06-06,9725.9,9735.95,9725.9,9734.25
2012-06-07,9957.85,9974.7,9957.4,9974.7
2012-06-08,10030.5,10030.5,10024.25,10026.65
2012-06-11,9940.9,9950.7,9940.9,9947.85
2012-06-12,10136.85,10137.65,10132,10132.9
2012-06-13,10124.45,10127.7,10123.05,10126
2012-06-14,9821.65,9823.05,9813.65,9818
2012-06-15,10050.85,10050.85,10042.4,10042.4
2012-06-18,9750.95,9754.25,9748.4,9753.25
2012-06-19,9800.75,9802.05,9793.2,9795.05
2012-06-20,9850.45,9852.8,9848.5,9850.85
2012-06-21,10036.65,10040.65,10029.05,10029.05
2012-06-22,10036.95,10040.5,10036.4,10038.4
2012-06-25,9900,9907.8,9892.8,9892.8
2012-06-26,9983.25,9991.25,9980,9991.25
2012-06-27,10014.1,10014.1,10006.35,10008.35
2012-06-28,9970.9,9971.4,9957.55,9957.55
2012-06-29,10314.75,10314.75,10295.25,10300.5
2012-07-02,10394.65,10402.1,10394.65,10401.4
2012-07-03,10462.2,10464.6,10457.25,10463.15
2012-07-04,10520.3,10522.1,10519.3,10521.4
2012-07-05,10641.5,10647.5,10638.55,10647.4
2012-07-06,10661.9,10670.85,10659.3,10670.85
2012-07-09,10602.3,10607.4,10601.95,10602
2012-07-10,10742.85,10747.4,10742.85,10747.15
2012-07-11,10717.1,10720.05,10712.75,10712.95
2012-07-12,10603.9,10603.9,10598.8,10602.35
2012-07-13,10574.6,10582,10574.6,10580.3
2012-07-16,10565.7,10574.15,10565.7,10569.95
2012-07-17,10552.65,10560.6,10552.05,10560.6
2012-07-18,10611.5,10613.1,10608.9,10608.9
2012-07-19,10617.55,10618.2,10613.5,10615.5
2012-07-20,10486.2,10494,10486.2,10486.45
2012-07-23,10275.8,10277.35,10272.6,10277.35
2012-07-24,10298.15,10309.95,10298.15,10309.95
2012-07-25,10264.4,10266.6,10264.4,10265.25
2012-07-26,10109.95,10109.95,10102.9,10108.65
2012-07-27,10162.2,10167.5,10161.75,10163.45
2012-07-30,10407.2,10408.05,10403.15,10403.65
2012-07-31,10401.05,10401.05,10386.9,10388
2012-08-01,10414.55,10416.1,10411.9,10414.45
2012-08-02,10386.75,10391.55,10382.4,10383.85
2012-08-03,10301.35,10306.7,10301.35,10304.95
2012-08-06,10453.7,10458.35,10450.8,10458.35
2012-08-07,10584.7,10584.7,10580.7,10582.5
2012-08-08,10528.7,10533.4,10528.7,10530.45
2012-08-09,10459.5,10470.6,10459.5,10469.35
2012-08-10,10379.25,10380.6,10370.65,10370.65
2012-08-13,10397.65,10397.8,10394.3,10397.7
2012-08-14,10526,10526.95,10520.1,10525
2012-08-16,10423.65,10427.15,10421.75,10425.65
2012-08-17,10418.25,10418.25,10409.45,10414.95
2012-08-21,10477.4,10483.6,10477.4,10479
2012-08-22,10476.2,10479.4,10472.6,10479.4
2012-08-23,10455.65,10458.2,10452.45,10457.55
2012-08-24,10328.55,10331.5,10319.9,10320.3
2012-08-27,10142.2,10145.25,10134.4,10140.05
2012-08-28,10039.1,10043.5,10036.65,10043.5
2012-08-29,10010.05,10014,10008.05,10011.25
2012-08-30,10102.4,10102.6,10088.9,10088.95
2012-08-31,9987.55,9994.3,9987.55,9994.3
2012-09-03,9946.45,9947.3,9941.5,9941.65
2012-09-04,10029.95,10033,10026.1,10033
2012-09-05,9827.85,9831.7,9825.05,9829.2
2012-09-06,9893.15,9900.65,9891.75,9900.65
2012-09-07,10118.75,10122.1,10116.35,10116.95
2012-09-08,10147.05,10147.05,10147.05,10147.05
2012-09-10,10054.4,10058.5,10052.5,10052.5
2012-09-11,10142.45,10142.45,10139,10139.75
2012-09-12,10187.5,10187.5,10184.5,10187.4
2012-09-13,10201.15,10205.1,10199.35,10203.55
2012-09-14,10633.2,10637.35,10631.05,10631.1
2012-09-17,10967.65,10972.15,10963.55,10972.15
2012-09-18,11052.9,11058.85,11052.9,11058.85
2012-09-20,10904.9,10904.9,10899.05,10903.95
2012-09-21,11374.6,11386.9,11372.65,11384.55
2012-09-24,11433.5,11435.4,11432.85,11435.4
2012-09-25,11424.05,11429.35,11422.35,11425.5
2012-09-26,11427.75,11429,11417.8,11423.6
2012-09-27,11412.75,11412.75,11400.1,11404.95
2012-09-28,11472.5,11476.75,11460.95,11470.95
2012-10-01,11435.65,11439.85,11431.9,11431.9
2012-10-03,11411.05,11412.7,11404.75,11406.2
2012-10-04,11643.3,11645,11640.4,11643.6
2012-10-05,11506.95,11506.95,11492.35,11493.45
2012-10-08,11370.9,11370.9,11359.45,11369.3
2012-10-09,11446.15,11448.5,11442.2,11445.35
2012-10-10,11292.05,11292.05,11284.5,11284.75
2012-10-11,11466.2,11476.95,11465.3,11476.95
2012-10-12,11375.9,11379.2,11372.1,11374.15
2012-10-15,11444.5,11448.1,11444.5,11445.4
2012-10-16,11333.95,11333.95,11330.1,11333.8
2012-10-17,11356.1,11357.05,11351.9,11352.85
2012-10-18,11580.45,11586.6,11580.45,11581.75
2012-10-19,11488.1,11488.1,11481.5,11485.95
2012-10-22,11609.4,11610.45,11606,11608.2
2012-10-23,11572.95,11582.2,11571.35,11582.2
2012-10-25,11626.3,11643.4,11626.3,11640.05
2012-10-26,11507.35,11516,11503.9,11516
2012-10-29,11464.35,11473.05,11461.9,11473.05
2012-10-30,11174.75,11183.15,11174.75,11183.15
2012-10-31,11246.5,11251.8,11243.95,11250.2
2012-11-01,11300.2,11306.25,11299.2,11306.25
2012-11-02,11466.7,11473.65,11465.05,11465.05
2012-11-05,11475.75,11480.7,11474.6,11475.2
2012-11-06,11557.8,11568.45,11557.2,11560.05
2012-11-07,11656.4,11663.4,11655.25,11658.7
2012-11-08,11621,11625.55,11618.9,11618.9
2012-11-09,11472.7,11485.8,11470.6,11485.8
2012-11-12,11602.75,11608.8,11602.6,11608.8
2012-11-15,11522.85,11530.25,11522.5,11523.65
2012-11-16,11319,11331.5,11319,11328.05
2012-11-19,11316.9,11317.35,11311.95,11316.85
2012-11-20,11329.45,11332.75,11328.15,11328.4
2012-11-21,11473.85,11473.85,11463.95,11463.95
2012-11-22,11502.05,11510.1,11502.05,11510.1
2012-11-23,11474.35,11474.35,11465.25,11468.3
2012-11-26,11419.85,11419.85,11414,11418.6
2012-11-27,11653.7,11659.35,11652.8,11659.35
2012-11-29,12024.85,12035.4,12024.85,12027.05
2012-11-30,12155,12156.55,12152.2,12153.1
2012-12-03,12103.55,12103.55,12095.4,12099.75
2012-12-04,12186.65,12187.95,12176.35,12182.1
2012-12-05,12292.25,12292.25,12286.4,12289.2
2012-12-06,12476.1,12480.6,12474.35,12479.8
2012-12-07,12340.6,12345,12337.05,12337.05
2012-12-10,12385.5,12385.5,12371.7,12371.7
2012-12-11,12332.65,12335.4,12328.05,12331.3
2012-12-12,12271.35,12277.1,12271.35,12275.9
2012-12-13,12260.65,12267.95,12259.55,12265.05
2012-12-14,12440.95,12447.35,12440.95,12446.5
2012-12-17,12423.6,12425.6,12418.1,12418.1
2012-12-18,12485.05,12485.05,12475.6,12477.8
2012-12-19,12496.1,12496.1,12487.3,12487.3
2012-12-20,12471.05,12472.2,12458,12458
2012-12-21,12295,12307.65,12288.9,12307.65
2012-12-24,12325.1,12331.5,12325.1,12330.8
2012-12-26,12481.15,12481.9,12478.2,12480.25
2012-12-27,12486.4,12486.5,12481.45,12486.5
2012-12-28,12465.55,12465.55,12454.5,12457.15
2012-12-31,12470.5,12474.25,12465.4,12474.25
2013-01-01,12658.4,12661.4,12652.25,12652.25
2013-01-02,12787.25,12787.6,12779.05,12787.6
2013-01-03,12763.05,12764.6,12757,12759.75
2013-01-04,12786.5,12788,12782.1,12783.05
2013-01-07,12688.8,12691.9,12682.8,12687.6
2013-01-08,12733.7,12743.95,12733.65,12742.1
2013-01-09,12722.3,12722.8,12717.3,12721.7
2013-01-10,12794.05,12796.5,12785.7,12786.3
2013-01-11,12588,12592.65,12582.65,12585.95
2013-01-14,12769.4,12772.7,12768.6,12769.65
2013-01-15,12859.55,12864.65,12856.45,12860.6
2013-01-16,12625.7,12628.85,12622.2,12628.4
2013-01-17,12643.5,12648.05,12643.5,12645
2013-01-18,12651.75,12651.75,12647.2,12648.2
2013-01-21,12641.95,12647,12641.95,12645.25
2013-01-22,12574.5,12576.85,12571.85,12574.45
2013-01-23,12689.05,12695.95,12689.05,12695.05
2013-01-24,12565.55,12565.65,12554.6,12560.6
2013-01-25,12712.1,12717.9,12708.4,12712.5
2013-01-28,12789.65,12798.75,12789.5,12791.55
2013-01-29,12709.3,12717.95,12709.3,12716.3
2013-01-30,12751.75,12757.25,12747.6,12752.45
2013-01-31,12694.05,12702.75,12691.4,12702.75
2013-02-01,12592.45,12602.35,12592.45,12600.6
2013-02-04,12519.85,12522.35,12515.35,12520
2013-02-05,12466.6,12468.75,12464.3,12468.35
2013-02-06,12409.15,12416.3,12409.05,12416.3
2013-02-07,12353.45,12354.4,12351.1,12352
2013-02-08,12275.8,12278.7,12270.05,12272.55
2013-02-11,12328.9,12338.3,12328.9,12332.6
2013-02-12,12405.65,12413.7,12405.65,12413.25
2013-02-13,12377.35,12383,12376.85,12380.35
2013-02-14,12293.85,12296.1,12287.85,12296.1
2013-02-15,12312.45,12317.05,12312.05,12317.05
2013-02-18,12345.85,12349.95,12344.2,12344.2
2013-02-19,12411.7,12415.35,12411.7,12415.35
2013-02-20,12358.75,12359.9,12354.25,12355.75
2013-02-21,12040.3,12044.1,12038.35,12043.3
2013-02-22,12068.6,12080.2,12068.6,12077.5
2013-02-25,12025.5,12025.5,12021.15,12023.2
2013-02-26,11838.7,11845.9,11837.95,11839.9
2013-02-27,11920.65,11924.45,11917.15,11924.45
2013-02-28,11535.8,11563.95,11521.8,11563.95
2013-03-01,11525.05,11534.8,11517.35,11529.95
2013-03-04,11590.3,11595.3,11586.05,11586.05
2013-03-05,11779.25,11780.25,11775.65,11778.65
2013-03-06,11885.15,11886.35,11877.95,11883.65
2013-03-07,11976.4,11984.7,11976.4,11978.95
2013-03-08,12190.95,12193.3,12185.85,12186.45
2013-03-11,12133.45,12138.75,12130.25,12136.45
2013-03-12,12020.2,12029.3,12020.2,12025.75
2013-03-13,11757.8,11759.3,11754.3,11754.3
2013-03-14,12027.05,12029,12024.55,12024.85
2013-03-15,11824.15,11830.7,11823.2,11830.1
2013-03-18,11719.25,11722.4,11712.75,11722.4
2013-03-19,11505.85,11512.65,11505.85,11508.7
2013-03-20,11270.85,11276.9,11270.25,11270.7
2013-03-21,11229.7,11232.85,11227.35,11232.1
2013-03-22,11186.45,11187.85,11179.85,11180.85
2013-03-25,11148,11151.7,11144.15,11151.7
2013-03-26,11164.3,11169.05,11159.4,11169.05
2013-03-28,11394.85,11413.25,11394.85,11401.7
2013-04-01,11411.15,11419,11410.65,11415
2013-04-02,11519.25,11521.5,11514.1,11514.1
2013-04-03,11315.5,11315.5,11307.6,11307.6
2013-04-04,11118.65,11121.25,11114.15,11119
2013-04-05,11097.55,11098.6,11092.2,11092.2
2013-04-08,11016.05,11019.75,11015.75,11017.5
2013-04-09,10903.6,10904.2,10897.15,10899.1
2013-04-10,11126,11126,11106,11114.9
2013-04-11,11303.15,11311.65,11303.15,11310.5
2013-04-12,11387.85,11394.7,11387.05,11394.7
2013-04-15,11504.45,11514.5,11498.75,11511.3
2013-04-16,11865.9,11871.05,11863.65,11868.65
2013-04-17,11982.65,11987.05,11972.4,11978.6
2013-04-18,12267.8,12283.2,12267.8,12280.35
2013-04-22,12631.9,12637.95,12627.3,12636.05
2013-04-23,12535.95,12544.1,12535.95,12541.85
2013-04-25,12689.15,12708.55,12680.25,12687.3
2013-04-26,12531.8,12534.7,12527.6,12529.5
2013-04-29,12588.1,12589.6,12571.85,12571.85
2013-04-30,12555.75,12558.95,12548.5,12551.95
2013-05-02,12711.25,12712.7,12699.6,12704.95
2013-05-03,12387.25,12387.35,12383.1,12383.1
2013-05-06,12429.05,12436,12428.15,12430.65
2013-05-07,12633.05,12635.65,12627,12634.75
2013-05-08,12660.1,12673.2,12660.1,12669.95
2013-05-09,12616.3,12617.55,12612.05,12617.15
2013-05-10,12746.55,12754.7,12745.25,12754.7
2013-05-11,12780.15,12780.15,12780.15,12780.15
2013-05-13,12558.05,12562.9,12552.65,12556.7
2013-05-14,12572.45,12587.2,12572.45,12587.2
2013-05-15,13079,13089.6,13079,13086.95
2013-05-16,13232.7,13236,13229.25,13230
2013-05-17,13288.2,13297.25,13284.05,13290.55
2013-05-20,13194.7,13197.65,13190.65,13197.65
2013-05-21,13055.6,13055.9,13052.25,13052.7
2013-05-22,13038.05,13042.45,13037.1,13041.6
2013-05-23,12656.6,12661.3,12652.2,12653.8
2013-05-24,12787,12787.55,12781.2,12781.2
2013-05-27,12930.7,12938.35,12930.7,12931.65
2013-05-28,12946.4,12953.55,12946.15,12953.55
2013-05-29,12839.55,12842.95,12837.6,12841.1
2013-05-30,12779.25,12781.25,12756.2,12756.2
2013-05-31,12459.75,12464.95,12453.8,12458.55
2013-06-03,12390.75,12397.5,12388.85,12388.85
2013-06-04,12272.65,12277.85,12264.85,12277.85
2013-06-05,12291.95,12305.6,12291.95,12305.6
2013-06-06,12399.3,12401.1,12396.25,12400.9
2013-06-07,12232.95,12234.5,12227.05,12227.05
2013-06-10,12119.75,12124.2,12117.95,12117.95
2013-06-11,11812,11813.1,11807.45,11810.05
2013-06-12,11831.05,11831.05,11825.75,11830
2013-06-13,11682.2,11684.95,11674.95,11678.9
2013-06-14,11913.2,11913.2,11900.1,11900.1
2013-06-17,11988.1,11992.95,11988.1,11991.2
2013-06-18,11831.7,11834.9,11829.3,11834.8
2013-06-19,11858.3,11859.7,11856.15,11859.7
2013-06-20,11357.75,11358.4,11347.55,11347.55
2013-06-21,11346.3,11346.3,11332.9,11338.9
2013-06-24,11202.85,11202.85,11192.5,11193.8
2013-06-25,11159.05,11164,11157.4,11159.85
2013-06-26,11035.9,11041.9,11035.9,11036.75
2013-06-27,11237.75,11245,11237.75,11244.85
2013-06-28,11602.25,11609.8,11599.65,11599.65
2013-07-01,11729.6,11732.95,11727,11727
2013-07-02,11631.6,11633.6,11629.75,11632.5
2013-07-03,11374,11374.4,11370.05,11371.95
2013-07-04,11389.4,11397.95,11389.4,11397.95
2013-07-05,11431.8,11435.5,11430.65,11435.5
2013-07-08,11286.75,11292.9,11286.75,11292
2013-07-09,11449.25,11458.3,11449.25,11455.1
2013-07-10,11325.15,11325.15,11317.2,11322
2013-07-11,11639.85,11645.95,11639.5,11645.95
2013-07-12,11730.65,11743.2,11730.65,11743.2
2013-07-15,11799.1,11809.4,11797.9,11802.4
2013-07-16,11210.5,11218.95,11210.5,11212.55
2013-07-17,10993.65,10996.7,10988.6,10988.6
2013-07-18,11177,11199.9,11173.45,11195.6
2013-07-19,10969.1,10977.2,10966.35,10977.2
2013-07-22,11088.15,11088.15,11082.65,11087.05
2013-07-23,11232.3,11241.6,11232.3,11235.65
2013-07-24,10721.1,10729.95,10714.35,10725.25
2013-07-25,10613.1,10621.8,10608.2,10616.5
2013-07-26,10475.6,10494.55,10473.75,10494.55
2013-07-29,10331.25,10332.75,10327.85,10329
2013-07-30,10214.25,10214.25,10206.35,10206.35
2013-07-31,10000.05,10002.5,9982.05,9982.05
2013-08-01,10157.1,10165.95,10156,10156.7
2013-08-02,9980.2,9983,9973.2,9973.2
2013-08-05,10090.4,10091.75,10083.85,10091.75
2013-08-06,9686.8,9686.8,9671.95,9674.1
2013-08-07,9732.3,9732.3,9728.1,9728.1
2013-08-08,9801.05,9802.1,9793.65,9793.75
2013-08-12,9676,9678.5,9672.05,9678.5
2013-08-13,9990.25,9998.15,9990.25,9996.2
2013-08-14,10017,10020.75,10012.8,10013.25
2013-08-16,9456.75,9474.85,9453.1,9457
2013-08-19,9101.25,9104.45,9098.3,9104.45
2013-08-20,9167.5,9175.65,9162.4,9170.15
2013-08-21,9340.8,9340.85,9328.7,9337.2
2013-08-22,9278.05,9279.15,9275.2,9279
2013-08-23,9438.65,9449.75,9438.65,9449.75
2013-08-26,9367.45,9367.45,9359.85,9362.3
2013-08-27,8872.4,8873.5,8867.35,8871.3
2013-08-28,8731.85,8737.2,8725.9,8731.35
2013-08-29,8898.65,8899.9,8894.85,8898.15
2013-08-30,9060.6,9076.25,9057.55,9066.95
2013-09-02,9139.75,9143.55,9136.05,9143.55
2013-09-03,8638.2,8640.25,8632.05,8632.05
2013-09-04,8860.05,8860.95,8851.85,8853.95
2013-09-05,9678.7,9682.8,9672.7,9672.7
2013-09-06,9956.05,9958.65,9938.45,9958.2
2013-09-10,10156.7,10163.7,10149.9,10157.85
2013-09-11,10341.9,10347.65,10341.9,10346.85
2013-09-12,10168.1,10173.05,10165.45,10167.6
2013-09-13,10161.6,10161.6,10156.75,10159.85
2013-09-16,10376.15,10376.15,10366.65,10369.6
2013-09-17,10288.95,10291.55,10287.4,10291.55
2013-09-18,10474.5,10481.3,10469.4,10481.3
2013-09-19,11159.95,11159.95,11145.9,11153.45
2013-09-20,10721.9,10721.9,10693.9,10693.9
2013-09-23,10200.95,10200.95,10186.3,10188.25
2013-09-24,10176.3,10176.3,10168.3,10171.6
2013-09-25,10091.35,10092.9,10084.5,10092.9
2013-09-26,10054.65,10057.8,10051.2,10056.45
2013-09-27,9890.65,9901.5,9888.85,9898.3
2013-09-30,9602.85,9607.55,9602.25,9606.55
2013-10-01,9904.4,9912.95,9904.4,9912.95
2013-10-03,10208.6,10213.35,10208.6,10213.35
2013-10-04,10198.65,10206.25,10197.45,10206.25
2013-10-07,10087.4,10090.5,10083.8,10084.2
2013-10-08,10105.65,10107.2,10090.6,10096.3
2013-10-09,10347.9,10360.35,10347.9,10352.3
2013-10-10,10316.6,10319.35,10314.75,10317.9
2013-10-11,10618.55,10624.45,10615.3,10624.45
2013-10-14,10660.2,10665,10658.8,10665
2013-10-15,10339.65,10352.3,10339.1,10349.25
2013-10-17,10322.4,10324.55,10320.45,10320.45
2013-10-18,10743.45,10747,10740.05,10740.05
2013-10-21,10796.65,10796.65,10780.5,10792.6
2013-10-22,10801.65,10804.8,10800.95,10801.9
2013-10-23,10869.05,10870.85,10865.1,10868.15
2013-10-24,10888.7,10896.5,10888.4,10896.5
2013-10-25,10878.8,10881.1,10872.75,10872.75
2013-10-28,10768.7,10777.2,10768.7,10771.8
2013-10-29,11253.75,11268.2,11253.75,11258.65
2013-10-30,11240.05,11246.2,11235.45,11246.2
2013-10-31,11481.55,11489.6,11480.45,11489.6
2013-11-01,11612.25,11613.45,11599.45,11599.45
2013-11-05,11465.65,11468.45,11462.1,11462.1
2013-11-06,11295.1,11297,11288.9,11296.1
2013-11-07,11040.7,11043.05,11037.4,11043.05
2013-11-08,10877.4,10877.9,10867.25,10873.65
2013-11-11,10760.15,10765.95,10756.95,10763.3
2013-11-12,10547.2,10554.45,10543.15,10551.65
2013-11-13,10551.85,10554.6,10547.1,10547.1
2013-11-14,10812.7,10817.45,10810.35,10817.45
2013-11-18,11135.6,11144.2,11135.6,11137.8
2013-11-19,11180.95,11182.3,11178.45,11182.05
2013-11-20,10910.45,10910.45,10905.55,10907.55
2013-11-21,10737.5,10747.35,10737.5,10747.35
2013-11-22,10725.95,10725.95,10718,10719.5
2013-11-25,11076.15,11080.95,11074.25,11076.55
2013-11-26,10926.9,10931.45,10920.8,10929.65
2013-11-27,10898.5,10901.5,10894.75,10900.4
2013-11-28,10959.45,10960.95,10952.65,10960.75
2013-11-29,11170.6,11175.45,11166.25,11166.25
2013-12-02,11279.45,11280.35,11272.4,11272.4
2013-12-03,11225.85,11229.35,11221.4,11221.4
2013-12-04,11189.65,11194.8,11187,11194.8
2013-12-05,11654.2,11660.95,11654.2,11660.15
2013-12-06,11757.75,11770.65,11757.75,11770.65
2013-12-09,12018.25,12018.25,12007.3,12007.3
2013-12-10,11844.5,11846.8,11839.15,11840.65
2013-12-11,11874.8,11877.75,11865.4,11867.2
2013-12-12,11632.1,11634.15,11627.45,11630.55
2013-12-13,11356.95,11358.8,11354.65,11355.3
2013-12-16,11369.6,11371,11362.15,11365.45
2013-12-17,11190.9,11190.9,11178,11183.05
2013-12-18,11396.35,11404.05,11395.2,11401.95
2013-12-19,11083.1,11087.3,11080.7,11087
2013-12-20,11300.8,11302.3,11294.25,11294.25
2013-12-23,11370.85,11373.45,11365.25,11370.35
2013-12-24,11329.65,11333.65,11326.3,11326.3
2013-12-26,11394.7,11400.15,11391.7,11398.7
2013-12-27,11449.05,11449.25,11444.2,11446
2013-12-30,11374,11374,11370.1,11372.4
2013-12-31,11387.3,11393.15,11387.3,11391.4
2014-01-01,11409.5,11425.5,11409.5,11423.85
2014-01-02,11165.4,11170.25,11163.2,11164.35
2014-01-03,11199.35,11208,11199.35,11203.95
2014-01-06,11052.05,11055.05,11044.4,11051.4
2014-01-07,11038,11038.95,11035.6,11036.1
2014-01-08,11056.3,11061.15,11053.6,11053.6
2014-01-09,10975.7,10982.1,10970.8,10981.4
2014-01-10,10808.35,10822.6,10805.1,10821.05
2014-01-13,11060.1,11070.2,11056.95,11069.6
2014-01-14,10957.75,10962.05,10955.05,10956.8
2014-01-15,11121.85,11121.85,11115.5,11121.75
2014-01-16,11080.1,11084.65,11075.75,11084.55
2014-01-17,10931.9,10946.65,10931.9,10945
2014-01-20,11016.55,11016.55,11009.75,11012.15
2014-01-21,11188.4,11190.1,11183.7,11183.7
2014-01-22,11177.7,11178.6,11173.15,11176.65
2014-01-23,11202.2,11203.2,11195.85,11195.85
2014-01-24,10982.45,10983.05,10973.4,10975.75
2014-01-27,10567.3,10578.1,10562,10572.7
2014-01-28,10519.05,10524.5,10519.05,10524.1
2014-01-29,10453.5,10453.5,10447.25,10451.2
2014-01-30,10163.55,10177.25,10163.55,10175.65
2014-01-31,10251.75,10251.75,10246,10246
2014-02-03,10101.1,10101.1,10095,10095
2014-02-04,10200.15,10212.25,10200.15,10211.85
2014-02-05,10236.8,10237.8,10228.95,10230.15
2014-02-06,10214.15,10218.35,10209.35,10209.35
2014-02-07,10274.9,10275.55,10261.45,10261.45
2014-02-10,10189.85,10200.8,10187.8,10200.6
2014-02-11,10241,10245.65,10240.2,10245.45
2014-02-12,10338.6,10339.8,10330.85,10339.8
2014-02-13,10116.25,10118.2,10113.8,10113.8
2014-02-14,10203.7,10218.8,10203.7,10215.8
2014-02-17,10353.05,10358,10347,10347
2014-02-18,10547.85,10553.4,10540.2,10553.4
2014-02-19,10618.1,10620.45,10616.7,10616.9
2014-02-20,10430.4,10430.4,10426.15,10426.45
2014-02-21,10535.45,10535.45,10530.25,10533.25
2014-02-24,10686.8,10691.05,10682.35,10691.05
2014-02-25,10648.8,10651.45,10646.85,10651
2014-02-26,10728.2,10728.2,10718.6,10721.2
2014-02-28,10765.45,10765.45,10750.05,10754.15
2014-03-03,10644.8,10644.8,10637.65,10637.65
2014-03-04,10925.2,10928.4,10923.25,10926.1
2014-03-05,11080.7,11083,11076.85,11077.95
2014-03-06,11264.75,11266.3,11256.05,11258.3
2014-03-07,11886.6,11904.15,11885.55,11904.15
2014-03-10,12111.6,12113.75,12104.55,12107.6
2014-03-11,12072.6,12083.1,12072.6,12076.65
2014-03-12,12036.35,12040.8,12034.45,12040.8
2014-03-13,12142.05,12142.05,12131.75,12134.85
2014-03-14,12054.85,12060.2,12054.85,12060.2
2014-03-18,12097.5,12100.95,12095.65,12098.2
2014-03-19,12190.3,12190.3,12181.7,12182.1
2014-03-20,12026.6,12029.15,12020,12021.1
2014-03-21,12083.25,12085.3,12081.1,12081.1
2014-03-22,12075.8,12075.8,12075.8,12075.8
2014-03-24,12421.55,12421.55,12416.35,12416.4
2014-03-25,12449.55,12451.25,12447.2,12450.8
2014-03-26,12512.95,12515.5,12512.5,12515.5
2014-03-27,12611.35,12611.35,12599.8,12606.85
2014-03-28,12778.65,12787.5,12778.65,12785.45
2014-03-31,12735.45,12735.45,12722.65,12728.15
2014-04-01,12590.05,12593.45,12584.25,12593.45
2014-04-02,12731.8,12740.15,12731.8,12739.9
2014-04-03,12570.2,12570.2,12554.7,12554.7
2014-04-04,12568.6,12569.9,12563.2,12563.2
2014-04-07,12488.8,12489.65,12484.95,12488.7
2014-04-09,12939.9,12942,12925.7,12925.7
2014-04-10,12899.15,12899.15,12884.25,12884.25
2014-04-11,12830.55,12834.6,12826.4,12834.6
2014-04-15,12571.4,12573.85,12562.15,12569.8
2014-04-16,12560.7,12561.9,12558.35,12560.2
2014-04-17,12789.85,12790.55,12784.15,12787.85
2014-04-21,12949.75,12949.75,12945.15,12946.8
2014-04-22,12996.25,13003.25,12993.05,12993.05
2014-04-23,13175.65,13176.05,13158.1,13162.15
2014-04-25,13025.2,13030.7,13022.75,13022.8
2014-04-28,13093.55,13098.85,13086.05,13091.4
2014-04-29,12913.1,12919,12913.1,12918.2
2014-04-30,12908.1,12908.1,12900.6,12900.9
2014-05-02,12840.2,12847.3,12838.4,12840
2014-05-05,12879.35,12881.2,12874.9,12879.9
2014-05-06,12982.5,12982.5,12976.7,12980.2
2014-05-07,12942.75,12943.15,12933.6,12933.6
2014-05-08,13031.3,13037.05,13027,13027
2014-05-09,13789.1,13798.85,13777.65,13798.15
2014-05-12,14094.55,14096.45,14090.2,14094.35
2014-05-13,14143.6,14147.45,14136.3,14140.4
2014-05-14,14202.65,14202.9,14196.8,14196.8
2014-05-15,14205,14207.4,14194.7,14202.9
2014-05-16,14868.85,14869.4,14855.05,14864.65
2014-05-19,15203.15,15209.9,15197.2,15208.15
2014-05-20,15107.2,15109.05,15093.1,15093.1
2014-05-21,14929.7,14939.4,14929.7,14939.4
2014-05-22,15038.75,15043.8,15032.7,15032.7
2014-05-23,15311.9,15319.3,15308.15,15319.3
2014-05-26,15149.1,15155.5,15138.05,15155.5
2014-05-27,15050.9,15055.1,15047.05,15053.4
2014-05-28,15197.3,15198.35,15190.1,15192.25
2014-05-29,15045.4,15049.4,15043.5,15049.2
2014-05-30,14733.4,14740,14723.25,14740
2014-06-02,15261.5,15272.75,15259.25,15267.2
2014-06-03,15252.35,15252.35,15244.8,15247.3
2014-06-04,15332.7,15349.6,15332.7,15345.65
2014-06-05,15283,15284.55,15270.25,15279.8
2014-06-06,15534.4,15544.6,15530.4,15530.4
2014-06-09,15532.5,15534.45,15527.75,15529.3
2014-06-10,15413.3,15420.9,15410.95,15417.1
2014-06-11,15394.4,15406.2,15394.4,15406.2
2014-06-12,15486.15,15490.65,15475.75,15475.75
2014-06-13,15096.6,15096.6,15088.55,15090.95
2014-06-16,15027.45,15027.45,15018.3,15018.3
2014-06-17,15389.35,15393.75,15385.4,15390.3
2014-06-18,15191.85,15199.4,15189.85,15189.85
2014-06-19,15067.4,15078.2,15066.6,15077.7
2014-06-20,15017.65,15022.2,15015.45,15022.2
2014-06-23,15084,15091.25,15076.25,15091.25
2014-06-24,15321.2,15321.2,15306.75,15307
2014-06-25,15231.85,15231.85,15223.45,15229.8
2014-06-26,15064.2,15073.85,15057.3,15073.85
2014-06-27,15009.9,15016.6,15008.25,15011.2
2014-06-30,15216.25,15222.5,15216.25,15222.5
2014-07-01,15328.4,15334.45,15326.4,15334.45
2014-07-02,15484.7,15487.6,15482.4,15486.4
2014-07-03,15454.7,15463.4,15454.1,15458
2014-07-04,15544.65,15548.35,15540.75,15544.35
2014-07-07,15359.75,15362.55,15355.9,15355.9
2014-07-08,14894.1,14923.65,14889.35,14923.65
2014-07-09,14910.45,14923.1,14910.45,14922.45
2014-07-10,14748.55,14753.65,14744.55,14744.55
2014-07-11,14449.7,14454.9,14447.95,14451.65
2014-07-14,14501,14502.9,14496.7,14501.6
2014-07-15,14872.4,14877.25,14871.5,14871.5
2014-07-16,15299.8,15299.8,15277.6,15291.35
2014-07-17,15270.8,15276.35,15257.35,15272.65
2014-07-18,15372.2,15393.55,15370.7,15376.3
2014-07-21,15363.9,15377.05,15363.9,15364.9
2014-07-22,15439.8,15447.1,15435.1,15447.1
2014-07-23,15465.85,15470.35,15464.45,15470
2014-07-24,15520.7,15523.85,15515.8,15523.55
2014-07-25,15321.85,15328.25,15317.05,15321.4
2014-07-28,15226.85,15232.4,15224.5,15228.7
2014-07-30,15456.1,15457.5,15445.5,15450.7
2014-07-31,15237.25,15249.5,15233,15249.5
2014-08-01,15143.5,15147.1,15136.75,15138.4
2014-08-04,15249.8,15251.1,15246.05,15247.2
2014-08-05,15291.4,15298.6,15289.95,15298.6
2014-08-06,15009.85,15015.4,15008.9,15015.4
2014-08-07,14996.7,14998.2,14994.65,14998.2
2014-08-08,14750.9,14767.55,14750.9,14761.5
2014-08-11,14835.5,14842.1,14833.35,14833.35
2014-08-12,15071.5,15074.85,15067.8,15072.85
2014-08-13,14895.35,14898.35,14891,14891
2014-08-14,15081.8,15084.8,15077.4,15077.4
2014-08-18,15458.3,15465.05,15450.5,15450.5
2014-08-19,15511.7,15519.6,15510.7,15517.2
2014-08-20,15462.8,15462.8,15458,15460
2014-08-21,15679.1,15680.45,15673.2,15673.2
2014-08-22,15818.8,15830.9,15815.55,15830.9
2014-08-25,15689.6,15701.5,15687.35,15688.6
2014-08-26,15644.35,15650.45,15640.3,15650.45
2014-08-27,15730.6,15740.5,15730.6,15736.7
2014-08-28,15721.45,15721.45,15704.55,15714.3
2014-09-01,16044.4,16060.2,16044.4,16060.2
2014-09-02,16124.95,16134.1,16118.6,16125.4
2014-09-03,16107.9,16113.8,16107.9,16113.8
2014-09-04,16030.35,16034.2,16028.75,16034.2
2014-09-05,15978.85,15983.75,15976,15980.05
2014-09-08,16197.2,16197.45,16190.1,16190.1
2014-09-09,16147.1,16158.45,16144.05,16154.2
2014-09-10,16178.75,16190.5,16178.55,16180.6
2014-09-11,16194.8,16198.9,16194.6,16195.8
2014-09-12,16268.65,16278.65,16268.65,16276.85
2014-09-15,16149.65,16151.45,16143.25,16143.25
2014-09-16,15817,15819.6,15814.65,15819.05
2014-09-17,15824.35,15825.75,15817.25,15822.05
2014-09-18,16142.15,16142.25,16134.35,16136.55
2014-09-19,16135.65,16144.55,16132.25,16132.35
2014-09-22,16156.05,16161.15,16152.9,16161.15
2014-09-23,15910.1,15912.95,15906.1,15907.15
2014-09-24,15719.3,15721.7,15719.25,15721.25
2014-09-25,15389.9,15389.9,15365.6,15370.9
2014-09-26,15617.1,15627.6,15617.1,15622.2
2014-09-29,15483.75,15492.2,15481.65,15481.65
2014-09-30,15370.2,15379.1,15359.35,15369
2014-10-01,15285.35,15291.3,15280.7,15291.3
2014-10-07,15170.9,15170.9,15157.7,15157.7
2014-10-08,15365.65,15371.8,15355.8,15355.8
2014-10-09,15718.45,15721.1,15715.45,15716.15
2014-10-10,15454.6,15463.95,15454,15463.95
2014-10-13,15670.85,15671.5,15656.35,15656.35
2014-10-14,15752,15760.4,15750.85,15755.65
2014-10-16,15509.35,15509.35,15503.4,15507.95
2014-10-17,15953.7,15958.25,15944.05,15956.55
2014-10-20,16224.7,16232.65,16224.7,16227.25
2014-10-21,16436.25,16442.9,16431,16441.2
2014-10-22,16443.95,16447.6,16440.45,16447.6
2014-10-27,16546.7,16554.05,16542.65,16552.8
2014-10-28,16669.2,16672.75,16667.7,16670.55
2014-10-29,16636.35,16645.2,16636.35,16645.2
2014-10-30,16755.75,16758,16744.6,16744.6
2014-10-31,17036.2,17041.15,17034.4,17040.05
2014-11-03,17118.3,17129.35,17118.25,17124.8
2014-11-05,17370.2,17377,17365.65,17371.6
2014-11-07,17366.1,17374.55,17366.1,17372.15
2014-11-10,17280.45,17283.8,17278.95,17278.95
2014-11-11,17427.9,17434.15,17427.8,17429.5
2014-11-12,17571.9,17581.4,17570.1,17581.4
2014-11-13,17431.25,17432.4,17425.65,17431.1
2014-11-14,17576.7,17579.6,17573.95,17575.55
2014-11-17,17613.85,17620.2,17610.1,17610.1
2014-11-18,17706.05,17707.05,17697.9,17697.9
2014-11-19,17584.35,17587.3,17580,17586.85
2014-11-20,17648.75,17661.5,17647.65,17651.5
2014-11-21,18068.15,18070.5,18059.7,18068.5
2014-11-24,18279.8,18287.05,18277.75,18287.05
2014-11-25,18028.1,18042.55,18028.1,18040.65
2014-11-26,17964.6,17965.55,17961.95,17965.55
2014-11-27,18036.4,18042.75,18034.5,18039.25
2014-11-28,18516.45,18527.75,18513.9,18527.4
2014-12-01,18519.25,18521.55,18513.85,18521.55
2014-12-02,18542.45,18546.85,18540.25,18546.85
2014-12-03,18631.1,18641,18631.1,18639.75
2014-12-04,18771.45,18780.55,18771.35,18773.6
2014-12-05,18709.05,18713.9,18706.7,18707.65
2014-12-08,18515.55,18519.1,18506.55,18513.3
2014-12-09,18305.2,18312.9,18301.6,18308
2014-12-10,18473.05,18485.05,18473.05,18484.8
2014-12-11,18398.3,18399.4,18386.45,18399.4
2014-12-12,18296.9,18301.75,18294.75,18301.15
2014-12-15,18385.65,18410.65,18385.65,18410.65
2014-12-16,17833.45,17837.95,17827.5,17837.95
2014-12-17,17880.8,17882.4,17870.1,17870.1
2014-12-18,18348.95,18356.3,18348.7,18353.65
2014-12-19,18476.75,18497.35,18476.75,18482.75
2014-12-22,18787.55,18801.15,18787.55,18799.5
2014-12-23,18588.2,18596,18585.9,18595.25
2014-12-24,18569.75,18582.7,18552.65,18582.7
2014-12-26,18552.85,18554,18547.65,18550.15
2014-12-29,18515.35,18515.35,18501.05,18514.8
2014-12-30,18670.8,18670.8,18655.6,18661.25
2014-12-31,18711.8,18722.85,18711.8,18718.45
2015-01-01,18761.25,18764.4,18759.75,18759.75
2015-01-02,19088.5,19097.05,19084.2,19097.05
2015-01-05,19016.35,19019.9,19009,19019.9
2015-01-06,18407.85,18408.45,18396.45,18396.45
2015-01-07,18359.8,18369.3,18359.8,18369.3
2015-01-08,18691.75,18697.4,18686.5,18694.2
2015-01-09,18588.9,18598.05,18587.15,18598.05
2015-01-12,18809.35,18809.35,18803.9,18808.75
2015-01-13,18721.4,18728.7,18717.7,18724.75
2015-01-14,18633.75,18638.25,18631.3,18636.85
2015-01-15,19147.9,19147.9,19134.65,19134.65
2015-01-16,19208.6,19214.7,19208.6,19208.65
2015-01-19,19409,19409,19401.45,19401.45
2015-01-20,19776.9,19782.15,19761.1,19761.1
2015-01-21,19822.15,19832.5,19817.75,19819.9
2015-01-22,19932.2,19935.4,19926.2,19931.65
2015-01-23,20059.7,20064.8,20051.8,20051.8
2015-01-27,20541.7,20564.1,20541.7,20544.25
2015-01-28,20458.7,20468.1,20456.4,20468.1
2015-01-29,20519.2,20528.6,20512.8,20512.8
2015-01-30,19854.1,19854.8,19835.65,19835.65
2015-02-02,19894.45,19913.8,19894.45,19902.9
2015-02-03,19327.4,19334.45,19321.2,19329.95
2015-02-04,19124.4,19157.05,19124.4,19157.05
2015-02-05,19036.1,19056.65,19036.1,19047.85
2015-02-06,18792.3,18796.65,18787.9,18788.3
2015-02-09,18386.75,18409.9,18384.55,18409.9
2015-02-10,18792.75,18810.25,18788.1,18803.7
2015-02-11,18931.4,18947.55,18929.05,18929.05
2015-02-12,19154.55,19171.2,19154.55,19164.55
2015-02-13,19353.6,19362.15,19353.2,19353.2
2015-02-16,19150.35,19156.75,19147.45,19156.75
2015-02-18,19304.6,19311.55,19298.75,19303.9
2015-02-19,19212,19217.85,19202.25,19217.85
2015-02-20,19050.7,19054.55,19048.65,19050.3
2015-02-23,18842.85,18852.35,18841.95,18852.35
2015-02-24,18866.3,18887,18862.9,18887
2015-02-25,18728.15,18742.95,18727,18729.45
2015-02-26,18525,18539.55,18519.9,18538.35
2015-02-27,19109.45,19114.45,19102.6,19104
2015-02-28,19765.2,19776.9,19765.2,19772.1
2015-03-02,20004.95,20010.55,20004.5,20010.55
2015-03-03,19965.8,19970.9,19960.85,19962.8
2015-03-04,19596.6,19612.45,19596.6,19608.7
2015-03-05,19751.75,19766.25,19748.45,19760.25
2015-03-09,19119.55,19122.9,19112.65,19114.9
2015-03-10,19086.6,19101.45,19085.55,19096.5
2015-03-11,19062.8,19074.8,19062.8,19074.8
2015-03-12,19139.15,19143.65,19132.25,19140.6
2015-03-13,18816.25,18819.5,18813.95,18818.65
2015-03-16,18881.4,18886.05,18878.3,18882.2
2015-03-17,19090.9,19100.75,19086.4,19086.4
2015-03-18,19102.05,19115.85,19100.15,19111.2
2015-03-19,18751.4,18754.5,18741.55,18754.5
2015-03-20,18634.55,18635.7,18625.75,18635.7
2015-03-23,18442.8,18446.55,18437.1,18442.3
2015-03-24,18329.55,18332.95,18319.1,18326.6
2015-03-25,18272.35,18282.65,18272.35,18273.4
2015-03-26,17974.7,17993.75,17971.45,17980.2
2015-03-27,18066.4,18067.55,18057.65,18067
2015-03-30,18402.25,18403,18401,18401
2015-03-31,18186.45,18186.45,18165.3,18165.3
2015-04-01,18649.35,18649.35,18633.75,18633.75
2015-04-06,18589.15,18596.75,18588.85,18593.45
2015-04-07,18506.9,18507.15,18504.1,18504.1
2015-04-08,18426,18426.8,18416.5,18418.55
2015-04-09,18873.9,18873.9,18865.3,18870.45
2015-04-10,18772.8,18780.95,18772.45,18773.45
2015-04-13,18788.35,18789.6,18777.35,18789.6
2015-04-15,18659.45,18665.6,18651.8,18665.6
2015-04-16,18610.25,18613.65,18600.5,18600.75
2015-04-17,18357.8,18365.65,18355.95,18363.5
2015-04-20,18144.4,18153.85,18141.35,18153.3
2015-04-21,18185.15,18192.4,18183.45,18191.75
2015-04-22,18257,18260.45,18246.8,18246.8
2015-04-23,18219.85,18226.7,18214.5,18225
2015-04-24,18028.3,18028.3,18011.65,18013.85
2015-04-27,17774.2,17784.25,17770.2,17774.7
2015-04-28,18181.4,18193.7,18181.4,18193.6
2015-04-29,18322.7,18341.15,18321.5,18341.15
2015-04-30,18382.3,18394.25,18379.9,18389.75
2015-05-04,18511.3,18517.15,18507.65,18512.95
2015-05-05,18464.45,18470.1,18457.9,18457.9
2015-05-06,17777.35,17784.95,17773.7,17778.95
2015-05-07,17343.5,17349.2,17335.6,17335.6
2015-05-08,17762.4,17782.9,17762.25,17782.9
2015-05-11,18187.8,18193.35,18179.6,18193.35
2015-05-12,17626.05,17632.75,17618.95,17618.95
2015-05-13,18113.75,18118.1,18111.2,18114.65
2015-05-14,18132.1,18132.4,18125.3,18126.5
2015-05-15,18169.9,18174.85,18167.3,18172.4
2015-05-18,18412.85,18421.5,18412.85,18415.05
2015-05-19,18369.85,18381.85,18367.65,18367.65
2015-05-20,18524.55,18530.85,18522.95,18524.3
2015-05-21,18534.35,18539.9,18531.35,18535
2015-05-22,18400.9,18403.15,18392.25,18399.7
2015-05-25,18324.05,18328.2,18323.85,18328.2
2015-05-26,18370.4,18373.35,18362.85,18362.85
2015-05-27,18555.35,18558.95,18541.9,18544.15
2015-05-28,18464.7,18484.1,18464.7,18477.65
2015-05-29,18732.15,18732.15,18711.9,18720.95
2015-06-01,18607.95,18613.9,18602,18611.65
2015-06-02,17939.65,17953.45,17935.1,17953.45
2015-06-03,17795.15,17797.1,17782.4,17783.75
2015-06-04,17704.5,17717.6,17703.05,17715.05
2015-06-05,17527.15,17527.4,17515.55,17523
2015-06-08,17398.8,17408.8,17396.15,17406.85
2015-06-09,17471.4,17478.15,17464,17472.7
2015-06-10,17708.1,17708.1,17699.65,17699.65
2015-06-11,17272.55,17275.9,17264.2,17275.9
2015-06-12,17515.6,17520.4,17508.4,17520.4
2015-06-15,17425.05,17433.05,17425.05,17426
2015-06-16,17646.45,17647.65,17635.85,17635.85
2015-06-17,17566.5,17590.25,17565.7,17578.95
2015-06-18,17726.5,17732.6,17721.7,17732.6
2015-06-19,17935.3,17935.3,17920.2,17920.9
2015-06-22,18339.8,18345.9,18338.8,18339.8
2015-06-23,18391.55,18394.05,18388.65,18389.8
2015-06-24,18316,18316.95,18311.7,18311.7
2015-06-25,18522.35,18522.35,18506.1,18518
2015-06-26,18373.95,18384.4,18372.65,18384.4
2015-06-29,18287.75,18291.75,18268.45,18268.45
2015-06-30,18286.85,18290.25,18281,18287
2015-07-01,18589.15,18606.9,18588,18606.7
2015-07-02,18579.35,18589.35,18577.6,18586.15
2015-07-03,18753.4,18754.05,18746.7,18746.7
2015-07-06,18855.9,18855.9,18838.8,18838.8
2015-07-07,18816.95,18818.65,18807.35,18811.75
2015-07-08,18443.35,18455.35,18441.2,18455.35
2015-07-09,18514.05,18529.3,18514.05,18529.3
2015-07-10,18699.1,18703,18689.7,18691.85
2015-07-13,18900.6,18900.65,18888.8,18899.3
2015-07-14,18736.4,18739.75,18736.05,18736.6
2015-07-15,18833.5,18836.7,18825.05,18835
2015-07-16,19182,19183.8,19171.95,19176.25
2015-07-17,19104.9,19107.45,19100.5,19107.45
2015-07-20,19024.25,19024.25,19019.45,19023.35
2015-07-21,18721,18726.2,18720.75,18725.1
2015-07-22,19003.3,19007.1,18998.65,19004.9
2015-07-23,18864.75,18864.75,18854.1,18856.6
2015-07-24,18645.05,18651.3,18640.2,18640.2
2015-07-27,18235.15,18240.15,18230,18240.15
2015-07-28,18288.65,18300.65,18288.65,18292.95
2015-07-29,18314.2,18314.2,18304.35,18304.35
2015-07-30,18453.4,18458.1,18446.8,18449.35
2015-07-31,18697.45,18717.3,18697.45,18717.3
2015-08-03,18885,18895.5,18884.1,18895.5
2015-08-04,19001.75,19001.75,19001.75,19001.75
2015-08-05,18921.8,18940.9,18921.8,18939.6
2015-08-06,19018.4,19034.15,19016,19030.05
2015-08-07,18916.4,18929,18916.4,18925.7
2015-08-10,18785.3,18785.3,18785.3,18785.3
2015-08-11,18636.05,18647.05,18635.2,18638.9
2015-08-12,18084.5,18086.25,18078,18078
2015-08-13,18251.3,18251.3,18251.3,18251.3
2015-08-14,18746.05,18747.65,18728.1,18728.1
2015-08-17,18784.6,18796.4,18783.9,18783.9
2015-08-18,18786.35,18786.35,18770.45,18770.45
2015-08-19,18711.9,18715,18705.6,18705.8
2015-08-20,18315.3,18335.7,18315.3,18317.55
2015-08-21,18025.25,18036.55,18025.25,18031.6
2015-08-24,16786.05,16801.1,16744.25,16759.15
2015-08-25,17223.3,17241.45,17223.3,17238.2
2015-08-26,16908.35,16918.9,16904.95,16908.25
2015-08-27,17237.95,17247.2,17231.1,17247.2
2015-08-28,17192.65,17192.65,17192.65,17192.65
2015-08-31,17135.95,17135.95,17135.95,17135.95
2015-09-01,16522.1,16524.15,16516.55,16521.35
2015-09-02,16245.65,16258.85,16243.2,16258.85
2015-09-03,16546.55,16555.5,16546.55,16555.5
2015-09-04,16134.3,16149.7,16134.3,16147.1
2015-09-07,15781.65,15797.1,15766.05,15780.15
2015-09-08,16364,16369.15,16356.9,16365.8
2015-09-09,16589.95,16596.15,16574.1,16579.4
2015-09-10,16674.45,16701.05,16672.05,16679.15
2015-09-11,16584.5,16612.4,16583.55,16596.7
2015-09-14,16876.75,16895.8,16876.5,16895.8
2015-09-15,16689.4,16710.2,16686.4,16698.8
2015-09-16,16951.5,16956.3,16942.5,16942.65
2015-09-18,17382.85,17423.2,17371.75,17422.3
2015-09-21,17563.1,17571.3,17559.2,17564.2
2015-09-22,16965.4,16970.15,16946.25,16946.25
2015-09-23,17292.6,17308.55,17290.1,17302.75
2015-09-24,17207,17217.35,17198.05,17198.05
2015-09-28,17125.4,17139.85,17117,17117
2015-09-29,17238.2,17242.45,17231.2,17242.45
2015-09-30,17208,17221.35,17206.7,17220
2015-10-01,17155,17156.55,17147.15,17147.15
2015-10-05,17678.5,17691.9,17677.15,17677.95
2015-10-06,17609.9,17615.65,17603.1,17604.75
2015-10-07,17622,17630.75,17617,17618.6
2015-10-08,17466.85,17474.25,17463.5,17466.15
2015-10-09,17570.05,17572.4,17556.15,17569.9
2015-10-12,17559.35,17566.1,17553.75,17560.35
2015-10-13,17548.75,17563.2,17540.65,17550.25
2015-10-14,17549.65,17554.1,17541.55,17542.7
2015-10-15,17702.65,17706.9,17694.95,17701.05
2015-10-16,17934.15,17935.7,17919.6,17925.65
2015-10-19,17865.15,17865.15,17842.6,17845.35
2015-10-20,17822,17822,17806.45,17814.7
2015-10-21,17686.9,17695.1,17680.75,17693.85
2015-10-23,17943.4,17945.4,17925.15,17935.45
2015-10-26,17813.75,17815.8,17798.65,17808
2015-10-27,17780.8,17788.3,17770.25,17771.5
2015-10-28,17397.75,17404.45,17395.55,17404.45
2015-10-29,17191.1,17207,17191.1,17200.1
2015-10-30,17344.85,17348.05,17330.95,17335.4
2015-11-02,17338.4,17347.7,17330.65,17339.25
2015-11-03,17297.3,17309.45,17284.5,17284.5
2015-11-04,17185.2,17194.9,17183.2,17186.6
2015-11-05,17015.25,17020.9,17002.55,17013.45
2015-11-06,17105.65,17113.55,17085.5,17113.55
2015-11-09,16978.85,16986.7,16975.55,16978
2015-11-10,16823.65,16836.6,16820.75,16833.75
2015-11-13,16951.65,16954,16942.85,16951.95
2015-11-16,17180.65,17183.9,17164,17170.45
2015-11-17,17115.35,17125.75,17108.45,17112.85
2015-11-18,16794.3,16795.95,16787.55,16789.6
2015-11-19,17066.55,17073,17047.6,17059.65
2015-11-20,17055.85,17066.5,17043.7,17054.3
2015-11-23,17043.05,17054.85,17041.65,17047.1
2015-11-24,17008,17017.35,17004.85,17014.3
2015-11-26,17057.45,17068.55,17050.3,17063.95
2015-11-27,17359.1,17362.7,17347.85,17362.7
2015-11-30,17403.55,17411.85,17398.35,17405.75
2015-12-01,17389.15,17405.3,17383.45,17395.55
2015-12-02,17198.85,17203.5,17193.5,17195.15
2015-12-03,17089.95,17104.9,17089.85,17098
2015-12-04,16919,16934.3,16916,16922.4
2015-12-07,16951.4,16955.1,16945.35,16952.4
2015-12-08,16794.9,16802.9,16790.4,16795.95
2015-12-09,16676.95,16690,16675.6,16689.15
2015-12-10,16708.15,16715.7,16698.4,16701.95
2015-12-11,16338.85,16347.75,16337.3,16346.35
2015-12-14,16342.75,16344.8,16334.9,16344.8
2015-12-15,16350.35,16353.8,16341.4,16346
2015-12-16,16602.2,16609.25,16585.05,16585.05
2015-12-17,16722.3,16729.6,16717.25,16724.8
2015-12-18,16610,16611.2,16599.1,16600.8
2015-12-21,16795,16802.75,16792.4,16798.8
2015-12-22,16740.35,16752.7,16733.8,16738.7
2015-12-23,16895.75,16901.6,16889.1,16896.95
2015-12-24,16828.65,16838.8,16828.3,16833.35
2015-12-28,16978.7,16988.35,16971.25,16986.2
2015-12-29,17002.75,17024.65,17000.85,17012.5
2015-12-30,16922.8,16929.75,16919.45,16926.9
2015-12-31,16900.15,16913.75,16899.4,16904.15
2016-01-01,17037.95,17042.9,17026.05,17034.65
2016-01-04,16607.25,16616.8,16594.75,16594.75
2016-01-05,16536.95,16540.8,16532.05,16539.25
2016-01-06,16440.5,16448.4,16438.5,16438.5
2016-01-07,16065.5,16073,16060.25,16069.75
2016-01-08,16167.9,16169.9,16155.7,16166.9
2016-01-11,16035,16039.95,16028.75,16035
2016-01-12,15741.25,15752.55,15734,15748.3
2016-01-13,15846.4,15851.15,15833.7,15833.7
2016-01-14,15583.3,15614.1,15581.15,15589.65
2016-01-15,15182.4,15212.7,15179,15202.45
2016-01-18,15014.25,15021.2,15010.55,15015.9
2016-01-19,15293.15,15299.4,15289.25,15293.75
2016-01-20,14961.55,14975.5,14955.55,14970.4
2016-01-21,15102.6,15114.65,15100.95,15108.35
2016-01-22,15501.7,15523.55,15499.6,15518.5
2016-01-25,15562.55,15563.1,15545.8,15547.85
2016-01-27,15527.45,15529.25,15516.6,15519.35
2016-01-28,15369.05,15407.45,15368.15,15404.45
2016-01-29,15513.7,15526.15,15495.75,15514.85
2016-02-01,15320.6,15333.1,15320.6,15330.5
2016-02-02,15061.6,15063.4,15039,15046.75
2016-02-03,14841.35,14862.2,14835,14846.15
2016-02-04,14900.85,14913.55,14900.85,14904.5
2016-02-05,15192.95,15209.5,15184.7,15209.5
2016-02-08,14964.35,14969.8,14960.1,14968.25
2016-02-09,14869.55,14881.6,14867.55,14878.9
2016-02-10,14604.5,14607.85,14594.05,14595.65
2016-02-11,14027.2,14052.4,14023.45,14042.7
2016-02-12,13906.4,13923.1,13903.3,13919.8
2016-02-15,14425.15,14432.75,14424.05,14426.4
2016-02-16,14158.7,14164.25,14146.3,14155.8
2016-02-17,14171.85,14186.1,14167.7,14169.45
2016-02-18,14280.5,14285.6,14271.9,14273.8
2016-02-19,14321.65,14340.3,14317.65,14340.3
2016-02-22,14382.9,14389.9,14377.05,14377.05
2016-02-23,14011.35,14015.95,14007.85,14013.8
2016-02-24,13794.5,13804.95,13794.2,13804.95
2016-02-25,13540.55,13568.6,13537.15,13551.95
2016-02-26,13811.3,13817.35,13803.8,13814.6
2016-02-29,14026.25,14036.5,14012.55,14017.85
2016-03-01,14427.25,14437.3,14426.4,14426.85
2016-03-02,15113.05,15129.3,15110.05,15129.3
2016-03-03,15168.35,15179.05,15165.2,15168.8
2016-03-04,15382.7,15395.9,15376.2,15388.35
2016-03-08,15148.75,15151.25,15140.7,15145.7
2016-03-09,15261.45,15284.1,15260.45,15281.9
2016-03-10,15182.8,15201.6,15180.6,15189.8
2016-03-11,15206.75,15208.35,15190.25,15198.9
2016-03-14,15268.15,15278.15,15260.35,15261.7
2016-03-15,15322.35,15328.45,15314.65,15322.3
2016-03-16,15471.65,15489.5,15467.35,15484.1
2016-03-17,15345,15350.8,15344.3,15350.35
2016-03-18,15658.4,15665.7,15648.7,15653.5
2016-03-21,15925.25,15927,15917.3,15924.6
2016-03-22,15948.15,15953.2,15936.15,15937.85
2016-03-23,15874.1,15879.8,15870.65,15872.05
2016-03-28,15672,15678.45,15665.8,15669.65
2016-03-29,15667.45,15676.05,15663.8,15664.45
2016-03-30,16135.1,16144.55,16129.35,16144.55
2016-03-31,16148.55,16153.45,16127.9,16141.2
2016-04-01,16168.55,16171.2,16154.5,16167
2016-04-04,16202.3,16202.3,16186.55,16186.55
2016-04-05,15670.85,15681.55,15662.95,15667.45
2016-04-06,15664.1,15674.55,15664.1,15672.1
2016-04-07,15540.6,15541.3,15531.25,15537.7
2016-04-08,15578.75,15591.65,15575.95,15589.55
2016-04-11,15814.5,15816.8,15798.8,15798.8
2016-04-12,15891.8,15897,15890.15,15896.85
2016-04-13,16231.8,16249.95,16231.35,16249.95
2016-04-18,16214.5,16217,16204.95,16204.95
2016-04-20,16381.65,16381.65,16372.1,16373.85
2016-04-21,16596.85,16602.2,16588.85,16591.6
2016-04-22,16727.4,16729.3,16719.95,16723.4
2016-04-25,16713.75,16728,16706,16728
2016-04-26,16990.1,17000.65,16988.1,16994.2
2016-04-27,16873.4,16881.6,16868.05,16868.05
2016-04-28,16716.2,16716.5,16694.65,16699.95
2016-04-29,16764.1,16771.8,16756.8,16766.85
2016-05-02,16538.4,16544.45,16535.85,16543.35
2016-05-03,16408.9,16413.2,16403.15,16409.9
2016-05-04,16267.8,16270.7,16261.6,16269
2016-05-05,16299.35,16299.95,16292.15,16299.95
2016-05-06,16308.85,16314.6,16303.8,16311.3
2016-05-09,16670.5,16684,16666.3,16679.5
2016-05-10,16800.15,16805.45,16784.85,16788.1
2016-05-11,16763.45,16768.75,16748.5,16756.2
2016-05-12,16957.3,16962,16949.8,16955.6
2016-05-13,16721.2,16724.95,16713.6,16713.6
2016-05-16,16745.05,16745.65,16732.45,16737.3
2016-05-17,16745.3,16750.3,16739.9,16750.3
2016-05-18,16747.85,16752.25,16739.95,16739.95
2016-05-19,16554,16557.65,16538.8,16540.4
2016-05-20,16484.05,16485.1,16468.4,16469.9
2016-05-23,16384.6,16386.35,16373.35,16376.05
2016-05-24,16492.7,16500.2,16490.05,16491.15
2016-05-25,16993.05,16998.5,16985.7,16988.7
2016-05-26,17381.9,17386.95,17353.2,17353.2
2016-05-27,17513,17520.9,17505.45,17510.35
2016-05-30,17499.1,17504.1,17495.15,17495.15
2016-05-31,17597.45,17605.7,17590.6,17593.5
2016-06-01,17452.3,17454.5,17447.2,17453.7
2016-06-02,17565.6,17567.05,17557.5,17564.95
2016-06-03,17667.9,17671.5,17662.4,17662.4
2016-06-06,17664,17674.85,17664,17673.2
2016-06-07,17942.5,17948.8,17939.65,17945.65
2016-06-08,17933.9,17941.65,17928.95,17935.75
2016-06-09,17878.8,17878.8,17854.4,17868.35
2016-06-10,17828.9,17838.75,17823.8,17826.55
2016-06-13,17601.95,17608.75,17589.15,17608.75
2016-06-14,17670.65,17678.1,17669,17676.15
2016-06-15,17895.55,17904.7,17885.05,17885.4
2016-06-16,17648.75,17650.2,17638.85,17645.8
2016-06-17,17696.5,17699.7,17685.1,17685.5
2016-06-20,17705.3,17713.45,17702.05,17708.9
2016-06-21,17601.55,17601.55,17585.65,17585.65
2016-06-22,17632.75,17635.9,17610.8,17610.8
2016-06-23,17891.2,17903.95,17888.9,17897.6
2016-06-24,17399.85,17413.85,17391.7,17413.75
2016-06-27,17506.1,17511.5,17502,17503.6
2016-06-28,17559.95,17561.75,17552.15,17558.3
2016-06-29,17680.4,17689,17675.1,17685.35
2016-06-30,17930.7,17940.65,17910.5,17914
2016-07-01,17961.4,17966.4,17955.8,17955.8
2016-07-04,18103.8,18107.45,18097.6,18104.7
2016-07-05,18003.15,18013.65,18003.1,18006.7
2016-07-07,18086.25,18086.25,18073.65,18073.65
2016-07-08,18011.2,18014.2,18004.8,18008.65
2016-07-11,18398.2,18401.8,18390.15,18398.9
2016-07-12,18665.55,18669,18659.45,18661.4
2016-07-13,18608,18618.35,18603.85,18611
2016-07-14,18841.55,18847.7,18829.6,18835.9
2016-07-15,18959.3,18960.25,18949.25,18954.7
2016-07-18,18907.1,18907.1,18885,18890.9
2016-07-19,18915.25,18926.45,18915.15,18925.85
2016-07-20,18958.3,18963.45,18957.25,18960.5
2016-07-21,18659.95,18669.8,18659.95,18665.05
2016-07-22,18705.7,18722.4,18701.3,18706.35
2016-07-25,18962.45,18972.95,18957.75,18972.95
2016-07-26,18861.15,18862.7,18847.8,18857.85
2016-07-27,19008.85,19019.95,19002.75,19002.75
2016-07-28,19073.25,19088.25,19062.55,19083.15
2016-07-29,18971.2,18974.5,18950.35,18950.35
2016-08-01,18778.35,18785.6,18771.8,18771.8
2016-08-02,18732.05,18734.85,18723.9,18726.2
2016-08-03,18596.15,18599.4,18583.05,18585.5
2016-08-04,18650.2,18650.2,18627.7,18627.7
2016-08-05,18903.45,18910.25,18901.2,18903.1
2016-08-08,18912,18915.15,18904.75,18912.65
2016-08-09,18935.7,18942.2,18927.55,18927.55
2016-08-10,18636.55,18641.35,18611.25,18624.75
2016-08-11,18661.6,18671.1,18657.7,18657.7
2016-08-12,18929,18942.7,18928.15,18931.65
2016-08-16,18984.75,18991.95,18976.65,18976.65
2016-08-17,19029.05,19036,19026.65,19031.05
2016-08-18,19323.3,19335.3,19321.6,19335.3
2016-08-19,19416.35,19429.7,19415,19424
2016-08-22,19333.9,19341.85,19328.9,19337.05
2016-08-23,19365,19370.45,19359.85,19366.85
2016-08-24,19350.85,19356.3,19341.9,19346.8
2016-08-25,19293.85,19305.45,19288.2,19294
2016-08-26,19197.45,19202.8,19188.05,19188.05
2016-08-29,19230.5,19237.2,19222.85,19225.25
2016-08-30,19529.9,19533.35,19526.55,19531.25
2016-08-31,19803.35,19809,19777.45,19788.2
2016-09-01,19806.95,19822.3,19803.55,19818
2016-09-02,19900.55,19911.25,19891.85,19891.85
2016-09-06,20448.25,20459.45,20438.35,20444.95
2016-09-07,20446.8,20448.1,20437.1,20442.7
2016-09-08,20410.8,20416.5,20404.75,20407.15
2016-09-09,20259.95,20262.6,20246.65,20247.45
2016-09-12,19816,19818.25,19798.9,19798.9
2016-09-14,19940,19942.5,19927.8,19939.4
2016-09-15,19861.15,19867.45,19857.2,19866.7
2016-09-16,19886.6,19889.45,19868.7,19868.7
2016-09-19,19906.75,19913.6,19901.95,19904.35
2016-09-20,19855.6,19865.55,19850.8,19863.75
2016-09-21,19829.25,19835.95,19825.7,19828.9
2016-09-22,20087.45,20091.75,20076.35,20079.5
2016-09-23,19874.75,19888.2,19866.6,19868.8
2016-09-26,19592.8,19607.15,19585.4,19604.7
2016-09-27,19541.2,19559.7,19529.6,19553.15
2016-09-28,19664.35,19667.05,19656.55,19660.8
2016-09-29,19238.35,19303.3,19202.25,19233.05
2016-09-30,19313.6,19330.85,19311.2,19323.2
2016-10-03,19591.95,19596.25,19589.05,19589.05
2016-10-04,19675.3,19675.3,19672.7,19672.7
2016-10-05,19504.25,19536.85,19504.25,19536.85
2016-10-06,19389.35,19395.05,19389.35,19395.05
2016-10-07,19410.15,19410.15,19399.65,19400.1
2016-10-10,19394.65,19394.65,19378.55,19378.55
2016-10-13,18975.2,18975.2,18954.25,18954.25
2016-10-14,19015.4,19020.15,19015.4,19020.15
2016-10-17,19084.4,19084.4,19070.4,19070.4
2016-10-18,19468.1,19495.05,19467.9,19495.05
2016-10-19,19404.5,19412.1,19404.5,19412.1
2016-10-20,19676.4,19676.4,19658.7,19658.7
2016-10-21,19698.45,19710.9,19698.45,19710.9
2016-10-24,19804.2,19807.95,19804.2,19807.9
2016-10-25,19830.8,19834.9,19830.8,19834.9
2016-10-26,19484.2,19484.2,19483.6,19483.6
2016-10-27,19509.35,19516.6,19509.35,19514.6
2016-10-28,19566.4,19566.4,19555.95,19555.95
2016-10-30,19498.85,19523.9,19498.85,19523.55
2016-11-01,19450.55,19458.6,19450.55,19458.6
2016-11-02,19227.3,19228.7,19227.3,19227.9
2016-11-03,19184.45,19184.45,19178.7,19178.7
2016-11-04,19059.35,19059.35,19058.1,19058.1
2016-11-07,19346.2,19356,19346.2,19356
2016-11-08,19513.65,19513.65,19500.8,19500.8
2016-11-09,19525.35,19525.35,19518.25,19518.25
2016-11-10,20205.55,20205.55,20200.25,20200.25
2016-11-11,19779.65,19780.85,19738.8,19738.8
2016-11-15,19286.7,19289.75,19281.55,19289.75
2016-11-16,19104.9,19108.1,19104.9,19108.1
2016-11-17,19156.65,19156.65,19087.85,19087.85
2016-11-18,18949.15,18959.05,18948.35,18959.05
2016-11-21,18465.25,18465.25,18446.4,18446.4
2016-11-22,18586.8,18586.8,18548.65,18548.65
2016-11-23,18513.3,18540.9,18513.3,18540.9
2016-11-24,18298.65,18298.65,18256.1,18256.1
2016-11-25,18483,18507.3,18483,18507.3
2016-11-28,18301.3,18301.45,18299.65,18301.45
2016-11-29,18243.7,18243.7,18220.1,18223.75
2016-11-30,18606.05,18627.8,18606.05,18627.8
2016-12-01,18419.45,18428.45,18419.45,18428.45
2016-12-02,18255.65,18255.65,18247.65,18247.65
2016-12-05,18421.65,18421.65,18408.9,18408.9
2016-12-06,18427.35,18427.35,18420.9,18420.9
2016-12-07,18264.35,18264.35,18232.8,18234.15
2016-12-08,18492.8,18518.15,18492.8,18515.45
2016-12-09,18688.85,18695.8,18688.85,18695.8
2016-12-12,18392.9,18392.95,18392.9,18392.95
2016-12-13,18446,18466.05,18446,18466.05
2016-12-14,18362.5,18362.5,18341.5,18341.5
2016-12-15,18414.55,18414.55,18401.15,18401.15
2016-12-16,18334.15,18334.15,18312.45,18312.8
2016-12-19,18257.05,18257.05,18257.05,18257.05
2016-12-20,18071.1,18071.1,18069.4,18069.4
2016-12-21,18043.95,18084.85,18043.95,18084.5
2016-12-22,17903.4,17903.4,17891.45,17891.45
2016-12-23,17885.85,17887.3,17884,17884
2016-12-26,17652.45,17655.55,17652.45,17655.55
2016-12-27,17868.65,17879.55,17868.65,17879.55
2016-12-28,17870.85,17876.7,17870.85,17876.7
2016-12-29,18034.3,18034.3,18033.15,18033.15
2016-12-30,18176.75,18177.2,18176.75,18177.2
2017-01-02,17979.2,17979.2,17969.4,17969.6
2017-01-03,18043.6,18043.6,18035.6,18035.6
2017-01-04,17916.3,17916.3,17891,17891
2017-01-05,18101.1,18115.9,18101.1,18115.9
2017-01-06,18261.8,18264,18258.5,18264
2017-01-09,18286.6,18286.7,18286.6,18286.7
2017-01-10,18439.6,18439.6,18409.6,18409.6
2017-01-11,18829.7,18830,18829.7,18830
2017-01-12,18872.3,18873.9,18871.8,18873.9
2017-01-13,18905.8,18912.1,18905.8,18912.1
2017-01-16,19098.1,19098.1,19096.4,19096.4
2017-01-17,19042.8,19067.1,19042.8,19067.1
2017-01-18,19166.5,19166.5,19164.5,19164.5
2017-01-19,19128.8,19129.3,19124.3,19124.3
2017-01-20,18826.4,18826.4,18820.8,18820.8
2017-01-23,18875.6,18875.6,18842.7,18842.7
2017-01-24,19043.4,19043.4,19023.5,19023.5
2017-01-25,19459.7,19476.1,19459.7,19473.2
2017-01-27,19698.7,19708.3,19698.7,19708.3
2017-01-30,19590.5,19590.5,19585.3,19585.3
2017-01-31,19493.5,19515.2,19493.5,19515.2
2017-02-01,20027.7,20027.7,20019.2,20020.6
2017-02-02,20017.2,20070.3,20017.2,20070.3
2017-02-03,20189.6,20203.4,20189.6,20196.8
2017-02-06,20372.6,20372.6,20371.6,20371.6
2017-02-07,20316.3,20329.8,20316.3,20327.3
2017-02-08,20323.4,20323.4,20244.4,20245.4
2017-02-09,20151.2,20151.2,20151.2,20151.2
2017-02-10,20227.6,20228.2,20213.9,20213.9
2017-02-13,20249.8,20251.8,20248.5,20251.8
2017-02-14,20252.7,20258.1,20252.7,20258.1
2017-02-15,20165.1,20165.1,20161.3,20163.7
2017-02-16,20256.4,20256.4,20243.7,20243.7
2017-02-17,20546.5,20551.3,20546.5,20551.3
2017-02-20,20671.2,20677.1,20671.2,20677.1
2017-02-21,20861.4,20863.6,20860.9,20860.9
2017-02-22,20867.4,20868.4,20867.4,20868.4
2017-02-23,20872.4,20876.7,20872.4,20876.7
2017-02-27,20612.9,20613.1,20612.9,20613.1
2017-02-28,20611.3,20614.7,20607.3,20607.3
2017-03-01,20782.4,20783.8,20782.4,20783.8
2017-03-02,20539.7,20560.1,20534.3,20560.1
2017-03-03,20514.4,20514.4,20495.6,20495.6
2017-03-06,20665.1,20665.1,20663.7,20663.7
2017-03-07,20631.3,20631.3,20627.5,20627.5
2017-03-08,20698.8,20698.8,20676.6,20676.6
2017-03-09,20731.4,20731.4,20721.1,20721.3
2017-03-10,20727.8,20727.8,20727.6,20727.6
2017-03-14,21102.7,21102.7,21102.7,21102.7
2017-03-15,21155.6,21157.9,21155.6,21157.9
2017-03-16,21249.9,21249.9,21249.9,21249.9
2017-03-17,21176.2,21176.2,21175.1,21175.1
2017-03-20,21114.9,21114.9,21110.3,21110.3
2017-03-21,21045.1,21045.1,21019,21019
2017-03-22,20777.1,20781.3,20777.1,20781.3
2017-03-23,20895.7,20895.7,20895.5,20895.5
2017-03-24,21122,21122.6,21122,21122.6
2017-03-27,21042.2,21058.7,21042.2,21056.9
2017-03-28,21225.5,21225.5,21225.4,21225.4
2017-03-29,21406.4,21406.4,21385.5,21391.2
2017-03-30,21581.6,21623.3,21581.6,21620.7
2017-03-31,21423.4,21444.2,21423.4,21444.2
2017-04-03,21549.1,21549.1,21547.8,21547.8
2017-04-05,21652.7,21652.7,21652.7,21652.7
2017-04-06,21583.5,21622.9,21583.5,21622.9
2017-04-07,21434.7,21434.7,21431.2,21431.2
2017-04-10,21521.1,21521.1,21520.2,21520.2
2017-04-11,21723.1,21736.2,21723.1,21736.2
2017-04-12,21654.8,21666.8,21654.3,21666.8
2017-04-13,21680.4,21686.6,21680.4,21686.6
2017-04-17,21654.4,21654.4,21647.6,21647.6
2017-04-18,21658.8,21671.8,21658.8,21671.8
2017-04-19,21585.1,21585.1,21556.3,21556.3
2017-04-20,21498.9,21498.9,21491.4,21491.4
2017-04-21,21574,21574,21551.4,21551.4
2017-04-24,21857.4,21857.4,21857.4,21857.4
2017-04-25,22082.2,22082.2,22054.7,22054.7
2017-04-26,22242.9,22242.9,22242.4,22242.8
2017-04-27,22326.3,22326.3,22326.3,22326.3
2017-04-28,22349.8,22358.3,22349.8,22358.3
2017-05-02,22361.2,22361.2,22338,22341.3
2017-05-03,22282.2,22307.3,22282.2,22307.3
2017-05-04,22729.3,22729.3,22720.1,22720.1
2017-05-05,22604.9,22604.9,22604.9,22604.9
2017-05-08,22747,22767.3,22747,22767.3
2017-05-09,22707.3,22707.3,22707.3,22707.3
2017-05-10,22828.4,22830.3,22828.4,22830.3
2017-05-11,22818.4,22818.4,22818.4,22818.4
2017-05-12,22671.7,22671.7,22671.7,22671.7
2017-05-15,22819.1,22821.5,22819.1,22821.5
2017-05-16,22942.3,22942.3,22923.3,22928.6
2017-05-17,22932.2,22935.9,22932.2,22935.9
2017-05-18,22678.7,22698.6,22678.7,22698.6
2017-05-19,22811.8,22811.8,22769.8,22769.8
2017-05-22,22663.1,22663.1,22652.8,22652.8
2017-05-23,22576.6,22582.8,22576.6,22582.8
2017-05-24,22538.9,22538.9,22536.3,22536.3
2017-05-25,23152.4,23190.8,23152.4,23190.8
2017-05-26,23307.5,23362.2,23307.5,23362.2
2017-05-29,23147.4,23182.8,23147.4,23182.8
2017-05-30,23317.1,23317.1,23304.4,23307.3
2017-05-31,23451.2,23451.2,23424.8,23424.8
2017-06-01,23317.2,23317.2,23309.7,23310.2
2017-06-02,23358.4,23375.9,23358.4,23375.9
2017-06-05,23475.4,23475.4,23457.8,23459.7
2017-06-06,23419.4,23419.4,23412.7,23416.3
2017-06-07,23585.3,23585.3,23567.7,23567.7
2017-06-08,23533.9,23536.1,23533.9,23536.1
2017-06-09,23690.6,23690.9,23690.6,23690.9
2017-06-12,23475.4,23475.4,23470.4,23470.4
2017-06-13,23452,23477.8,23452,23477.8
2017-06-14,23497.5,23500.2,23497.5,23498.7
2017-06-15,23390.5,23391.8,23390.5,23391.8
2017-06-16,23487.9,23504.1,23487.9,23502.8
2017-06-19,23731.6,23742.2,23731.6,23742.2
2017-06-20,23695.3,23697.9,23695.3,23697.9
2017-06-21,23704.7,23708.8,23704.7,23708.8
2017-06-22,23716.8,23736.1,23716.8,23736.1
2017-06-23,23546.6,23546.6,23542.8,23542.8
2017-06-27,23218.8,23218.8,23215.8,23216.3
2017-06-28,23234.8,23235.8,23234.8,23235.8
2017-06-29,23229.9,23229.9,23227.3,23227.3
2017-06-30,23212.3,23212.3,23211.2,23211.2
2017-07-03,23287.9,23287.9,23271.3,23272.8
2017-07-04,23207.6,23217.3,23207.6,23214.2
2017-07-05,23358.1,23365.7,23352.6,23352.6
2017-07-06,23466.7,23466.7,23466.7,23466.7
2017-07-07,23434.7,23449.2,23434.7,23449.2
2017-07-10,23662.7,23675.1,23662.7,23675.1
2017-07-11,23584.6,23584.6,23584.6,23584.6
2017-07-12,23715.7,23715.7,23695.4,23695.4
2017-07-13,23870.6,23888.7,23870.6,23888.7
2017-07-14,23945.3,23945.3,23937.7,23937.7
2017-07-17,24015.1,24015.1,24015.1,24015.1
2017-07-18,24021.4,24029.3,24021.4,24022.1
2017-07-19,24157.8,24157.8,24152.4,24152.7
2017-07-20,24222.8,24222.8,24213.3,24213.3
2017-07-21,24257.1,24257.1,24257.1,24257.1
2017-07-24,24422.3,24422.3,24420.8,24420.8
2017-07-25,24510.6,24520.7,24500.7,24520.7
2017-07-26,24688.8,24688.8,24670.7,24670.7
2017-07-27,24913.3,24922.4,24913.3,24922.4
2017-07-28,24800.6,24811.3,24800.6,24811.3
2017-07-31,25096.7,25103.7,25089.1,25103.7
2017-08-01,25158.1,25162.1,25122.8,25122.8
2017-08-02,24957.1,25055.2,24957.1,25055.2
2017-08-03,24675.1,24675.1,24675.1,24675.1
2017-08-04,24838.3,24838.3,24827.4,24827.4
2017-08-07,24900.6,24907.2,24900.6,24906.3
2017-08-08,24609.2,24609.2,24599.5,24599.5
2017-08-09,24360.8,24374.6,24358.3,24374.6
2017-08-10,24280.2,24287.9,24217.3,24217.3
2017-08-11,23974.4,23985.8,23974.4,23985.8
2017-08-14,24086.7,24115.8,24086.7,24115.8
2017-08-16,24444.2,24444.2,24437.7,24437.7
2017-08-17,24268.5,24268.5,24237.3,24237.3
2017-08-18,24073.6,24081.4,24073.6,24074.4
2017-08-21,23919,23936.5,23919,23936.5
2017-08-22,23996.8,23996.8,23974.4,23974.4
2017-08-23,24297.2,24316.8,24297.2,24316.8
2017-08-24,24317.6,24317.6,24274.2,24274.2
2017-08-28,24365.2,24377.1,24365.2,24377.1
2017-08-29,24119,24128.9,24119,24128.9
2017-08-30,24312.6,24312.6,24308.7,24308.7
2017-08-31,24295.3,24318.4,24295.3,24318.4
2017-09-01,24419,24434,24417.8,24434
2017-09-04,24217.2,24236.8,24217.2,24236.8
2017-09-05,24316.8,24328.3,24316.8,24328.3
2017-09-06,24296.4,24296.4,24279.2,24279.2
2017-09-07,24302.5,24304.9,24302.5,24304.9
2017-09-08,24367.8,24370.8,24367.8,24370.8
2017-09-11,24672.3,24672.3,24672.3,24672.3
2017-09-12,24796.8,24798.3,24784.7,24784.7
2017-09-13,24831.8,24831.8,24831.8,24831.8
2017-09-14,24926.5,24926.5,24912.3,24912.3
2017-09-15,24847.4,24847.4,24842.9,24844.3
2017-09-18,25046.9,25046.9,25046.9,25046.9
2017-09-19,25023.3,25041.6,25023.3,25041.6
2017-09-20,24954,24965.1,24954,24965.1
2017-09-21,24815.3,24821.6,24799.3,24799.3
2017-09-22,24370.6,24370.6,24368.8,24368.8
2017-09-25,24165.8,24165.8,24165.1,24165.1
2017-09-26,24179.2,24199.2,24179.2,24199.2
2017-09-27,23823,23824.6,23812.9,23812.9
2017-09-28,24009.3,24009.3,24008.2,24008.2
2017-09-29,24031.8,24053,24031.8,24053
2017-10-03,24112.9,24112.9,24103.2,24103.4
2017-10-04,24097.3,24117.7,24097.3,24113.3
2017-10-05,24054.8,24058.1,24054.8,24058.1
2017-10-06,24190,24190,24190,24190
2017-10-09,24254.8,24254.8,24251.9,24251.9
2017-10-10,24339.7,24347.4,24339.7,24347.4
2017-10-11,24084.3,24107.4,24084.3,24107.4
2017-10-12,24361.1,24370.2,24361.1,24361.3
2017-10-13,24684.3,24689.2,24684.3,24689.2
2017-10-16,24707,24707,24703.1,24703.1
2017-10-17,24650,24650,24645.6,24645.6
2017-10-18,24313.8,24313.8,24313.8,24313.8
2017-10-19,23967.2,24009.8,23967.2,24009.8
2017-10-23,24101.9,24101.9,24088.9,24088.9
2017-10-24,24208.6,24222.2,24208.6,24222.2
2017-10-25,25042.8,25057.8,25035.9,25035.9
2017-10-26,24963.4,25022.2,24963.4,25022.2
2017-10-27,24843.8,24843.8,24839.6,24839.6
2017-10-30,25004.3,25004.3,24988.6,24988.6
2017-10-31,25027.3,25027.3,25019.3,25019.3
2017-11-01,25496.6,25496.6,25490.4,25490.4
2017-11-02,25409.4,25427.3,25409.4,25427.3
2017-11-03,25650.7,25650.7,25650.7,25650.7
2017-11-06,25572.3,25572.3,25571.2,25571.2
2017-11-07,25297.2,25300.8,25296.2,25300.8
2017-11-08,25184.3,25184.3,25184.3,25184.3
2017-11-09,25353.8,25353.8,25291.3,25291.3
2017-11-10,25501.3,25501.3,25498.8,25498.9
2017-11-13,25356.4,25358.3,25356.4,25358.3
2017-11-14,25266.8,25287.6,25266.8,25284.6
2017-11-15,25227.7,25227.7,25218.9,25218.9
2017-11-16,25483.4,25483.4,25446.6,25446.6
2017-11-17,25689.3,25728.4,25689.3,25728.4
2017-11-20,25767.7,25768.6,25767.7,25768.6
2017-11-21,25743.3,25757.5,25739.1,25757.5
2017-11-22,25759.1,25766.7,25759.1,25766.7
2017-11-23,25736.3,25736.3,25736.3,25736.3
2017-11-24,25786.3,25786.3,25779.7,25779.7
2017-11-27,25914,25914,25891.9,25891.9
2017-11-28,25838.9,25846.4,25838.9,25846.4
2017-11-29,25768.3,25795.7,25768.3,25795.7
2017-11-30,25332,25332.4,25332,25332.4
2017-12-01,25191.9,25191.9,25191.9,25191.9
2017-12-04,25135.3,25135.3,25075.1,25075.1
2017-12-05,25180.1,25180.1,25124.8,25124.8
2017-12-06,24853,24853,24848.4,24851.8
2017-12-07,25097.4,25097.4,25057.3,25057.3
2017-12-08,25340.3,25340.3,25321.2,25321.2
2017-12-11,25411.5,25411.5,25404.8,25404.8
2017-12-12,25117.4,25125.4,25117.4,25125.4
2017-12-13,25024.7,25024.7,25000.3,25000.3
2017-12-14,25164.6,25168.2,25164.6,25168.2
2017-12-15,25432.3,25440.3,25432.3,25440.3
2017-12-18,25606.1,25606.1,25594.6,25594.6
2017-12-19,25719.6,25719.6,25716.2,25716.2
2017-12-20,25591.8,25591.8,25591.7,25591.7
2017-12-21,25520.3,25559.8,25520.3,25554.3
2017-12-22,25625.2,25648.6,25625.2,25648.6
2017-12-26,25672.8,25675.3,25672.8,25675.3
2017-12-27,25452.1,25496.1,25452.1,25496.1
2017-12-28,25419,25490,25419,25490
2017-12-29,25535.8,25539.4,25535.8,25539.4
2018-01-01,25295.7,25318.1,25295.7,25318.1
2018-01-02,25329.4,25338.3,25329.4,25338.3
2018-01-03,25321,25324.1,25313.6,25318.6
2018-01-04,25479.1,25479.1,25462.6,25462.6
2018-01-05,25620.8,25620.8,25601.8,25601.8
2018-01-08,25679.4,25679.4,25674.3,25676.1
2018-01-09,25693.1,25703.8,25693.1,25703.8
2018-01-10,25588.9,25617.3,25588.9,25617.3
2018-01-11,25656.7,25660.9,25656.7,25660.9
2018-01-12,25721.6,25749.1,25719.5,25749.1
2018-01-15,26055.7,26069.2,26052.9,26069.2
2018-01-16,25960.9,25977.3,25960.9,25974.9
2018-01-17,26319.7,26319.7,26289.1,26289.1
2018-01-18,26565.7,26565.7,26530.2,26537.4
2018-01-19,26887.4,26909.5,26887.4,26909.5
2018-01-22,27035.3,27041.2,27035.3,27041.2
2018-01-23,27379.3,27390.6,27379.3,27390.6
2018-01-24,27414.9,27414.9,27398.6,27398.6
2018-01-25,27405.7,27445.7,27405.7,27445.7
2018-01-29,27475.7,27498.4,27475.7,27498.4
2018-01-30,27269.4,27269.4,27265.7,27269.1
2018-01-31,27379.4,27379.4,27379.4,27379.4
2018-02-01,27187.2,27220.7,27187.2,27220.7
2018-02-02,26371.8,26451.2,26371.8,26451.2
2018-02-05,26098.8,26098.8,26098.8,26098.8
2018-02-06,25811.3,25811.3,25811.3,25811.3
2018-02-07,25618.4,25670,25618.4,25670
2018-02-08,25932.3,25932.3,25920.7,25920.7
2018-02-09,25487.7,25487.7,25463.7,25463.7
2018-02-12,25730.8,25730.8,25701.6,25701.6
2018-02-14,25280.5,25341.3,25280.5,25341.3
2018-02-15,25433.8,25433.8,25424.3,25424.3
2018-02-16,25178.8,25178.8,25163.9,25163.9
2018-02-19,25094.1,25094.1,25058.6,25058.6
2018-02-20,24857.5,24874.4,24857.5,24874.4
2018-02-21,24944.1,24944.1,24936.7,24936.7
2018-02-22,24953,24955.2,24953,24955.2
2018-02-23,25315.2,25315.2,25302.5,25302.5
2018-02-26,25661.7,25687.9,25661.7,25687.9
2018-02-27,25382.6,25383.6,25376.7,25383.6
2018-02-28,25117.6,25126.1,25107.4,25107.4
2018-03-01,24858.7,24902.6,24858.7,24902.6
2018-03-05,24818.7,24818.7,24818.7,24818.7
2018-03-06,24407,24448.4,24407,24448.4
2018-03-07,24140.6,24140.6,24134.1,24134.1
2018-03-08,24478,24478,24477.7,24477.7
2018-03-09,24289.7,24296.4,24289.7,24296.4
2018-03-12,24674.5,24679.9,24664.2,24664.2
2018-03-13,24747.1,24747.1,24738.7,24738.7
2018-03-14,24851.4,24851.7,24851.4,24851.7
2018-03-15,24740.1,24791.8,24740.1,24791.8
2018-03-16,24554.9,24554.9,24489.6,24489.6
2018-03-19,24235.6,24245.1,24235.6,24245.1
2018-03-20,24223.4,24223.4,24168.2,24168.2
2018-03-21,24255.6,24255.6,24255.6,24255.6
2018-03-22,24138,24141.5,24138,24141.5
2018-03-23,23673.5,23673.5,23670.4,23670.4
2018-03-26,24257.8,24257.8,24244.3,24244.3
2018-03-27,24437.4,24437.4,24434.2,24434.2
2018-03-28,24298.6,24298.6,24263.3,24263.3
2018-04-02,24346.3,24346.3,24328.5,24328.5
2018-04-03,24510.2,24510.6,24510.2,24510.6
2018-04-04,24114.1,24129.5,24114.1,24129.5
2018-04-05,24764.4,24764.4,24759.8,24759.8
2018-04-06,24815.6,24873.2,24815.6,24873.2
2018-04-09,25084.9,25093.8,25084.9,25093.8
2018-04-10,25226.8,25226.8,25226.8,25226.8
2018-04-11,25099.6,25107.8,25098.3,25098.3
2018-04-12,25175.8,25195.1,25175.8,25195.1
2018-04-13,25230.2,25230.2,25200.6,25200.6
2018-04-16,25327.7,25327.7,25320.8,25320.8
2018-04-17,25336.5,25336.5,25334.4,25334.4
2018-04-18,25116.4,25116.4,25102.3,25102.3
2018-04-19,25148.3,25148.3,25126.2,25126.2
2018-04-20,24993,24993,24943.8,24943.8
2018-04-23,24964.5,24964.5,24960.7,24960.7
2018-04-24,25048.1,25048.1,25042.1,25042.1
2018-04-25,24823.2,24823.2,24814.4,24814.4
2018-04-26,25018.8,25018.8,25010.9,25010.9
2018-04-27,25420.7,25420.7,25393.6,25394.6
2018-04-30,25537.7,25537.7,25531.3,25531.6
2018-05-02,25586.8,25586.8,25568.3,25568.3
2018-05-03,25597.6,25605.3,25597.6,25605.3
2018-05-04,25632.2,25645.4,25632.2,25645.4
2018-05-07,25892,25892,25852.1,25852.1
2018-05-08,26088.9,26093.2,26088.9,26090.5
2018-05-09,26148.6,26154.4,26148.6,26154.4
2018-05-10,26080.1,26131,26080.1,26131
2018-05-11,26386.1,26413.2,26386.1,26413.2
2018-05-14,26450.4,26478.4,26450.4,26475.2
2018-05-15,26458.6,26474,26458.6,26474
2018-05-16,26206.6,26206.6,26182.2,26182.2
2018-05-17,26073.8,26073.8,26073.8,26073.8
2018-05-18,25906,25906,25875.6,25875.6
2018-05-21,25768.3,25768.3,25750.8,25750.8
2018-05-22,25806.3,25806.3,25777.7,25777.7
2018-05-23,25655.4,25684.9,25655.4,25684.9
2018-05-24,26034.4,26034.4,26016.8,26016.8
2018-05-25,26284.7,26284.7,26273.6,26273.6
2018-05-28,26582.1,26614.3,26579.2,26614.3
2018-05-29,26257.6,26257.6,26254.8,26254.8
2018-05-30,26338.2,26338.2,26327.8,26327.8
2018-05-31,26935.8,26956.2,26935.8,26956.2
2018-06-01,26664.5,26692.8,26664.5,26692.8
2018-06-04,26257.4,26257.8,26257.4,26257.6
2018-06-05,26262.6,26262.6,26251,26251
2018-06-06,26377.3,26377.3,26367.6,26367.6
2018-06-07,26523.1,26523.1,26516.8,26517.8
2018-06-08,26445.4,26451.3,26445.4,26451.3
2018-06-11,26453.6,26453.6,26453.6,26453.6
2018-06-12,26621.4,26621.4,26607.1,26607.1
2018-06-13,26642.2,26642.8,26642.2,26642.8
2018-06-14,26554.5,26562.3,26554.5,26562.3
2018-06-15,26402.2,26417.4,26402.2,26417.4
2018-06-18,26422.3,26422.3,26409.3,26409.3
2018-06-19,26264.3,26265.8,26264.3,26265.8
2018-06-20,26564.6,26564.6,26557.7,26557.7
2018-06-21,26498.6,26498.6,26496.9,26496.9
2018-06-22,26777.4,26777.4,26766.8,26766.8
2018-06-25,26605.9,26609.7,26605.9,26609.7
2018-06-26,26600.3,26601.7,26600.3,26601.7
2018-06-27,26418.5,26423.4,26418.5,26423.4
2018-06-28,26302.2,26324.6,26302.2,26324.6
2018-06-29,26361.6,26368.3,26361.6,26364.2
2018-07-02,26216.8,26230.3,26216.8,26230.3
2018-07-03,26204.1,26204.1,26204.1,26204.1
2018-07-04,26433.8,26433.9,26433.8,26433.9
2018-07-05,26499.5,26503.3,26499.5,26503.3
2018-07-06,26497.4,26497.4,26489.9,26493.8
2018-07-09,26740.6,26753.3,26740.6,26753.3
2018-07-10,26894.8,26899.8,26894.6,26894.6
2018-07-11,26814.3,26816.2,26814.3,26816.2
2018-07-12,27026.6,27026.6,27026.6,27026.6
2018-07-13,26942.8,26942.8,26935.9,26935.9
2018-07-16,26679.8,26679.8,26679.8,26679.8
2018-07-17,27015.7,27017.3,27008.1,27008.1
2018-07-18,26909.1,26909.1,26880.9,26880.9
2018-07-19,26806.7,26806.7,26789.7,26789.7
2018-07-20,26856.8,26873.2,26852,26873.2
2018-07-23,27004.9,27008.2,27004.9,27008.2
2018-07-24,26982.3,26983.9,26974.3,26974.4
2018-07-25,27014.8,27031.3,27014.8,27031.3
2018-07-26,27408.9,27420.3,27406.4,27406.4
2018-07-27,27629.4,27634.4,27629.4,27634.4
2018-07-30,27821.5,27842.6,27821.5,27842.6
2018-07-31,27766.8,27774.7,27764.2,27764.2
2018-08-01,27517.2,27596.6,27517.2,27596.6
2018-08-02,27345.3,27355.9,27345.3,27355.9
2018-08-03,27703.7,27703.7,27695.5,27695.5
2018-08-06,27895.1,27898.5,27893.8,27898.5
2018-08-07,27888.1,27892.9,27875.9,27875.9
2018-08-08,28051.6,28062.4,28051.6,28062.4
2018-08-09,28314.6,28320,28314.6,28320
2018-08-10,28109.8,28124.3,28109.8,28124.3
2018-08-13,27804.3,27805.1,27794.4,27794.4
2018-08-14,28021.3,28021.7,28020,28021.7
2018-08-16,27855.6,27855.6,27826.6,27826.6
2018-08-17,28119.5,28128.6,28119.5,28128.6
2018-08-20,28269.8,28274.3,28269.8,28274.3
2018-08-21,28257.3,28257.9,28250.3,28257.9
2018-08-23,28030.8,28030.8,28012.7,28027.9
2018-08-24,27834.7,27834.7,27834.7,27834.7
2018-08-27,28283.6,28283.6,28264.2,28264.2
2018-08-28,28273.8,28274.6,28269.7,28269.7
2018-08-29,28217.2,28224.1,28217.2,28224.1
2018-08-30,28098.8,28110.2,28098.8,28103.3
2018-08-31,28043.8,28061.8,28043.8,28061.8
2018-09-03,27807.55,27818.95,27802.2,27804.35
2018-09-04,27475.85,27475.85,27448,27454.05
2018-09-05,27374.35,27374.35,27359.15,27371
2018-09-06,27415.4,27431.85,27412.35,27424.15
2018-09-07,27459.75,27463.1,27446.9,27460.45
2018-09-10,27202.85,27213.6,27199.8,27209.25
2018-09-11,26797.3,26801,26777.55,26787.4
2018-09-12,26871.1,26875.45,26857.75,26869.2
2018-09-14,27134.75,27146.2,27123.55,27143.85
2018-09-17,26792.9,26804.45,26790.1,26800.95
2018-09-18,26456.1,26459.95,26436.95,26436.95
2018-09-19,26277.2,26290.85,26272.9,26285.7
2018-09-21,25628.5,25638.05,25609.25,25621.8
2018-09-24,24945.25,24945.9,24916,24919.3
2018-09-25,25377.65,25404.15,25364,25404.15
2018-09-26,25343.6,25382.8,25339.45,25343.3
2018-09-27,25113.2,25144.9,25092.8,25092.8
2018-09-28,25142.1,25149.95,25125.6,25133.75
2018-10-01,25389.7,25403.3,25367.1,25392.65
2018-10-03,25069.45,25099.85,25058.45,25089.55
2018-10-04,24728.2,24733.2,24684.4,24691.45
2018-10-05,24317.3,24356.85,24306.35,24306.35
2018-10-08,24613.9,24625.15,24587.4,24624.9
2018-10-09,24532.85,24540.6,24519.85,24530.45
2018-10-10,25309.3,25330.65,25299.3,25316.3
2018-10-11,24814.9,24825.35,24803.85,24818.7
2018-10-12,25354.95,25375.25,25341.1,25348.7
2018-10-15,25403.6,25407.25,25381.95,25393.2
2018-10-16,25554.95,25561.45,25538.6,25543.1
2018-10-17,25156.85,25210.05,25154.45,25185.35
2018-10-19,25087.3,25108.25,25080.55,25097.7
2018-10-22,25104.3,25121.5,25104.15,25113.85
2018-10-23,25046.45,25046.45,25028.6,25029.55
2018-10-24,25090.95,25100,25080.85,25081.5
2018-10-25,24869.85,24873.35,24845.65,24845.85
2018-10-26,24393.15,24396.5,24359.8,24359.8
2018-10-29,24992.85,24999.55,24975.65,24975.7
2018-10-30,24806.45,24824.35,24803.55,24807.2
2018-10-31,25088.3,25093.75,25073.85,25086.15
2018-11-01,25339.35,25341.35,25323.65,25323.65
2018-11-02,25720.3,25720.3,25701.65,25701.65
2018-11-05,25730.45,25732.2,25730.45,25732.2
2018-11-06,25620.5,25620.5,25598,25598
2018-11-07,25733.75,25738.65,25733.75,25737.5
2018-11-09,25773.25,25773.25,25768.4,25771
2018-11-12,25543.7,25543.7,25539.75,25539.75
2018-11-13,25781.2,25790.95,25768.6,25768.6
2018-11-14,25926.55,25930.15,25926.55,25930.15
2018-11-15,26131.55,26154.75,26131.55,26154.75
2018-11-16,26231.6,26245.55,26227.15,26245.55
2018-11-19,26334.6,26334.6,26300.7,26300.7
2018-11-20,26113.35,26113.35,26113.35,26113.35
2018-11-21,26269.55,26269.55,26262.05,26262.05
2018-11-22,25994.85,25999.45,25994.85,25999.45
2018-11-26,26380.85,26380.85,26361.5,26365.6
2018-11-27,26426.15,26443.1,26426.15,26443.1
2018-11-28,26440.45,26457.95,26440.45,26457.95
2018-11-29,26959.35,26959.35,26939.6,26939.6
2018-11-30,26841.1,26862.95,26841.1,26862.95
2018-12-03,26847.5,26857.55,26847.5,26857.55
2018-12-04,26698.75,26698.75,26693.8,26693.8
2018-12-05,26538.95,26538.95,26519.6,26519.6
2018-12-06,26193.4,26198.3,26193.4,26198.3
2018-12-07,26636.65,26636.65,26594.3,26594.3
2018-12-10,26091.75,26102.65,26083.2,26102.65
2018-12-11,26160.4,26163.4,26160.4,26163.4
2018-12-12,26634.75,26643.85,26634.75,26643.85
2018-12-13,26816.35,26816.35,26816.35,26816.35
2018-12-14,26810.1,26826,26810.1,26826
2018-12-17,27000.35,27015.8,27000.35,27015.8
2018-12-18,27188.4,27188.4,27174.7,27174.7
2018-12-19,27290.7,27298.4,27290.7,27298.4
2018-12-20,27294.25,27294.25,27275.1,27275.1
2018-12-21,26888.8,26888.8,26869.65,26869.65
2018-12-24,26717.9,26717.9,26714.75,26714.75
2018-12-26,27014.95,27014.95,26986.8,26986.8
2018-12-27,26886.2,26886.2,26878.55,26878.55
2018-12-28,27126.9,27133.7,27125.25,27125.25
2018-12-31,27159.4,27169.6,27159.4,27160.2
2019-01-01,27403.45,27403.45,27392.4,27392.4
2019-01-02,27159.8,27174.7,27157.5,27174.7
2019-01-03,26937.35,26959.85,26937.35,26959.85
2019-01-04,27195,27195,27195,27195
2019-01-07,27293.4,27304.55,27293.4,27304.55
2019-01-08,27501.4,27509.5,27501.4,27509.5
2019-01-09,27717.55,27720.4,27717.55,27720.4
2019-01-10,27527.85,27528.55,27520.75,27528.55
2019-01-11,27447.8,27453.9,27447.8,27453.9
2019-01-14,27248.25,27248.25,27248.25,27248.25
2019-01-15,27401.95,27401.95,27400.75,27400.75
2019-01-16,27456.3,27483.7,27456.3,27483.7
2019-01-17,27501.05,27528.75,27501.05,27528.75
2019-01-18,27458.05,27458.05,27456.7,27456.7
2019-01-21,27506.05,27533.6,27506.05,27533.6
2019-01-22,27482.85,27482.85,27482.25,27482.25
2019-01-23,27250.75,27250.75,27250.75,27250.75
2019-01-24,27307.5,27307.5,27266.4,27266.4
2019-01-25,27107.6,27119.55,27107.6,27115.3
2019-01-28,26676.6,26676.6,26653.05,26653.05
2019-01-29,26680.95,26680.95,26573.4,26573.4
2019-01-30,26847.8,26847.8,26825.2,26825.5
2019-01-31,27259.15,27295.45,27259.15,27295.45
2019-02-01,27079.75,27085.95,27072.7,27085.95
2019-02-04,27166.9,27191.05,27166.9,27186.6
2019-02-05,27270.15,27271.7,27268.95,27271.7
2019-02-06,27404.3,27408.5,27402.35,27402.35
2019-02-07,27353.85,27387.15,27353.85,27387.15
2019-02-08,27260.4,27299,27260.4,27294.4
2019-02-11,27227.8,27227.8,27227.8,27227.8
2019-02-12,27000.05,27010.75,27000.05,27010.75
2019-02-13,26846.25,26885.4,26846.25,26885.4
2019-02-14,26996.2,26996.2,26970.6,26970.6
2019-02-15,26781.55,26794.25,26780.9,26794.25
2019-02-18,26639.45,26654.25,26639.45,26654.25
2019-02-19,26666.15,26687.45,26666.15,26684.85
2019-02-20,26950.9,26955.5,26950.9,26955.5
2019-02-21,27057.9,27057.9,27052.4,27052.4
2019-02-22,26861.35,26867.55,26861.35,26867.55
2019-02-25,27145.7,27159.25,27145.7,27159.25
2019-02-26,26953.55,26957.15,26952.95,26952.95
2019-02-27,26790.75,26799.3,26790.75,26799.3
2019-02-28,26806.65,26806.65,26789.9,26789.9
2019-03-01,27026.45,27043.9,27026.45,27043.9
2019-03-05,27528.8,27554.05,27528.8,27554.05
2019-03-06,27605.5,27625.65,27605.5,27625.65
2019-03-07,27757.95,27768.85,27757.95,27764.6
2019-03-08,27761.4,27764.55,27761.4,27761.8
2019-03-11,27961.65,27966.65,27959.8,27966.65
2019-03-12,28443.75,28443.75,28443.7,28443.7
2019-03-13,28891.7,28891.7,28884.3,28884.3
2019-03-14,28923.8,28927.6,28923.1,28923.1
2019-03-15,29382,29382,29373.8,29381.45
2019-03-18,29615.55,29615.55,29596.1,29596.1
2019-03-19,29769.8,29769.8,29767.85,29767.85
2019-03-20,29849.7,29849.7,29832.2,29832.2
2019-03-22,29579.1,29582.5,29579.1,29582.5
2019-03-25,29263.3,29281.2,29263.3,29281.2
2019-03-26,29940.05,29940.05,29882.15,29882.15
2019-03-27,30022.15,30022.15,30012.6,30019.8
2019-03-28,30391.85,30420.55,30391.85,30420.55
2019-03-29,30379.15,30426.8,30379.15,30426.8
2019-04-01,30255.5,30327.15,30255.5,30326.5
2019-04-02,30432.85,30432.85,30354.25,30354.25
2019-04-03,30086.7,30099.85,30086.7,30093.3
2019-04-04,29918.65,29918.65,29904.9,29904.9
2019-04-05,30127.45,30127.45,30084.65,30084.65
2019-04-08,29853.7,29853.7,29845.3,29845.3
2019-04-09,30128.95,30128.95,30113.85,30113.85
2019-04-10,29792.25,29804.8,29792.25,29803.5
2019-04-11,29797.85,29797.85,29786.1,29786.1
2019-04-12,29864.6,29938.55,29864.6,29938.55
2019-04-15,30073.55,30109.2,30073.55,30104.25
2019-04-16,30529.75,30531.35,30529,30531.35
2019-04-18,30218.7,30223.4,30218.7,30223.4
2019-04-22,29678.85,29687.95,29678.85,29687.95
2019-04-23,29475.5,29479.7,29475.5,29479.7
2019-04-24,29847.2,29860.8,29847.2,29860.8
2019-04-25,29559.2,29565.8,29559.2,29561.35
2019-04-26,29971.8,30016.05,29971.8,30013.5
2019-04-30,29735.45,29768.9,29735.45,29764.8
2019-05-02,29689.75,29709.7,29689.75,29708.6
2019-05-03,29939.15,29954.15,29939.15,29954.15
2019-05-06,29624.95,29624.95,29618.45,29618.45
2019-05-07,29287.4,29288.2,29287.4,29288.2
2019-05-08,29003.15,29003.15,28994.4,28994.4
2019-05-09,28896.95,28896.95,28884.6,28884.6
2019-05-10,29032.25,29040.5,29032.25,29040.5
2019-05-13,28674.3,28674.3,28659.95,28659.95
2019-05-14,28868.2,28868.2,28829.2,28829.2
2019-05-15,28571.15,28616.45,28571.15,28616.45
2019-05-16,28883.1,28883.1,28855.3,28855.3
2019-05-17,29499.5,29499.5,29450.15,29450.15
2019-05-20,30758.55,30769.7,30758.05,30759.7
2019-05-21,30324.1,30324.1,30302.6,30308.4
2019-05-22,30540.9,30544.45,30526.8,30526.8
2019-05-23,30495.3,30495.3,30409.1,30409.1
2019-05-24,31215.75,31219.05,31212.55,31212.55
2019-05-27,31615.6,31647.65,31615.6,31647.65
2019-05-28,31602.85,31602.85,31597.9,31597.9
2019-05-29,31291.1,31295.55,31291.1,31295.55
2019-05-30,31581.1,31581.1,31537.1,31537.1
2019-05-31,31386.4,31386.4,31373.7,31375.4
2019-06-03,31637.05,31656.45,31637.05,31653.65
2019-06-04,31615.25,31615.25,31589.05,31589.05
2019-06-06,30857.4,30857.4,30857.4,30857.4
2019-06-07,31081.25,31081.25,31066.55,31066.55
2019-06-10,31058.35,31058.35,31034,31034
2019-06-11,31276,31276,31265.45,31265.45
2019-06-12,31011.05,31011.05,30965.7,30965.7
2019-06-13,30970.5,30976.1,30970.5,30976.1
2019-06-14,30588.75,30614.35,30588.75,30614.35
2019-06-17,30301.1,30301.1,30273.25,30273.25
2019-06-18,30358.95,30358.95,30351,30351
2019-06-19,30400.15,30400.15,30362.1,30362.1
2019-06-20,30784.5,30789.1,30781.1,30781.1
2019-06-21,30625.9,30628.35,30625.9,30628.35
2019-06-24,30618.15,30618.15,30599.65,30602.05
2019-06-25,30811.8,30847.05,30811.8,30847.05
2019-06-26,31127.25,31162.35,31127.25,31162.35
2019-06-27,31238.25,31269.9,31238.25,31269.5
2019-06-28,31120.45,31122.05,31105.2,31105.2
2019-07-01,31359.05,31372.2,31359.05,31372.2
2019-07-02,31269.05,31283.3,31269.05,31283.3
2019-07-03,31374.85,31382.3,31374.85,31382.3
2019-07-04,31442.65,31475.7,31442.65,31471.85
2019-07-05,31433.55,31475.8,31433.55,31475.8
2019-07-08,30641.55,30641.55,30603.85,30603.85
2019-07-09,30568.1,30576.4,30568.1,30569.15
2019-07-10,30523.8,30526.85,30522.1,30522.1
2019-07-11,30691,30718.3,30691,30716.55
2019-07-12,30591,30601.45,30591,30601.45
2019-07-15,30462.5,30462.5,30445.95,30445.95
2019-07-16,30588.65,30588.65,30570.8,30570.8
2019-07-17,30768.85,30768.85,30735.5,30735.5
2019-07-18,30448.85,30448.85,30430.6,30430.6
2019-07-19,29814.75,29814.75,29770.35,29770.35
2019-07-22,29283.8,29285.2,29283.8,29284.95
2019-07-23,29124.35,29128.1,29124.35,29128.1
2019-07-24,28951.4,28955,28951.4,28952.25
2019-07-25,29095.85,29095.85,29043.05,29043.05
2019-07-26,29367.6,29367.6,29323.25,29325.3
2019-07-29,29296.65,29296.65,29288.55,29295.9
2019-07-30,28784.25,28791.6,28784.25,28791.6
2019-07-31,28873.45,28876,28873.45,28876
2019-08-01,28411.85,28411.85,28367.25,28367.25
2019-08-02,28219.15,28219.15,28190.25,28204.95
2019-08-05,27633.15,27648.05,27633.15,27648.05
2019-08-06,27997.75,28023,27997.75,28022.1
2019-08-07,27665.1,27702.05,27665.1,27702.05
2019-08-08,28192.45,28192.45,28110.45,28110.45
2019-08-09,28464.05,28464.05,28431.9,28431.9
2019-08-13,27735.1,27735.1,27723.5,27729.1
2019-08-14,27987.15,28019.2,27987.15,28019.2
2019-08-16,28189,28217,28189,28217
2019-08-19,28198.6,28198.6,28180.25,28186.1
2019-08-20,28001.25,28001.25,27982.45,27982.45
2019-08-21,27711.7,27719.05,27711.7,27719.05
2019-08-22,27053.6,27053.6,27034.2,27034.2
2019-08-23,26981.55,26981.55,26958.65,26958.65
2019-08-26,27968.4,27968.4,27941.15,27951.35
2019-08-27,28133.75,28133.75,28126.15,28126.15
2019-08-28,27787.9,27812.05,27787.9,27804.3
2019-08-29,27315.75,27315.75,27305.2,27305.2
2019-08-30,27476.8,27476.8,27427.5,27427.85
2019-09-03,26824.15,26824.15,26824.15,26824.15
2019-09-04,27097.45,27123.85,27097.45,27123.85
2019-09-05,26901,26919.7,26901,26919.7
2019-09-06,27234.4,27249.85,27234.4,27247.9
2019-09-09,27490.85,27504.65,27490.85,27504.65
2019-09-11,27720.55,27776.2,27720.55,27776.2
2019-09-12,27791.15,27818.5,27791.15,27818.5
2019-09-13,28107.1,28107.1,28096.7,28098.75
2019-09-16,27840,27855,27840,27855
2019-09-17,27158.3,27158.3,27131.75,27131.75
2019-09-18,27173.5,27173.75,27172.65,27172.65
2019-09-19,26745.15,26757.65,26745.15,26757.65
2019-09-20,28965.9,28982.75,28965.9,28981.55
2019-09-23,30567.25,30567.25,30566.2,30566.2
2019-09-24,30154.6,30183.1,30154.6,30183.1
2019-09-25,29538.8,29586.05,29538.8,29586.05
2019-09-26,30028.75,30028.75,30002.6,30002.6
2019-09-27,29886.95,29886.95,29869,29876.65
2019-09-30,29121.65,29122.25,29103.15,29103.15
2019-10-01,28759.65,28768.2,28725.5,28725.5
2019-10-03,28424.75,28428.75,28414.1,28414.1
2019-10-04,27696.9,27731.85,27696.9,27731.85
2019-10-07,27731,27767.55,27731,27767.55
2019-10-09,28798.5,28798.5,28785.85,28785.85
2019-10-10,28052.85,28052.85,28013.15,28013.45
2019-10-11,28031.7,28043.35,28031.7,28042.5
2019-10-14,28161.65,28181.95,28159.8,28181.95
2019-10-15,28568.05,28568.05,28555.1,28555.1
2019-10-16,28545.05,28549.55,28538.8,28538.8
2019-10-17,28997.3,28997.45,28989.45,28989.45
2019-10-18,29100.45,29120.25,29100.2,29120.25
2019-10-22,29421.25,29421.25,29411.15,29411.15
2019-10-23,29508.1,29508.1,29459.6,29459.6
2019-10-24,29129.45,29129.45,29107.95,29107.95
2019-10-25,29409.5,29409.5,29395.95,29395.95
2019-10-27,29483.3,29517.4,29483.3,29516.3
2019-10-29,29855.6,29873.05,29855.6,29873.05
2019-10-30,29987.5,29987.5,29987.5,29987.5
2019-10-31,30049.8,30074.9,30049.8,30066.25
2019-11-01,30361.1,30361.1,30326.8,30330.55
2019-11-04,30338.95,30338.95,30329.6,30333.1
2019-11-05,30207.65,30221.6,30207.65,30219.85
2019-11-06,30587.3,30609.6,30587.3,30609.6
2019-11-07,30643.1,30643.1,30629.15,30633.15
2019-11-08,30757,30757.3,30749.4,30749.4
2019-11-11,31133.3,31133.3,31115.55,31115.55
2019-11-13,30554.25,30559.85,30541.55,30541.55
2019-11-14,30752.25,30752.25,30749.95,30749.95
2019-11-15,31014.95,31019.1,31008.4,31008.4
2019-11-18,31008.65,31008.65,30988.3,30992.1
2019-11-19,31283.75,31283.75,31236.25,31236.25
2019-11-20,31338,31353.85,31331.2,31353.85
2019-11-21,31341.95,31349.95,31341.95,31349.95
2019-11-22,31135.1,31144,31111.6,31111.6
2019-11-25,31573.75,31573.75,31555.9,31555.9
2019-11-26,31718.35,31718.35,31718.35,31718.35
2019-11-27,31885.3,31890.15,31875.95,31875.95
2019-11-28,32120.5,32122.95,32120.5,32122.95
2019-11-29,31943.7,31948,31943.7,31946.1
2019-12-02,31867.85,31871.45,31866.5,31871.45
2019-12-03,31622,31625.7,31613.35,31613.35
2019-12-04,31969.15,31979.3,31969.15,31979.3
2019-12-05,31688.15,31712.95,31688.15,31712.95
2019-12-06,31309.65,31341.55,31309.05,31341.55
2019-12-09,31330.5,31330.5,31316.65,31316.65
2019-12-10,31170,31170,31158.9,31160.35
2019-12-11,31276.25,31276.25,31250.95,31256.75
2019-12-12,31664.75,31665.45,31660.65,31665.45
2019-12-13,32030.55,32030.55,32014.25,32014.25
2019-12-16,31987.05,31987.05,31974.2,31974.2
2019-12-17,32156.35,32159.2,32140.25,32140.25
2019-12-18,32256.75,32256.75,32244.25,32244.25
2019-12-19,32252.6,32252.6,32240.9,32241.45
2019-12-20,32366.85,32384.95,32366.85,32384.95
2019-12-23,32335.75,32339.45,32335.75,32339.45
2019-12-24,32287.45,32287.45,32280.75,32280.75
2019-12-26,32017.9,32017.9,31997.7,31997.7
2019-12-27,32416,32416,32409.95,32412.35
2019-12-30,32391.55,32391.55,32354.9,32354.9
2019-12-31,32177.5,32177.5,32161.65,32161.65
2020-01-01,32132.7,32132.7,32102.9,32102.9
2020-01-02,32438.35,32444.35,32438.35,32443.85
2020-01-03,32079.8,32081.55,32069.25,32069.25
2020-01-06,31231.55,31237.15,31231.55,31237.15
2020-01-07,31399.4,31399.4,31399.4,31399.4
2020-01-08,31357.05,31373.65,31357.05,31373.65
2020-01-09,32070.95,32092.4,32070.95,32092.4
2020-01-10,32081.45,32097.4,32081.45,32097.4
2020-01-13,32200.8,32200.8,32175.4,32177.65
2020-01-14,32053.75,32071.95,32053.75,32071.65
2020-01-15,31818.85,31824.9,31818.85,31824.9
2020-01-16,31844.15,31853.9,31844.15,31853.9
2020-01-17,31553.95,31590.65,31553.95,31590.65
2020-01-20,31099,31100.25,31080.65,31080.65
2020-01-21,30951.45,30952.1,30947.55,30947.55
2020-01-22,30690.65,30701.45,30690.65,30701.45
2020-01-23,31005.85,31005.85,31004.05,31004.05
2020-01-24,31283.9,31283.9,31241.75,31241.75
2020-01-27,30826.05,30837.4,30826.05,30837.4
2020-01-28,30771.8,30780.3,30761.4,30761.4
2020-01-29,30882.8,30882.8,30876.05,30877
2020-01-30,30639.65,30647.4,30639.55,30647.4
2020-01-31,30821.4,30833.6,30821.4,30833.6
2020-02-01,29786.4,29820.9,29786.4,29820.9
2020-02-03,30049.4,30055.05,30023.25,30023.25
2020-02-04,30676.2,30686.7,30676.2,30686.7
2020-02-05,31013.85,31013.85,31001.95,31001.95
2020-02-06,31282.6,31304.05,31282.6,31304.05
2020-02-07,31153.7,31201.95,31153.7,31201.95
2020-02-10,31066.45,31066.45,31058.15,31058.15
2020-02-11,31287.75,31301.7,31287.75,31300.6
2020-02-12,31487.55,31493.95,31487.55,31492.9
2020-02-13,31200.35,31230.25,31200.35,31230.25
2020-02-14,30855.05,30855.05,30834.8,30834.8
2020-02-17,30704.4,30704.4,30680.7,30680.7
2020-02-18,30600.75,30600.75,30562.5,30562.5
2020-02-19,30845.5,30845.5,30835.05,30838.2
2020-02-20,30946.55,30946.55,30939.75,30942.85
2020-02-24,30469.2,30469.2,30455.1,30455.1
2020-02-25,30461.8,30461.8,30432.7,30432.7
2020-02-26,30311.45,30317.3,30306.85,30306.85
2020-02-27,30168.9,30187,30168.9,30187
2020-02-28,29184.25,29184.25,29147.15,29147.15
2020-03-02,28919.95,28919.95,28868.4,28868.4
2020-03-03,29227.2,29227.2,29177.05,29177.05
2020-03-04,28668.85,28668.85,28653.7,28653.7
2020-03-05,28780.7,28815.35,28780.7,28815.35
2020-03-06,27773.6,27801.45,27771.1,27801.45
2020-03-09,26449.6,26462.6,26439.5,26462.6
2020-03-11,26439.75,26487.8,26439.75,26487.8
2020-03-12,24164,24164,23971.15,23971.15
2020-03-13,25325.15,25325.15,25166.45,25166.45
2020-03-16,23087.75,23101.15,23075.75,23101.15
2020-03-17,22122.05,22155.15,22122.05,22155.15
2020-03-18,20795.2,20795.2,20580.2,20580.2
2020-03-19,20082.75,20084.35,20076.7,20083.5
2020-03-20,20278.7,20317.6,20278.7,20317.6
2020-03-23,16955.05,16955.05,16917.65,16917.65
2020-03-24,17221.9,17221.9,17107.3,17107.3
2020-03-25,18503.3,18503.3,18481.05,18481.05
2020-03-26,19656.85,19656.85,19613.9,19613.9
2020-03-27,19931.9,19969,19913.25,19969
2020-03-30,18787.35,18791.95,18782.4,18782.4
2020-03-31,19075.9,19144,19070.3,19144
2020-04-01,18198.1,18218.05,18198.1,18208.35
2020-04-03,17251.8,17255.4,17249.3,17249.3
2020-04-07,19070.65,19070.65,19054.6,19062.5
2020-04-08,18931.4,18946.45,18928.7,18946.45
2020-04-09,19880.25,19913.6,19880.25,19913.6
2020-04-13,19520.55,19520.55,19488,19488
2020-04-15,19100.4,19100.4,19057.05,19057.05
2020-04-16,19484.75,19484.75,19400,19400
2020-04-17,20721.95,20721.95,20676.7,20681.45
2020-04-20,20494,20522.65,20494,20522.65
2020-04-21,19364.7,19412.15,19364.7,19409.35
2020-04-22,19725.15,19725.15,19691.8,19701.85
2020-04-23,20208,20267.95,20208,20267.95
2020-04-24,19631.95,19631.95,19586.65,19586.65
2020-04-27,20062.2,20084.1,20062.2,20081.15
2020-04-28,20741.1,20741.1,20671.1,20671.1
2020-04-29,20989.4,21090.2,20989.4,21090.2
2020-04-30,21485.65,21534.5,21485.3,21534.5
2020-05-04,19815.05,19815.05,19743.75,19743.75
2020-05-05,19326.2,19326.2,19271.75,19271.75
2020-05-06,19762,19762,19694.55,19694.55
2020-05-07,19532.85,19532.85,19491.8,19491.8
2020-05-08,19345.7,19356.5,19337.85,19352.9
2020-05-11,18978.85,18978.85,18947.5,18950.5
2020-05-12,18891.6,18893.1,18862.85,18862.85
2020-05-13,19645.9,19645.9,19634.95,19634.95
2020-05-14,19089.55,19089.55,19068.5,19068.5
2020-05-15,18826.3,18833.95,18825.55,18833.95
2020-05-18,17630.05,17630.05,17573.2,17573.2
2020-05-19,17519.45,17519.45,17486.25,17486.25
2020-05-20,17922.6,17922.6,17840.2,17840.2
2020-05-21,17737.7,17739.8,17735.1,17735.1
2020-05-22,17340.8,17340.8,17278.9,17278.9
2020-05-26,17500.15,17500.15,17440.35,17440.35
2020-05-27,18713.45,18713.45,18710.55,18710.55
2020-05-28,19157.1,19169.8,19157.1,19169.8
2020-05-29,19217.9,19297.25,19217.9,19297.25
2020-06-01,19910.85,19959.9,19910.85,19959.9
2020-06-02,20606.7,20606.7,20530.2,20530.2
2020-06-03,20923.4,20940.7,20923.4,20940.7
2020-06-04,20370.55,20399.15,20370.2,20390.45
2020-06-05,21153.85,21153.85,21034.5,21034.5
2020-06-08,21215.5,21215.5,21183.7,21187.35
2020-06-09,20654.15,20724.9,20654.15,20724.9
2020-06-10,21226.1,21226.1,21100.1,21100.1
2020-06-11,20538.45,20538.45,20525.15,20525.15
2020-06-12,20589.3,20654.55,20589.3,20654.55
2020-06-15,19923.85,19926.1,19912.9,19912.9
2020-06-16,20258.75,20296.7,20258.75,20296.7
2020-06-17,20188.85,20201.75,20188.85,20201.75
2020-06-18,20927.2,20956.3,20927.2,20956.3
2020-06-19,21340,21340,21338.1,21338.1
2020-06-22,21726.6,21726.6,21708.35,21708.35
2020-06-23,22307.85,22307.85,22264.9,22264.9
2020-06-24,21452.9,21452.9,21426.8,21426.8
2020-06-25,21536.05,21551.8,21506.15,21506.15
2020-06-26,21637.2,21637.2,21592.05,21592.05
2020-06-29,21359.95,21362.55,21359,21359
2020-06-30,21397.1,21397.1,21370.15,21370.15
2020-07-01,21921.5,21977.6,21921.5,21977.6
2020-07-02,21985.55,21985.55,21953.2,21953.2
2020-07-03,21861.25,21861.25,21851.5,21852.4
2020-07-06,22199.35,22199.35,22196.55,22198.95
2020-07-07,22576.25,22628,22576.25,22628
2020-07-08,22571.2,22584.65,22571.2,22584.65
2020-07-09,22949.1,22949.1,22907.2,22907.2
2020-07-10,22401.95,22403.9,22398.45,22398.45
2020-07-13,22122.5,22122.5,22089.25,22089.25
2020-07-14,21425.25,21425.25,21392.2,21392.2
2020-07-15,21417.4,21417.4,21340.75,21340.75
2020-07-16,21565.55,21597.15,21565.55,21597.15
2020-07-17,22040.75,22040.75,21966.8,21966.8
2020-07-20,22283.65,22321.85,22280.4,22321.85
2020-07-21,22792.7,22792.7,22782,22782
2020-07-22,22884.25,22904.65,22882.6,22882.6
2020-07-23,23109.8,23109.8,23083.9,23083.9
2020-07-24,22673.8,22673.8,22661.05,22662.05
2020-07-27,21857.9,21857.9,21848.75,21848.75
2020-07-28,22081.05,22105.2,22081.05,22105.2
2020-07-29,22069.1,22076.6,22064.7,22076.6
2020-07-30,21665.55,21665.55,21646.85,21646.85
2020-07-31,21653.4,21653.4,21635.25,21640.05
2020-08-03,21113.7,21113.7,21072.1,21072.1
2020-08-04,21492.15,21493.7,21490.5,21490.5
2020-08-05,21542.55,21542.55,21509.95,21509.95
2020-08-06,21660.55,21660.55,21642.6,21642.6
2020-08-07,21754.05,21754.2,21753.2,21754
2020-08-10,21924.5,21924.5,21899,21900.25
2020-08-11,22247.65,22247.65,22227.2,22227.2
2020-08-12,22235.65,22265.15,22235.65,22264
2020-08-13,22230,22230,22196.35,22196.35
2020-08-14,21688.8,21688.8,21679.4,21679.4
2020-08-17,21746.45,21746.45,21700.85,21700.85
2020-08-18,22163,22171.05,22163,22170.6
2020-08-19,22296.75,22296.75,22285.9,22285.9
2020-08-20,21979.25,22001.65,21979.25,21999.45
2020-08-21,22296.2,22299.6,22296.2,22299.6
2020-08-24,22815.6,22833,22811.35,22833
2020-08-25,23095.75,23095.75,23092.15,23092.15
2020-08-26,23423.75,23423.75,23414.2,23414.2
2020-08-27,23624.9,23625.1,23600.35,23600.35
2020-08-28,24573.9,24573.9,24523.8,24523.8
2020-08-31,23675.85,23754.35,23675.85,23754.35
2020-09-01,23857.4,23857.4,23812,23812
2020-09-02,23881.95,23881.95,23874.55,23874.55
2020-09-03,23568.1,23568.1,23530.85,23530.85
2020-09-04,23067.9,23067.9,23011.5,23011.5
2020-09-07,22971.6,22971.6,22945.05,22945.05
2020-09-08,22665.25,22744.4,22665.25,22744.4
2020-09-09,22298.75,22298.75,22267,22267
2020-09-10,22487.9,22488.1,22466.2,22466.2
2020-09-11,22512.2,22512.2,22479.95,22479.95
2020-09-14,22079,22101.25,22079,22101.25
2020-09-15,22500.65,22500.85,22465.65,22465.65
2020-09-16,22548.2,22573.55,22548.2,22573.55
2020-09-17,22325.05,22332.2,22320.35,22320.35
2020-09-18,22054,22054,22031.05,22031.05
2020-09-21,21305.95,21366.8,21305.95,21366.8
2020-09-22,21174,21174,21139.1,21139.1
2020-09-23,21231.75,21231.75,21178.5,21178.5
2020-09-24,20485.35,20485.35,20456.85,20456.85
2020-09-25,20942.6,20982.35,20942.6,20982.35
2020-09-28,21686.85,21686.85,21665.5,21665.5
2020-09-29,21441.95,21442.15,21411.3,21411.3
2020-09-30,21419.65,21451.8,21419.65,21451.8
2020-10-01,22231.2,22246,22231.2,22246
2020-10-05,22375.1,22375.1,22370.95,22370.95
2020-10-06,22842.5,22853.7,22840.55,22853.7
2020-10-07,22955.95,22967.75,22955.95,22964.8
2020-10-08,23178.75,23191.95,23178.75,23191.35
2020-10-09,23884.95,23884.95,23846.8,23846.8
2020-10-12,23712.8,23712.8,23712.8,23712.8
2020-10-13,23492.2,23492.2,23492.2,23492.2
2020-10-14,23874.65,23874.65,23874.65,23874.65
2020-10-15,23072,23072.4,23072,23072.4
2020-10-16,23533.25,23533.25,23533.25,23533.25
2020-10-19,24266.75,24266.75,24266.75,24266.75
2020-10-20,24311.8,24311.8,24311.8,24311.8
2020-10-21,24635.05,24635.05,24635.05,24635.05
2020-10-22,24484.15,24484.15,24484.15,24484.15
2020-10-23,24478.3,24478.3,24478.3,24478.3
2020-10-26,24075.45,24075.45,24075.45,24075.45
2020-10-27,24769.5,24769.5,24769.5,24769.5
2020-10-28,24232.5,24232.5,24232.5,24232.5
2020-10-29,24092,24092,24092,24092
2020-10-30,23908.8,23908.8,23900.9,23900.9
2020-11-02,24892.5,24892.5,24892.5,24892.5
2020-11-03,25682.8,25682.8,25682.8,25682.8
2020-11-04,25771.6,25771.6,25771.6,25771.6
2020-11-05,26313.1,26313.1,26313.1,26313.1
2020-11-06,26798.95,26798.95,26798.95,26798.95
2020-11-09,27534.1,27534.1,27534.1,27534.1
2020-11-10,28606,28606,28606,28606
2020-11-11,28845,28845,28845,28845
2020-11-12,28278.8,28278.8,28278.8,28278.8
2020-11-13,28465.7,28465.7,28465.7,28465.7
2020-11-14,28594.3,28594.3,28594.3,28594.3
2020-11-17,29181.3,29181.3,29181.3,29181.3
2020-11-18,29755.55,29755.55,29749.85,29749.85
2020-11-19,28903.05,28903.05,28903.05,28903.05
2020-11-20,29197.15,29236,29197.15,29236
2020-11-23,29024.2,29024.2,29024.2,29024.2
2020-11-24,29737.25,29737.25,29737.25,29737.25
2020-11-25,29184.85,29196.4,29184.85,29196.4
2020-11-26,29549.75,29549.75,29549.75,29549.75
2020-11-27,29587.45,29609.05,29554.85,29609.05
2020-12-01,29774.1,29788.1,29767.9,29786.35
2020-12-02,29420.7,29437.1,29415.85,29431.3
2020-12-03,29474.55,29493.9,29471.65,29484.35
2020-12-04,30145.95,30151.3,30134.85,30138.3
2020-12-07,30187.8,30210.5,30178.2,30189.2
2020-12-08,30250.45,30261.4,30237.4,30237.4
2020-12-09,30692.65,30706.75,30685.75,30695.2
2020-12-10,30508.85,30517.45,30495.45,30514.9
2020-12-11,30609.65,30610.95,30590.2,30600.8
2020-12-14,30746.1,30750.45,30740.2,30746.05
2020-12-15,30681.8,30685.6,30662.5,30662.5
2020-12-16,30670.15,30675.2,30663.1,30667.7
2020-12-17,30829.7,30846.15,30828.05,30835
2020-12-18,30664.15,30672.45,30652.45,30652.45
2020-12-21,29346.35,29347.45,29313.8,29332.3
2020-12-22,29650.3,29650.95,29629.45,29633.85
2020-12-23,29926,29938.25,29917.6,29933.95
2020-12-24,30381.85,30386.5,30370.25,30374.7
2020-12-28,30911.6,30921.25,30902.2,30916.45
2020-12-29,31343.9,31354.65,31338,31349.6
2020-12-30,31247.55,31267.65,31241.05,31259.25
2020-12-31,31255.6,31264,31230.6,31237.8
2021-01-01,31199.3,31216.85,31192.85,31211.1
2021-01-04,31262.95,31275.15,31262.95,31275.15
2021-01-05,31712.1,31723.85,31704.85,31705.6
2021-01-06,31721.15,31739.4,31711.5,31739.4
2021-01-07,31949.6,31978.6,31947.85,31971.5
2021-01-08,32086.1,32098.55,32073.55,32078.15
2021-01-11,32027.05,32030.95,32013.45,32016.05
2021-01-12,32327.8,32353.85,32325.9,32353.85
2021-01-13,32540.55,32560.5,32536.3,32554.85
2021-01-14,32561.35,32582.3,32560.6,32569.6
2021-01-20,32508.7,32523.4,32494.1,32496.95
2021-01-21,32279.4,32301.8,32267.2,32291.05
2021-01-22,31140.1,31187.7,31140.1,31177.95
2021-01-25,31182.2,31211.15,31166.45,31183.9
2021-01-27,30290.25,30302.1,30274,30295.75
2021-01-28,30373.65,30387,30343.8,30347.55
2021-01-29,30619.6,30631.15,30603.6,30612.8
2021-02-01,33241.6,33269.1,33225,33269.1
2021-02-02,34308.65,34319.95,34296.05,34315.3
2021-02-03,34710.35,34713.85,34693.85,34696.45
2021-02-04,35319.65,35326.4,35289.95,35322.35
2021-02-05,35732.9,35763.25,35726.3,35753.85
2021-02-08,36004.3,36010.8,35981.9,35995.5
2021-02-09,36003,36010.1,35991.15,35996.65
2021-02-10,35904.55,35907.25,35878.45,35901.65
2021-02-11,35788.55,35799.1,35781.35,35789.05
2021-02-12,36104.4,36137.2,36099.05,36124.2
2021-02-15,37395.45,37426.55,37388.5,37426.55
2021-02-16,37133.4,37140.2,37120.55,37127.45
2021-02-17,36875.05,36886.55,36861.05,36864.55
2021-02-18,36588.3,36614.6,36574.4,36610.6
2021-02-19,35912.1,35940.8,35902.9,35928.7
2021-02-22,35150.2,35166.6,35137.35,35165.5
2021-02-23,35127.7,35134.35,35105.15,35123.95
2021-02-24,36512.3,36548.1,36500.2,36538.55
2021-02-25,36530,36548.6,36514.75,36544.45
2021-02-26,34793.55,34850.35,34793.55,34849.4
2021-03-01,35339.3,35349.85,35320.45,35339.25
2021-03-02,35469.45,35482.1,35461.3,35473.95
2021-03-03,36340.35,36357.95,36333.3,36347.1
2021-03-04,35789.5,35834.15,35789.5,35834.15
2021-03-05,35315.75,35334.7,35309.8,35333.8
2021-03-08,35312.15,35330.6,35298.45,35307.05
2021-03-09,35844.65,35864.2,35839.35,35841.3
2021-03-10,35946.4,35951.9,35923.3,35945.15
2021-03-12,35454.45,35469.25,35444.55,35453
2021-03-15,35203.6,35224.8,35201.7,35213.95
2021-03-16,34825.75,34828.45,34800.75,34814.2
2021-03-17,34151.1,34151.1,34133.7,34140.85
2021-03-18,33916.35,33932.9,33911,33912.4
2021-03-19,34096.9,34124.3,34095.5,34115.1
2021-03-26,33447.75,33464,33437.3,33445.15
2021-03-30,33857.2,33893.55,33846.75,33893.55
2021-03-31,33344.55,33349.9,33333.2,33340.05
2021-04-01,33896.95,33906.75,33885.65,33905.35
2021-04-05,32719.8,32731.8,32706.7,32714.45
2021-04-06,32544.85,32550.2,32528.95,32540.9
2021-04-07,32972.1,32972.1,32950.15,32958.6
2021-04-08,32784.15,32798.4,32778.45,32798.4
2021-04-09,32441.15,32452.5,32439.35,32446.55
2021-04-12,30890.6,30919.95,30879.7,30904.95
2021-04-13,31758.9,31771.95,31743,31760.95
2021-04-15,32165.25,32178.25,32146.65,32153.8
2021-04-16,31941.3,31956.3,31926.1,31946.15
2021-04-19,31198.85,31214.1,31188.3,31206.6
2021-04-20,31086.6,31093.85,31062.3,31074.75
2021-04-22,31740.3,31742.9,31724.2,31726.55
2021-04-23,31634.95,31650.95,31600.85,31625.85
2021-04-26,32256.45,32276.2,32251.85,32271.2
2021-04-27,32754.3,32768.4,32740.25,32760.25
2021-04-28,33657.15,33665.65,33648.85,33662.65
2021-04-29,33654.3,33671.3,33631.55,33664.2
2021-04-30,32716.2,32726.2,32706.25,32714.35
2021-05-03,32544.75,32560.2,32535.55,32535.55
2021-05-04,32287.75,32298.85,32283.35,32293.75
2021-05-05,32849.55,32861.55,32837.75,32851.55
2021-05-06,32888.5,32891.2,32870.9,32875.7
2021-05-07,32892.3,32899.25,32878.05,32888.25
2021-05-10,33201.85,33206.6,33190.15,33191.5
2021-05-11,32848.25,32854.8,32830.05,32836.25
2021-05-12,32453,32463.7,32452.95,32454.6
2021-05-14,32156.05,32173.5,32148.65,32163.35
2021-05-17,33474.15,33475.9,33451,33460.5
2021-05-18,33948.4,33958.8,33934.6,33954.3
2021-05-19,33664.85,33672.25,33651.2,33659.15
2021-05-20,33388.3,33400.75,33383.4,33400.75
2021-05-21,34659.4,34687.35,34650.6,34686.35
2021-05-24,34826.65,34845.25,34821.9,34835.35
2021-05-31,35483.35,35501.8,35483.35,35484.55
2021-06-01,35345.55,35352.85,35331.7,35333.75
2021-06-02,35387.7,35407.55,35380.45,35397.4
2021-06-03,35651.7,35658.7,35643.85,35653.7
2021-06-04,35339.5,35347.85,35333.9,35339.55
2021-06-07,35414.3,35421.7,35399.95,35403.05
2021-06-08,35086.95,35096.2,35082.7,35083.5
2021-06-09,34823.95,34831.35,34805.4,34808.7
2021-06-10,35137.9,35159.95,35137.9,35146
2021-06-11,35055.25,35059.45,35039.05,35055.4
2021-06-14,34940.65,34942.25,34928.65,34934.4
2021-06-15,35222.85,35231.7,35209.85,35225.55
2021-06-16,35000.3,35000.3,34979.2,34984.7
2021-06-17,34521.5,34536.3,34517.8,34532.7
2021-06-18,34683.5,34704.65,34673.75,34692.25
2021-06-21,34867.9,34881.55,34866.3,34874.3
2021-06-22,34705.3,34718.2,34699.75,34716.5
2021-06-23,34585.6,34601.2,34570.95,34590.5
2021-06-24,34860.9,34869.1,34845.15,34860.75
2021-06-25,35315.6,35338.7,35301.45,35325.05
2021-06-28,35376.5,35401.45,35366.05,35401.4
2021-06-29,35008.6,35012.85,34994.5,35011.85
2021-06-30,34769.7,34784.9,34756.1,34780.55
2021-07-01,34717.9,34733.55,34706.45,34726.25
2021-07-02,34830.15,34836.1,34819.6,34829.15
2021-07-05,35209.75,35221.65,35203,35218.6
2021-07-06,35504.55,35530.45,35496.4,35530.45
2021-07-07,35761.3,35769.7,35751.5,35754.65
2021-07-08,35285.65,35289.65,35276.9,35282.95
2021-07-09,35068.85,35094.7,35067.65,35090.4
2021-07-12,35204.8,35204.8,35183.8,35192.5
2021-07-13,35654.65,35654.65,35633.85,35641.15
2021-07-14,35635.5,35646.4,35617.15,35643.1
2021-07-15,35915.65,35916.45,35892.75,35901.7
2021-07-16,35748.4,35763.2,35742.4,35755.9
2021-07-19,35090.75,35106.1,35089.75,35098.4
2021-07-20,34410.6,34422,34401.75,34415.05
2021-07-22,34692.4,34709.75,34682.25,34708.9
2021-07-23,34997.3,35024.95,34995.9,35012.1
2021-07-26,34925.3,34933.9,34915.55,34921.85
2021-07-27,34794.05,34809.1,34787.55,34801.2
2021-07-28,34536.55,34561.55,34536.55,34558.4
2021-08-03,35199.9,35203.3,35190.2,35199.5
2021-08-04,35997.7,36004.3,35983.45,35994.5
2021-08-05,35766.6,35802.25,35763.3,35799.65
2021-08-06,35868.1,35882.1,35863,35882.1
2021-08-09,36010.1,36020.55,36000.7,36014.8
2021-08-10,36018.65,36028.55,36002.2,36009.55
2021-08-11,35772.35,35786.65,35766.15,35780.35
2021-08-12,35989.15,35996.35,35981.65,35991.75
2021-08-13,36134.65,36155.75,36131.95,36141.45
2021-08-16,36046.7,36063.45,36043.8,36044.45
2021-08-17,35876.95,35891.3,35868.85,35880.3
2021-08-18,35459.2,35480.95,35456.5,35480.95
2021-08-20,35002.55,35033.6,34997.9,35029.8
2021-08-23,35082.8,35094.6,35071.9,35083.8
2021-08-24,35678.85,35693.4,35674.15,35680.45
2021-08-25,35562.15,35564.1,35538.05,35554.65
2021-08-26,35584.9,35614.3,35567.55,35603.4
2021-08-27,35617.65,35626.25,35604.8,35608
2021-08-30,36337.6,36371.65,36337.6,36357.3
2021-08-31,36406.45,36406.45,36373.45,36389.15
2021-09-01,36519.15,36526.75,36509.2,36512.8
2021-09-02,36864.95,36893.15,36857.55,36875.35
2021-09-03,36786.1,36792.3,36756.4,36763.25
2021-09-06,36579.35,36588.25,36570.25,36588.25
2021-09-07,36446.9,36469.3,36446.9,36465
2021-09-08,36834.7,36850.9,36826.55,36850.9
2021-09-09,36668.15,36672.75,36652.7,36670.3
2021-09-13,36481.2,36498.75,36474.95,36496.55
2021-09-14,36603.7,36618.9,36596.75,36614.95
2021-09-15,36822.55,36862.6,36822.55,36860.95
2021-09-16,37689.3,37698.15,37673.2,37682.9
2021-09-17,37872.55,37906.3,37862.9,37892.7
2021-09-20,37083.55,37120.05,37075.75,37114.95
2021-09-21,37285.8,37302.5,37272.6,37298.35
2021-09-22,36991.25,36998.2,36979.35,36987.2
2021-09-23,37811.55,37815.45,37795.7,37811.3
2021-09-24,37783,37802.2,37768.2,37783.5
2021-09-27,38161.05,38177.55,38136.6,38171.75
2021-09-28,37903.5,37906.4,37865.5,37867.8
2021-09-29,37745.35,37751.35,37731.6,37741.8
2021-09-30,37433.6,37439.05,37405.35,37411.05
2021-10-01,37224.2,37241.65,37222.7,37229.05
2021-10-07,37775.65,37804.6,37751.65,37756
2021-10-08,37834.35,37844,37823.7,37835.3
2021-10-11,38283.5,38302.65,38279.8,38290.05
2021-10-12,38505.7,38525.1,38497.8,38516.05
2021-10-13,38596.55,38603.15,38575.35,38584.25
2021-10-14,39306.9,39329.35,39300.25,39329.35
2021-10-18,39657.85,39680.05,39643.75,39668.35
2021-10-19,39546.5,39576.4,39539.5,39569.4
2021-10-20,39547.3,39571.05,39530.75,39557.35
2021-10-21,40159.3,40187.35,40158.4,40164.75
2021-10-22,40327.05,40335.75,40312.65,40325.7
2021-10-25,41250.1,41266.4,41241.6,41266.4
2021-10-26,41286.25,41316,41279.95,41297.25
2021-10-27,40774,40800.25,40756.55,40800.25
2021-10-28,39521.35,39565.85,39518.35,39559.9
2021-10-29,39254.8,39280.5,39246.55,39270.55
2021-11-01,39823.4,39850.5,39814.7,39834.75
2021-11-02,39879.9,39897.15,39874.05,39897.15
2021-11-03,39393.65,39421.35,39388.8,39416.45
2021-11-04,39561.55,39572.25,39553.2,39564.1
2021-11-08,39479.7,39506.15,39475.35,39487.05
2021-11-09,39373.8,39401.85,39373.8,39401.7
2021-11-10,39011.9,39028.35,39004.55,39022.8
2021-11-11,38563.25,38571.6,38553.95,38571.6
2021-11-12,38723.2,38754.6,38722.2,38751.85
2021-11-15,38678.85,38688,38672.3,38675.85
2021-11-16,38256.6,38260.25,38228.9,38239.55
2021-11-17,37991.95,38006.05,37984.8,38006.05
2021-11-18,37950.1,37962.85,37925.35,37941.95
2021-11-22,37248.4,37255.5,37232.35,37252.3
2021-11-23,37243.1,37273.7,37231.85,37257.55
2021-11-24,37355.95,37360.35,37329.75,37346.7
2021-11-25,37380.75,37387.25,37366.3,37382.25
2021-11-26,35916,35960.2,35912.95,35951.9
2021-11-29,35949.2,35950,35926.55,35934.7
2021-11-30,35564.9,35612,35560.1,35600.45
2021-12-01,36364.85,36391.35,36351.75,36385.9
2021-12-02,36539.65,36551.25,36524.2,36535.65
2021-12-03,36188.7,36219.7,36179.95,36213.6
2021-12-13,36954.15,36967.55,36939.15,36962.2
2021-12-14,36873.15,36894.75,36866.7,36894.75
2021-12-15,36754.8,36770.75,36747.3,36769.25
2021-12-16,36579.45,36596.7,36567.55,36585.45
2021-12-17,35658.05,35694.75,35658.05,35679.85
2021-12-20,34421.8,34443.95,34420.45,34436.5
2021-12-21,34647.2,34665.9,34632.7,34664.75
2021-12-22,35098.25,35104.85,35076.4,35095.25
2021-12-23,35087,35091.7,35068.1,35082.85
2021-12-24,34859.05,34879.65,34854.5,34879.65
2021-12-27,35086.45,35102.25,35077.35,35097.6
2021-12-28,35169.6,35181.1,35166.05,35173.35
2021-12-29,34929.7,34946.45,34920.05,34946.45
2021-12-30,35125.4,35155.2,35118.85,35131.1
2021-12-31,35488.85,35514.55,35484.55,35510.95
2022-01-03,36459.25,36485,36455.35,36467.65
2022-01-04,36858.2,36863.65,36847.1,36856.75
2022-01-05,37662.1,37666.55,37636.65,37644.9
2022-01-06,37482.25,37495.95,37467.5,37470.45
2022-01-07,37787.4,37788.5,37750.95,37755.1
2022-01-10,38370.95,38378.3,38336.25,38344.95
2022-01-11,38462,38462,38426.05,38433.55
2022-01-12,38711.2,38711.2,38695.25,38708.85
2022-01-13,38464.05,38471.55,38455.15,38465.7
2022-01-14,38305.5,38321.15,38304.95,38312.8
2022-01-17,38240.25,38255.55,38237.5,38243.85
2022-01-18,38209.9,38227.05,38200.35,38214.8
2022-01-19,38057,38091,38049.3,38058.85
2022-01-20,37895.25,37914.05,37891.25,37908.65
2022-01-21,37699.8,37738.65,37694.2,37738.65
2022-01-24,36832.25,36839.65,36808.15,36834.9
2022-01-25,37736.65,37742.3,37703.95,37714
2022-01-27,38094.15,38136.35,38090.3,38100.6
2022-01-28,37700.15,37701.1,37669.6,37687.5
2022-01-31,37949.45,37961.3,37944.5,37957.65
2022-02-01,38569.25,38585.7,38560.35,38569.4
2022-02-02,39319.95,39341.1,39315.7,39338.2
2022-02-03,38888.5,38893.5,38867.5,38880.6
2022-02-04,38726,38739.6,38718.5,38735.55
2022-02-07,37988.35,38005.75,37984.15,37990.2
2022-02-08,37918.35,37950,37918.35,37942.65
2022-02-14,36867.65,36868.5,36829.2,36847.45
2022-02-15,38180.9,38190,38144.95,38152.85
2022-02-16,37842.15,37875.15,37840.7,37863.65
2022-02-17,37455.05,37462.85,37448.35,37458.9
2022-02-18,37567.95,37586.15,37565.2,37570.6
2022-02-21,37683.9,37702.7,37671.8,37702.7
2022-02-22,37334.85,37356.5,37321.05,37340.8
2022-02-23,37359.85,37375.15,37349.9,37358.15
2022-02-24,35032.25,35095.25,35032.25,35095.25
2022-02-25,36446.1,36485.4,36434.2,36485.4
2022-02-28,36181.7,36211.6,36181.7,36211.6
2022-03-02,35455.35,35475.9,35444,35475.8
2022-03-03,34933.75,34973.25,34933.75,34959.45
2022-03-04,34350.1,34379.55,34343.3,34376.35
2022-03-07,32927.4,32941.7,32886.05,32914.55
2022-03-08,33189.45,33206.9,33180.3,33206.9
2022-03-09,33863.3,33900.75,33860.25,33891.25
2022-03-10,34368.8,34400.7,34368,34400.7
2022-03-11,34542.25,34551.85,34532.5,34546.7
2022-03-14,35343.05,35357.1,35331.75,35343.65
2022-03-15,34938.35,34961,34929.3,34941.7
2022-03-16,35704.15,35711.65,35684.65,35689.3
2022-03-17,36389.25,36397.75,36354.5,36388.55
2022-03-21,36033.75,36057.85,36033.75,36046.15
2022-03-22,36445.8,36464.6,36439.95,36439.95
2022-03-23,36097.35,36105.75,36075.9,36084.95
2022-03-24,35508.75,35529.45,35506.05,35526.85
2022-03-25,35538.8,35546.35,35527.55,35536.45
2022-03-28,35748.25,35765.8,35740.3,35749.25
2022-03-29,35947.25,35957.75,35905.85,35923.9
2022-03-30,36318.05,36338.1,36306.3,36324.35
2022-03-31,36352.6,36375,36343.9,36371
2022-04-01,37170.35,37175.2,37138.9,37158.9
2022-04-04,38599.05,38604.7,38581.95,38600.85
2022-04-05,37952.2,37968,37943.65,37968
2022-04-06,37591.5,37603.5,37579.95,37591.55
2022-04-07,37586.15,37605.9,37581.9,37599.3
2022-04-08,37788.45,37803.1,37783.9,37803.1
2022-04-11,37648.55,37656.75,37632.6,37645.75
2022-04-12,37739,37768.05,37730.9,37747.85
2022-04-13,37430.5,37453.4,37428.2,37439.8
2022-04-20,36346,36363.3,36340.45,36351.55
2022-04-21,36885.2,36913,36883.3,36911.25
2022-04-22,35995.1,36014.55,35994.65,36008.2
2022-04-25,36174.45,36195.45,36168.95,36192.85
2022-04-26,36389.5,36397.5,36377.55,36390.15
2022-04-27,36056.45,36070.05,36042.5,36045.85
2022-04-28,36435.6,36439.4,36413.7,36424
2022-04-29,36063.35,36070.9,36042.7,36063.75
2022-05-02,36124.95,36164.45,36124.95,36138.45
2022-05-04,35294.7,35317.55,35282.25,35317.55
2022-05-05,35153,35160.9,35140.3,35160.1
2022-05-06,34671.9,34682.35,34652.95,34681.5
2022-05-09,34298.2,34321.05,34292.05,34321.05
2022-05-10,34416.95,34434.2,34412.35,34418.2
2022-05-11,34763.5,34791.7,34754.45,34776.25
2022-05-12,33521.3,33559.55,33515.1,33559.55
2022-05-13,33065.15,33086.35,33052,33086.35
2022-05-16,33612.7,33651.3,33612.7,33643.35
2022-05-17,34328.5,34348.75,34325.6,34346.75
2022-05-18,34166.4,34202,34163.45,34198.35
2022-05-19,33352,33365.05,33338.7,33359
2022-05-20,34304.5,34324.3,34300.7,34311.55
2022-05-23,34138.35,34165.4,34138.35,34157.8
2022-05-24,34283.65,34317.9,34280.6,34305.7
2022-05-25,34301.8,34315.6,34287.65,34313.9
2022-05-26,35191.65,35206.9,35185.3,35199.2
2022-05-27,35629.8,35636.25,35612.9,35617.7
2022-05-30,35840.45,35859.35,35832.05,35832.05
2022-05-31,35351.4,35381.1,35333.8,35362.85
2022-06-01,35682.35,35700.1,35658.6,35679.7
2022-06-02,35615.65,35623.5,35601.35,35608.25
2022-06-03,35273.9,35292.5,35257.75,35277.4
2022-06-06,35310.5,35324.3,35298.75,35314.05
2022-06-07,34994.55,34996.55,34972.05,34972.05
2022-06-08,34898,34903.35,34882.75,34888.75
2022-06-09,35116.85,35134.25,35094.65,35116.8
2022-06-10,34468.45,34485.7,34454.75,34479.4
2022-06-13,33452.9,33454.4,33439.55,33441.7
2022-06-14,33299.4,33332.3,33293.9,33329.55
2022-06-15,33323.4,33351.85,33316.95,33330
2022-06-16,32565.8,32573.8,32549.45,32573.8
2022-06-17,32836,32881.3,32820.3,32857.05
2022-06-24,33647.65,33656.85,33644.1,33655.9
2022-06-27,33815.95,33842.9,33794.45,33814.8
2022-06-28,33682.1,33722.5,33668.7,33692.25
2022-06-29,33241,33255.75,33227.7,33239.25
2022-06-30,33349.5,33370.85,33343.25,33360.6
2022-07-01,33613.95,33624.1,33597.65,33605.35
2022-07-04,33947.4,33965.1,33947.2,33964.75
2022-07-05,33770.4,33782.3,33760.35,33769.4
2022-07-06,34347.35,34364.55,34344.15,34355.55
2022-07-07,34947.1,34959.4,34922.1,34935.45
2022-07-08,35122.85,35138.25,35113,35125.55
2022-07-11,35424.15,35448.5,35421.5,35442.2
2022-07-12,35066.15,35078.35,35053.05,35054.05
2022-07-13,34825.7,34830.7,34816.15,34818.9
2022-07-14,34654.95,34672.4,34651.65,34663.15
2022-07-15,34696.45,34711.9,34687.8,34704.85
2022-07-18,35344.9,35361.75,35341.85,35354
2022-07-19,35701.75,35714.45,35697.4,35708.15
2022-07-20,35897.75,35902.75,35877.25,35890.85
2022-07-21,36231.25,36246.65,36216.1,36226.15
2022-07-22,36713.45,36737.05,36713.45,36737.05
2022-07-25,36671.65,36685.85,36660.8,36667.85
2022-07-26,36340.65,36354.15,36335.95,36349.85
2022-07-27,36779.45,36795.4,36764.15,36795.4
2022-07-28,37356.15,37377.65,37330.6,37336.25
2022-07-29,37492.85,37504.8,37480.9,37486
2022-08-01,37879.25,37888.1,37860.95,37867.15
2022-08-02,37869.9,37887.5,37863.1,37876.3
2022-08-03,38006.45,38014.8,37990.75,37999.7
2022-08-04,37705.95,37713.45,37674.65,37687.95
2022-08-05,37928.95,37935.75,37897.7,37907.25
2022-08-08,38232.85,38252.15,38226.65,38251.2
2022-08-10,38283.6,38284.5,38272.8,38277
2022-08-11,38840.55,38849.05,38830.25,38835.1
2022-08-12,39059.8,39060.35,39038.9,39052.35
2022-08-16,39263.5,39272.2,39241.7,39247.35
2022-08-17,39424.1,39432.45,39408.65,39416.2
2022-08-18,39674,39678.05,39666.45,39670.8
2022-08-19,38913.25,38923.5,38895.2,38900.15
2022-08-22,38313.05,38331.2,38299.05,38331.2
2022-08-29,38345.6,38358.25,38333,38346.85
2022-08-30,39537.4,39541.75,39513.75,39520.35
2022-09-01,39335.2,39351.5,39322.25,39345.8
2022-09-02,39373.45,39399.85,39357.25,39375
2022-09-05,39777.25,39784.45,39754.45,39754.45
2022-09-06,39638.7,39676.2,39633.85,39673.3
2022-09-07,39449.85,39467.5,39443.05,39457.65
2022-09-08,40241.3,40246.75,40229.75,40242.1
2022-09-09,40383.55,40403.9,40364.2,40385
2022-09-12,40560.35,40563.6,40533.1,40561.5
2022-09-13,40875.65,40892.3,40863.65,40864.95
2022-09-14,41347.2,41393.35,41341.85,41373.65
2022-09-15,41190.35,41211.5,41178.75,41208.45
2022-09-16,40797.25,40850.7,40784.85,40825.15
2022-09-19,40956.85,40977.55,40951.05,40966.05
2022-09-20,41403.55,41425.95,41399.25,41414.7
2022-09-21,41197.95,41203.9,41187.5,41197.6
2022-09-22,40633.85,40656.2,40630.55,40637.3
2022-09-23,39549.5,39558,39543.55,39555.35
2022-09-26,38655.15,38661.45,38631.35,38661.45
2022-09-27,38497.1,38526.3,38483.7,38526.3
2022-09-28,37634.85,37676.8,37633.7,37676.8
2022-09-29,37701.65,37712.95,37680.65,37695.3
2022-09-30,38701.75,38726.5,38689.45,38702.75
2022-10-03,37988.4,37988.4,37967.95,37974.9
2022-10-04,39133.25,39145.95,39110.15,39121.85
2022-10-06,39259.45,39266,39238.25,39239.25
2022-10-07,39196.6,39208.4,39188.95,39199.4
2022-10-10,39100.05,39113.7,39091.6,39113.7
2022-10-11,38647.05,38666.95,38633.15,38646.45
2022-10-12,39140.05,39142.9,39128.6,39128.6
2022-10-13,38651.4,38658.1,38638.2,38658.1
2022-10-14,39344.95,39377.7,39338.7,39370.65
2022-10-17,39921.5,39971.5,39921.5,39959.45
2022-10-18,40311.35,40322.55,40303.1,40303.95
2022-10-19,40398.3,40405.45,40379.95,40379.95
2022-10-20,40123.1,40131.05,40105.5,40116
2022-10-21,40874,40897.65,40856.8,40881.6
2022-10-24,41348.3515625,41427.25,41201.1484375,41304.8984375
2022-10-25,41513.6484375,41530.6484375,41021.44921875,41122.75
2022-10-27,41440.69921875,41511.80078125,41178.6484375,41299.30078125
2022-10-28,41236.80078125,41482.3984375,40839.30078125,40990.8515625
2022-10-31,41265.69921875,41353.69921875,41106.1015625,41307.8984375
2022-11-01,41552.3984375,41677.25,41188.55078125,41289.55078125
2022-11-02,41472.6015625,41474.30078125,41060.44921875,41146.6484375
2022-11-03,40873.69921875,41478,40819.1484375,41298.3515625
2022-11-04,41314.8515625,41516.19921875,41051.1484375,41258.44921875
2022-11-07,41740.6484375,41779.3984375,41337.05078125,41686.69921875
2022-11-09,41914.8515625,41948.8984375,41667.8984375,41783.19921875
2022-11-10,41462.8515625,41643.8984375,41318.6015625,41603.75
2022-11-11,42163.3984375,42345.5,41918.1015625,42137.05078125
2022-11-14,42177.55078125,42231.44921875,41965.44921875,42076.75
2022-11-15,42234.8515625,42450.05078125,42079.55078125,42372.69921875
2022-11-16,42371.80078125,42611.75,42296.30078125,42535.30078125
2022-11-17,42399.6484375,42622.75,42366.55078125,42458.05078125
2022-11-18,42545.75,42590.75,42223.69921875,42437.44921875
2022-11-21,42286.94921875,42386.80078125,42202.55078125,42346.55078125
2022-11-22,42467.3984375,42508.75,42347.1484375,42457.05078125
2022-11-23,42668.55078125,42860.55078125,42556.3984375,42729.1015625
2022-11-24,42838.3515625,43163.3984375,42769.6484375,43075.3984375
2022-11-25,43192.44921875,43339.1484375,42864.94921875,42983.94921875
2022-11-28,42757.19921875,43159.80078125,42740,43020.44921875
2022-11-29,42959.3984375,43279.6015625,42959.3984375,43053.44921875
2022-11-30,43122.75,43332.30078125,42880.05078125,43231
2022-12-01,43512.1015625,43515.05078125,43101.8515625,43260.6484375
2022-12-02,42976.69921875,43131.8984375,42937.80078125,43103.75
2022-12-05,43269.3515625,43372.1484375,42985,43332.94921875
2022-12-06,43093.8984375,43306.8515625,43076.3984375,43138.55078125
2022-12-07,43157.3515625,43327.3515625,42948.44921875,43098.69921875
2022-12-08,43142.25,43640.8984375,43095.30078125,43596.8515625
2022-12-09,43765.30078125,43853.3984375,43361.69921875,43633.44921875
2022-12-12,43455.8515625,43767.05078125,43378.80078125,43708.75
2022-12-13,43793.69921875,43983.80078125,43767.75,43946.55078125
2022-12-14,44078.6015625,44151.80078125,43987.94921875,44049.1015625
2022-12-15,43940.1015625,44120.6015625,43379.1015625,43498.19921875
2022-12-16,43261.75,43598.19921875,43080.55078125,43219.5
2022-12-19,43346.3515625,43451.44921875,43110.30078125,43413.75
2022-12-20,43152.6484375,43426.19921875,42955.3984375,43359.5
2022-12-21,43525.75,43614.6484375,42363.80078125,42617.94921875
2022-12-22,42864,42933.5,42231.3515625,42408.80078125
2022-12-23,41951.3515625,42226.6484375,41597.6484375,41668.05078125
2022-12-27,42827.75,42927.19921875,42394.1484375,42859.5
2022-12-28,42733.6015625,43034.94921875,42694.8515625,42827.69921875
2022-12-29,42684.8984375,43498.05078125,42489.80078125,43252.3515625
2022-12-30,43401.69921875,43422.94921875,42833.1015625,42986.44921875
2023-01-02,43038.25,43382.75,42961.75,43203.1015625
2023-01-03,43151.44921875,43482.80078125,43148.44921875,43425.25
2023-01-04,43417.5,43578.3984375,42858.6484375,42958.80078125
2023-01-05,43073.05078125,43137.55078125,42298.6015625,42608.69921875
2023-01-06,42649.69921875,42685.8984375,41877,42188.80078125
2023-01-09,42404.8515625,42716.80078125,42186.55078125,42582.75
2023-01-10,42642,42674.25,41835.75,42014.75
2023-01-11,42071.8515625,42318,41729,42232.69921875
2023-01-12,42238.5,42343.5,41742.94921875,42082.25
2023-01-13,42171.25,42453.94921875,41885.6015625,42371.25
2023-01-16,42622.5,42715.6484375,42066.55078125,42167.55078125
2023-01-17,42241.19921875,42383.80078125,41861.1015625,42235.05078125
2023-01-18,42271.80078125,42555.8984375,42119.6484375,42458
2023-01-19,42416.30078125,42506.25,42234.8984375,42328.8515625
2023-01-20,42516.05078125,42709.19921875,42366.1484375,42506.80078125
2023-01-23,42891.44921875,43005.8515625,42727.69921875,42821.25
2023-01-24,42994.44921875,43078.8984375,42615.6484375,42733.44921875
2023-01-25,42703.6015625,42733.05078125,41540.30078125,41647.6484375
2023-01-27,41382.3515625,41417.8984375,40148.80078125,40345.30078125
2023-01-30,39856.1484375,40789.55078125,39419.80078125,40387.44921875
2023-01-31,40563.8515625,40811.6484375,40167.69921875,40655.05078125
2023-02-01,41115,42015.6484375,39490.5,40513
2023-02-02,39943.3515625,40757.6015625,39761.44921875,40669.30078125
2023-02-03,41019.3515625,41539.94921875,40609.75,41499.69921875
2023-02-06,41530.1484375,41724.5,41261.19921875,41374.6484375
2023-02-07,41513.1015625,41630.75,41095.1015625,41490.94921875
2023-02-08,41542.05078125,41791.94921875,41403.05078125,41537.6484375
2023-02-09,41634,41634,41252.94921875,41554.30078125
2023-02-10,41452.3984375,41678.8984375,41424.8984375,41559.3984375
2023-02-13,41563.5,41662.55078125,41157.8984375,41282.19921875
2023-02-14,41410.44921875,41718,41195.75,41648.3515625
2023-02-15,41674.6015625,41795.44921875,41455.6015625,41731.05078125
2023-02-16,41925.69921875,41979.1015625,41521.94921875,41631.3515625
2023-02-17,41514,41516.30078125,40882.69921875,41131.75
2023-02-20,41221.55078125,41292.6015625,40580.1015625,40701.69921875
2023-02-21,40784.8984375,40946.19921875,40508.25,40673.6015625
2023-02-22,40494.1484375,40529.25,39899,39995.8984375
2023-02-23,39983.69921875,40147.80078125,39600.25,40001.55078125
2023-02-24,40259.1015625,40348.1015625,39818.8984375,39909.3984375
2023-02-27,39820.3984375,40371.44921875,39745.3984375,40307.1015625
2023-02-28,40302.69921875,40391.44921875,40073,40269.05078125
2023-03-01,40473.8515625,40725.3515625,40341.94921875,40698.1484375
2023-03-02,40604.55078125,40773.25,40312.8984375,40389.80078125
2023-03-03,40671.3984375,41390.1484375,40605.3515625,41251.3515625
2023-03-06,41418.3984375,41671.19921875,41259.1484375,41350.3984375
2023-03-08,41178.3515625,41625.3515625,41100.3515625,41577.1015625
2023-03-09,41532.6484375,41659,41208.1015625,41256.75
2023-03-10,40805.25,40839,40341.69921875,40485.44921875
2023-03-13,40356.1015625,40690.05078125,39454.6015625,39564.69921875
2023-03-14,39522.3984375,39768.5,39132.6015625,39411.3984375
2023-03-15,39777.8984375,39914.1015625,38934.6484375,39051.5
2023-03-16,39061.69921875,39381.3984375,38613.1484375,39132.6015625
2023-03-17,39442.3984375,39705.1484375,38926.80078125,39598.1015625
2023-03-20,39512.1015625,39512.1015625,38941.8984375,39361.94921875
2023-03-21,39599.6484375,39970.8984375,39366.30078125,39894.69921875
2023-03-22,40036,40085.6015625,39837.80078125,39999.05078125
2023-03-23,39836.1484375,40201.6015625,39552.5,39616.8984375
2023-03-24,39555.25,39767.8984375,39294.8984375,39395.3515625
2023-03-27,39484.69921875,39695.19921875,39273.75,39431.30078125
2023-03-28,39545.05078125,39645.19921875,39326.1015625,39567.8984375
2023-03-29,39611.55078125,40055,39609.55078125,39910.1484375
2023-03-31,40231.25,40690.3984375,40180.19921875,40608.6484375
2023-04-03,40695.80078125,40857.6015625,40535.8984375,40813.05078125
2023-04-05,40972.30078125,41071.1484375,40802.6484375,40999.1484375
2023-04-06,40940.69921875,41274.69921875,40820.55078125,41041
2023-04-10,41116.1484375,41139.8515625,40727.25,40834.6484375
2023-04-11,41232,41403.25,40990.19921875,41366.5
2023-04-12,41426,41610.1484375,41332,41557.94921875
2023-04-13,41680.1015625,42196.19921875,41502.6484375,42132.55078125
2023-04-17,42603.55078125,42603.55078125,41799,42262.55078125
2023-04-18,42406.94921875,42500.69921875,42114.3515625,42265.19921875
2023-04-19,42280.1015625,42339.8984375,42022.1484375,42154
2023-04-20,42218.5,42378.1484375,42108.8515625,42269.5
2023-04-21,42252.55078125,42382.1484375,41962.3515625,42118
2023-04-24,42469.94921875,42714.1484375,42269.1015625,42635.75
2023-04-25,42731.6015625,42865.55078125,42601.5,42678.5
2023-04-26,42559.05078125,42875.6015625,42432.25,42829.8984375
2023-04-27,42753.8984375,43043.3984375,42736.6015625,43000.8515625
2023-04-28,43045.5,43302.05078125,42810.3515625,43233.8984375
2023-05-02,43045.5,43302.050781,42810.351563,43233.898438
2023-05-03,43395.050781,43483.851563,43269.398438,43352.101563
2023-05-04,43154.851563,43354.949219,43078.148438,43312.699219
2023-05-05,43236.101563,43739.800781,43213.949219,43685.449219
2023-05-08,43110.648438,43588,42582.199219,42661.199219
2023-05-09,42796.851563,43418.550781,42780.300781,43284
2023-05-10,43438.550781,43533.25,43125.851563,43198.148438
2023-05-11,43275.25,43383.648438,42822.148438,43331.050781
2023-05-12,43535.101563,43774.25,43367.25,43475.300781
2023-05-15,43447.148438,43905.949219,43347.75,43793.550781
2023-05-16,43821.050781,44151.699219,43666.601563,44072.101563
2023-05-17,44144.148438,44144.148438,43815.699219,43903.699219
2023-05-18,43948.5,43992.75,43446.398438,43698.699219
2023-05-19,44006.898438,44079.199219,43673.699219,43752.300781
2023-05-22,43930,44020.898438,43531.898438,43969.398438
2023-05-23,43935.300781,44026.75,43684.898438,43885.101563
2023-05-24,43978.898438,44095.25,43852.199219,43954.449219
2023-05-25,43751.949219,44010.449219,43639.800781,43677.851563
2023-05-26,43630.25,43719.851563,43390.300781,43681.398438
2023-05-29,43765.351563,44067.601563,43588.800781,44018
2023-05-30,44276.800781,44483.351563,44193.949219,44311.898438
2023-05-31,44277.351563,44498.601563,44207.5,44436.351563
2023-06-01,44318,44339.050781,43822.699219,44128.148438
2023-06-02,44172.050781,44179.949219,43706.148438,43790.199219
2023-06-05,43997.300781,44088.898438,43812.550781,43937.851563
2023-06-06,44103.25,44266.148438,44074.199219,44101.648438
2023-06-07,44156.699219,44236.199219,44009.699219,44164.550781
2023-06-08,44318.699219,44346.300781,44143.5,44275.300781
2023-06-09,44208.300781,44459.25,43917.898438,43995.25
2023-06-12,44045.75,44220.101563,43932.601563,43989
2023-06-13,44035.199219,44124.949219,43874.050781,43944.199219
2023-06-14,43889.699219,44138.148438,43889.699219,44079.851563
2023-06-15,44181.648438,44212.351563,43956.148438,43988
2023-06-16,44054.351563,44077.449219,43397.5,43443.601563
2023-06-19,43583.351563,44083.25,43536.949219,43938.148438
2023-06-20,44015.300781,44040.351563,43501.398438,43633.75
2023-06-21,43597.550781,43823.949219,43345.949219,43766.5
2023-06-22,43894.398438,43946.699219,43698.949219,43859.199219
2023-06-23,43874.800781,44042.148438,43663.351563,43724.851563
2023-06-26,43641.601563,43824.101563,43519.550781,43622.898438
2023-06-27,43714.75,43773.101563,43541.75,43641.050781
2023-06-28,43804.550781,44194.648438,43693.148438,44121.5
2023-06-30,44419.5,44508.398438,44163.199219,44327.800781
2023-07-03,44666,44787.101563,44447.199219,44747.351563
2023-07-04,44957.949219,45353.199219,44882.101563,45158.101563
2023-07-05,45310.550781,45655.5,45000.25,45301.449219
2023-07-06,45169.699219,45418.898438,45073.398438,45151.800781
2023-07-07,45060.550781,45417.5,45042.601563,45339.898438
2023-07-10,45118.050781,45227.25,44844.800781,44925
2023-07-11,44958.648438,45184.300781,44721.898438,44860.851563
2023-07-12,44998,45139.550781,44663.050781,44745.050781
2023-07-13,44872.601563,44937.25,44562.398438,44639.449219
2023-07-14,45009.300781,45085.148438,44612.199219,44665.050781
2023-07-17,44860.648438,44923.851563,44547.800781,44819.300781
2023-07-18,44951.199219,45556.449219,44695.050781,45449.75
2023-07-19,45754.800781,45905.851563,45281.300781,45410.851563
2023-07-20,45622.5,45707.398438,45433,45669.300781
2023-07-21,45689.050781,46256.199219,45640.949219,46186.898438
2023-07-24,46063.949219,46369.5,45925.898438,46075.199219
2023-07-25,46131.898438,46191.5,45858.75,45923.050781
2023-07-26,46154.699219,46156.101563,45622.851563,45845
2023-07-27,45935.148438,46096.601563,45804.699219,46062.351563
2023-07-28,46285.851563,46310.101563,45570.648438,45679.300781
2023-07-31,45560.898438,45727.75,45238.800781,45468.101563
2023-08-01,45546.351563,45694.898438,45359.75,45651.101563
2023-08-02,45740,45782.75,45471.050781,45592.5
2023-08-03,45234.648438,45404.898438,44720.898438,44995.699219
2023-08-04,44862.851563,45038.449219,44279.398438,44513.449219
2023-08-07,44754.75,45118.050781,44520.550781,44879.5
2023-08-08,44993.699219,45011.351563,44773.851563,44837.5
2023-08-09,44888.949219,45096.851563,44817.851563,44964.449219
2023-08-10,44973.449219,44975,44533.75,44880.699219
2023-08-11,44797.648438,44980.351563,44418.398438,44541.800781
2023-08-14,44568.148438,44571.25,44120.898438,44199.101563
2023-08-16,44066.601563,44212.75,43776.898438,44090.949219
2023-08-17,43726.25,44002.800781,43600.351563,43946.398438
2023-08-18,43897.25,44071.851563,43745.101563,43891.351563
2023-08-21,43724.75,43957.648438,43672.449219,43851.050781
2023-08-22,43952.851563,44113.800781,43862,44002
2023-08-23,44125,44151.300781,43938.699219,43993.25
2023-08-24,44064.5,44521.648438,43952.050781,44479.050781
2023-08-25,44704.199219,44949.898438,44433.75,44496.199219
2023-08-28,44276.199219,44359.101563,43983.75,44231.449219
2023-08-29,44253.648438,44610.398438,44201.449219,44494.648438
2023-08-30,44655.75,44673,44429.800781,44495.25
2023-08-31,44706.550781,44779.648438,44149.800781,44232.601563
2023-09-01,44265.851563,44399.648438,43895.050781,43989.148438
2023-09-04,43996.101563,44568.550781,43830.75,44436.101563
2023-09-05,44647.648438,44656.050781,44310.949219,44578.300781
2023-09-06,44625.050781,44668.699219,44401.699219,44532.148438
2023-09-07,44494.648438,44577,44207.25,44409.101563
2023-09-08,44418.050781,44915.550781,44341.199219,44878.351563
2023-09-11,44953.648438,45383.351563,44812.148438,45156.398438
2023-09-12,45340.800781,45636.199219,45231.300781,45570.699219
2023-09-13,45893.800781,45893.800781,45322.550781,45511.351563
2023-09-14,45449.351563,45990.5,45299.398438,45909.449219
2023-09-15,46013.300781,46153.898438,45801.5,46000.851563
2023-09-18,46122.148438,46310.398438,46028.75,46231.5
2023-09-20,46100.949219,46252.949219,45906.898438,45979.851563
2023-09-21,45493.699219,45745.148438,45276.398438,45384.601563
2023-09-22,45179.601563,45276.800781,44592.449219,44623.851563
2023-09-25,44707.351563,44996.75,44548.898438,44612.050781
2023-09-26,44615,44936.550781,44400.898438,44766.101563
2023-09-27,44722.5,44773.800781,44532.449219,44624.199219
2023-09-28,44465.898438,44668,44182.5,44588.300781
2023-09-29,44700.351563,44756.800781,44248.199219,44300.949219
2023-10-03,44445.351563,44755.050781,44344.898438,44584.550781
2023-10-04,44561.5,44566.300781,44243.101563,44399.050781
2023-10-05,44108.148438,44161.351563,43857.5,43964.050781
2023-10-06,44181.351563,44391.851563,44108.300781,44213.351563
2023-10-09,44395.398438,44500.699219,44242.949219,44360.601563
2023-10-10,44057.800781,44113.199219,43796.75,43886.5
2023-10-11,44027.550781,44487.25,44004.550781,44360.148438
2023-10-12,44554.898438,44710.550781,44411.398438,44516.898438
2023-10-13,44571.550781,44693.050781,44530.050781,44599.199219
2023-10-16,44322.050781,44563.050781,44203.699219,44287.949219
2023-10-17,44204.75,44356.949219,44044.398438,44225.898438
2023-10-18,44589.800781,44589.851563,44336.949219,44409.5
2023-10-19,44404.199219,44412.5,43861.449219,43888.699219
2023-10-20,43616.75,44058.800781,43558.101563,43754.5
2023-10-23,43584.25,43877.5,43567.449219,43723.050781
2023-10-25,43822.699219,43831.300781,43029.449219,43151.199219
2023-10-26,43308.300781,43397.449219,42758.398438,42832
2023-10-27,42708.398438,42716.199219,42105.398438,42280.148438
2023-10-30,42555.601563,42840.148438,42482.75,42782
2023-10-31,42721.398438,43112.5,42390.5,43039.148438
2023-11-01,43356.851563,43356.851563,42797.148438,42845.949219
2023-11-02,42694.25,42815.148438,42589.648438,42700.949219
2023-11-03,43018.699219,43271.5,42796.449219,43017.199219
2023-11-06,43318.300781,43416.101563,43221,43318.25
