Date,Open,High,Low,Close,Adj Close,Volume
2020-01-02,3244.669922,3258.139893,3235.530029,3257.850098,3257.850098,3459930000
2020-01-03,3226.360107,3246.149902,3222.340088,3234.850098,3234.850098,3484700000
2020-01-06,3217.550049,3246.840088,3214.639893,3246.280029,3246.280029,3702460000
2020-01-07,3241.860107,3244.909912,3232.429932,3237.179932,3237.179932,3435910000
2020-01-08,3238.590088,3267.070068,3236.669922,3253.050049,3253.050049,3726840000
2020-01-09,3266.030029,3275.580078,3263.669922,3274.699951,3274.699951,3641230000
2020-01-10,3281.810059,3282.98999,3260.860107,3265.350098,3265.350098,3214580000
2020-01-13,3271.129883,3288.129883,3268.429932,3288.129883,3288.129883,3459390000
2020-01-14,3285.350098,3294.25,3277.189941,3283.149902,3283.149902,3687620000
2020-01-15,3282.27002,3298.659912,3280.689941,3289.290039,3289.290039,3721490000
2020-01-16,3302.969971,3317.110107,3302.820068,3316.810059,3316.810059,3540580000
2020-01-17,3323.659912,3329.879883,3318.860107,3329.620117,3329.620117,3726220000
2020-01-21,3321.030029,3329.790039,3316.610107,3320.790039,3320.790039,4104840000
2020-01-22,3330.02002,3337.77002,3320.040039,3321.75,3321.75,3623780000
2020-01-23,3315.77002,3326.879883,3301.870117,3325.540039,3325.540039,3766710000
2020-01-24,3333.100098,3333.179932,3281.530029,3295.469971,3295.469971,3708780000
2020-01-27,3247.159912,3258.850098,3234.5,3243.629883,3243.629883,3831050000
2020-01-28,3255.350098,3285.780029,3253.219971,3276.23999,3276.23999,3531570000
2020-01-29,3289.459961,3293.469971,3271.889893,3273.399902,3273.399902,3600250000
2020-01-30,3256.449951,3285.909912,3242.800049,3283.659912,3283.659912,3790350000
2020-01-31,3282.330078,3282.330078,3214.679932,3225.52002,3225.52002,4529700000
2020-02-03,3235.659912,3268.439941,3235.659912,3248.919922,3248.919922,3760460000
2020-02-04,3280.610107,3306.919922,3280.610107,3297.590088,3297.590088,3996900000
2020-02-05,3324.909912,3337.580078,3313.75,3334.689941,3334.689941,4121480000
2020-02-06,3344.919922,3347.959961,3334.389893,3345.780029,3345.780029,3887250000
2020-02-07,3335.540039,3341.419922,3322.120117,3327.709961,3327.709961,3733920000
2020-02-10,3318.280029,3352.26001,3317.77002,3352.090088,3352.090088,3462730000
2020-02-11,3365.870117,3375.629883,3352.719971,3357.75,3357.75,3762940000
2020-02-12,3370.5,3381.469971,3369.719971,3379.449951,3379.449951,3930910000
2020-02-13,3365.899902,3385.090088,3360.52002,3373.939941,3373.939941,3500890000
2020-02-14,3378.080078,3380.689941,3366.149902,3380.159912,3380.159912,3419700000
2020-02-18,3369.040039,3375.01001,3355.610107,3370.290039,3370.290039,3750400000
2020-02-19,3380.389893,3393.52002,3378.830078,3386.149902,3386.149902,3614200000
2020-02-20,3380.449951,3389.149902,3341.02002,3373.22998,3373.22998,4019180000
2020-02-21,3360.5,3360.76001,3328.449951,3337.75,3337.75,3908780000
2020-02-24,3257.610107,3259.810059,3214.649902,3225.889893,3225.889893,4851160000
2020-02-25,3238.939941,3246.98999,3118.77002,3128.209961,3128.209961,5596760000
2020-02-26,3139.899902,3182.51001,3108.98999,3116.389893,3116.389893,5484650000
2020-02-27,3062.540039,3097.070068,2977.389893,2978.76001,2978.76001,7064710000
2020-02-28,2916.899902,2959.719971,2855.840088,2954.219971,2954.219971,8569570000
2020-03-02,2974.280029,3090.959961,2945.189941,3090.22998,3090.22998,6381330000
2020-03-03,3096.459961,3136.719971,2976.629883,3003.370117,3003.370117,6376510000
2020-03-04,3045.75,3130.969971,3034.379883,3130.120117,3130.120117,5073020000
2020-03-05,3075.699951,3083.040039,2999.830078,3023.939941,3023.939941,5579290000
2020-03-06,2954.199951,2985.929932,2901.540039,2972.370117,2972.370117,6555240000
2020-03-09,2863.889893,2863.889893,2734.429932,2746.560059,2746.560059,8441290000
2020-03-10,2813.47998,2882.590088,2734.0,2882.22998,2882.22998,7642040000
2020-03-11,2825.600098,2825.600098,2707.219971,2741.379883,2741.379883,7431200000
2020-03-12,2630.860107,2660.949951,2478.860107,2480.639893,2480.639893,8850810000
2020-03-13,2569.98999,2711.330078,2492.370117,2711.02002,2711.02002,8299070000
2020-03-16,2508.590088,2562.97998,2380.939941,2386.129883,2386.129883,7805450000
2020-03-17,2425.659912,2553.929932,2367.040039,2529.189941,2529.189941,8370250000
2020-03-18,2436.5,2453.570068,2280.52002,2398.100098,2398.100098,8799300000
2020-03-19,2393.47998,2466.969971,2319.780029,2409.389893,2409.389893,7956100000
2020-03-20,2431.939941,2453.01001,2295.560059,2304.919922,2304.919922,9053950000
2020-03-23,2290.709961,2300.72998,2191.860107,2237.399902,2237.399902,7411380000
2020-03-24,2344.439941,2449.709961,2344.439941,2447.330078,2447.330078,7563150000
2020-03-25,2457.77002,2571.419922,2407.530029,2475.560059,2475.560059,8300010000
2020-03-26,2501.290039,2637.01001,2500.719971,2630.070068,2630.070068,7766990000
2020-03-27,2555.870117,2615.909912,2520.02002,2541.469971,2541.469971,6201670000
2020-03-30,2558.97998,2631.800049,2545.280029,2626.649902,2626.649902,5751120000
2020-03-31,2614.689941,2641.389893,2571.149902,2584.590088,2584.590088,6576210000
2020-04-01,2498.080078,2522.75,2447.48999,2470.5,2470.5,5964000000
2020-04-02,2458.540039,2533.219971,2455.790039,2526.899902,2526.899902,6464190000
2020-04-03,2514.919922,2538.179932,2459.959961,2488.649902,2488.649902,6096970000
2020-04-06,2578.280029,2676.850098,2574.570068,2663.679932,2663.679932,6403840000
2020-04-07,2738.649902,2756.889893,2657.669922,2659.409912,2659.409912,7050410000
2020-04-08,2685.0,2760.75,2663.300049,2749.97998,2749.97998,5875710000
2020-04-09,2776.98999,2818.570068,2762.360107,2789.820068,2789.820068,7899550000
2020-04-13,2782.459961,2782.459961,2721.169922,2761.629883,2761.629883,5319530000
2020-04-14,2805.100098,2851.850098,2805.100098,2846.060059,2846.060059,5615730000
2020-04-15,2795.639893,2801.879883,2761.540039,2783.360107,2783.360107,5208000000
2020-04-16,2799.340088,2806.51001,2764.320068,2799.550049,2799.550049,5228810000
2020-04-17,2842.429932,2879.219971,2830.879883,2874.560059,2874.560059,5804810000
2020-04-20,2845.620117,2868.97998,2820.429932,2823.159912,2823.159912,5228630000
2020-04-21,2784.810059,2785.540039,2727.100098,2736.560059,2736.560059,5121010000
2020-04-22,2787.889893,2815.100098,2775.949951,2799.310059,2799.310059,5084920000
2020-04-23,2810.419922,2844.899902,2794.26001,2797.800049,2797.800049,5773530000
2020-04-24,2812.639893,2842.709961,2791.76001,2836.73999,2836.73999,5382810000
2020-04-27,2854.649902,2887.719971,2852.889893,2878.47998,2878.47998,5203930000
2020-04-28,2909.959961,2921.149902,2860.709961,2863.389893,2863.389893,5691160000
2020-04-29,2918.459961,2954.860107,2912.159912,2939.51001,2939.51001,6645640000
2020-04-30,2930.909912,2930.909912,2892.469971,2912.429932,2912.429932,6544980000
2020-05-01,2869.090088,2869.090088,2821.610107,2830.709961,2830.709961,4759810000
2020-05-04,2815.01001,2844.23999,2797.850098,2842.73999,2842.73999,4735930000
2020-05-05,2868.879883,2898.22998,2863.550049,2868.439941,2868.439941,5140290000
2020-05-06,2883.139893,2891.110107,2847.649902,2848.419922,2848.419922,4892570000
2020-05-07,2878.26001,2901.919922,2876.47998,2881.189941,2881.189941,5178790000
2020-05-08,2908.830078,2932.159912,2902.879883,2929.800049,2929.800049,4876030000
2020-05-11,2915.459961,2944.25,2903.439941,2930.189941,2930.189941,4819730000
2020-05-12,2939.5,2945.820068,2869.590088,2870.120117,2870.120117,5119630000
2020-05-13,2865.860107,2874.139893,2793.149902,2820.0,2820.0,6151650000
2020-05-14,2794.540039,2852.800049,2766.639893,2852.5,2852.5,5651130000
2020-05-15,2829.949951,2865.01001,2816.780029,2863.699951,2863.699951,5507700000
2020-05-18,2913.860107,2968.090088,2913.860107,2953.909912,2953.909912,6373670000
2020-05-19,2948.590088,2964.209961,2922.350098,2922.939941,2922.939941,4984330000
2020-05-20,2953.629883,2980.290039,2953.629883,2971.610107,2971.610107,5005380000
2020-05-21,2969.949951,2978.5,2938.570068,2948.51001,2948.51001,4976620000
2020-05-22,2948.050049,2956.76001,2933.590088,2955.449951,2955.449951,3970860000
2020-05-26,3004.080078,3021.719971,2988.169922,2991.77002,2991.77002,5848500000
2020-05-27,3015.649902,3036.25,2969.75,3036.129883,3036.129883,6398000000
2020-05-28,3046.610107,3068.669922,3023.399902,3029.72998,3029.72998,5447020000
2020-05-29,3025.169922,3049.169922,2998.610107,3044.310059,3044.310059,7297550000
2020-06-01,3038.780029,3062.179932,3031.540039,3055.72998,3055.72998,4684170000
2020-06-02,3064.780029,3081.070068,3051.639893,3080.820068,3080.820068,5197150000
2020-06-03,3098.899902,3130.939941,3098.899902,3122.870117,3122.870117,6005560000
2020-06-04,3111.560059,3128.909912,3090.409912,3112.350098,3112.350098,6451290000
2020-06-05,3163.840088,3211.719971,3163.840088,3193.929932,3193.929932,8639300000
2020-06-08,3199.919922,3233.129883,3196.0,3232.389893,3232.389893,8498300000
2020-06-09,3213.320068,3222.709961,3193.110107,3207.179932,3207.179932,6410930000
2020-06-10,3213.419922,3223.27002,3181.48999,3190.139893,3190.139893,6598870000
2020-06-11,3123.530029,3123.530029,2999.48999,3002.100098,3002.100098,7037320000
2020-06-12,3071.040039,3088.419922,2984.469971,3041.310059,3041.310059,5845330000
2020-06-15,2993.76001,3079.76001,2965.659912,3066.590088,3066.590088,5757480000
2020-06-16,3131.0,3153.449951,3076.060059,3124.73999,3124.73999,5845810000
2020-06-17,3136.129883,3141.159912,3108.030029,3113.48999,3113.48999,4560450000
2020-06-18,3101.639893,3120.0,3093.51001,3115.340088,3115.340088,4448690000
2020-06-19,3140.290039,3155.530029,3083.110107,3097.73999,3097.73999,8346650000
2020-06-22,3094.419922,3120.919922,3079.389893,3117.860107,3117.860107,4686690000
2020-06-23,3138.699951,3154.899902,3127.120117,3131.290039,3131.290039,4711850000
2020-06-24,3114.399902,3115.01001,3032.129883,3050.330078,3050.330078,5597680000
2020-06-25,3046.600098,3086.25,3024.01001,3083.76001,3083.76001,4847690000
2020-06-26,3073.199951,3073.72998,3004.629883,3009.050049,3009.050049,8107850000
2020-06-29,3018.590088,3053.889893,2999.73999,3053.23999,3053.23999,4473970000
2020-06-30,3050.199951,3111.51001,3047.830078,3100.290039,3100.290039,4705850000
2020-07-01,3105.919922,3128.439941,3101.169922,3115.860107,3115.860107,4449230000
2020-07-02,3143.639893,3165.810059,3124.52002,3130.01001,3130.01001,4197720000
2020-07-06,3155.290039,3182.590088,3155.290039,3179.719971,3179.719971,4759160000
2020-07-07,3166.439941,3184.149902,3142.929932,3145.320068,3145.320068,4571330000
2020-07-08,3153.070068,3171.800049,3136.530029,3169.939941,3169.939941,4937310000
2020-07-09,3176.169922,3179.780029,3115.699951,3152.050049,3152.050049,4843650000
2020-07-10,3152.469971,3186.820068,3136.219971,3185.040039,3185.040039,4524190000
2020-07-13,3205.080078,3235.320068,3149.429932,3155.219971,3155.219971,4902440000
2020-07-14,3141.110107,3200.949951,3127.659912,3197.52002,3197.52002,4507140000
2020-07-15,3225.97998,3238.280029,3200.76001,3226.560059,3226.560059,4686830000
2020-07-16,3208.360107,3220.389893,3198.590088,3215.570068,3215.570068,3972860000
2020-07-17,3224.209961,3233.52002,3205.649902,3224.72998,3224.72998,4012850000
2020-07-20,3224.290039,3258.610107,3215.159912,3251.840088,3251.840088,3979340000
2020-07-21,3268.52002,3277.290039,3247.77002,3257.300049,3257.300049,4556610000
2020-07-22,3254.860107,3279.320068,3253.100098,3276.02002,3276.02002,4267160000
2020-07-23,3271.639893,3279.98999,3222.659912,3235.659912,3235.659912,4296760000
2020-07-24,3218.580078,3227.26001,3200.050049,3215.629883,3215.629883,3689410000
2020-07-27,3219.840088,3241.429932,3214.25,3239.409912,3239.409912,3970310000
2020-07-28,3234.27002,3243.719971,3216.169922,3218.439941,3218.439941,4053180000
2020-07-29,3227.219971,3264.73999,3227.219971,3258.439941,3258.439941,4478200000
2020-07-30,3231.76001,3250.919922,3204.129883,3246.219971,3246.219971,4264920000
2020-07-31,3270.449951,3272.169922,3220.26001,3271.120117,3271.120117,5007530000
2020-08-03,3288.26001,3302.72998,3284.530029,3294.610107,3294.610107,4438940000
2020-08-04,3289.919922,3306.840088,3286.370117,3306.51001,3306.51001,4414380000
2020-08-05,3317.370117,3330.77002,3317.370117,3327.77002,3327.77002,4535060000
2020-08-06,3323.169922,3351.030029,3318.139893,3349.159912,3349.159912,4278930000
2020-08-07,3340.050049,3352.540039,3328.719971,3351.280029,3351.280029,4110030000
2020-08-10,3356.040039,3363.290039,3335.439941,3360.469971,3360.469971,4327920000
2020-08-11,3370.340088,3381.01001,3326.439941,3333.689941,3333.689941,4880540000
2020-08-12,3355.459961,3387.889893,3355.459961,3380.350098,3380.350098,3772250000
2020-08-13,3372.949951,3387.23999,3363.350098,3373.429932,3373.429932,3438730000
2020-08-14,3368.659912,3378.51001,3361.639893,3372.850098,3372.850098,3200060000
2020-08-17,3380.860107,3387.590088,3379.219971,3381.98999,3381.98999,3460330000
2020-08-18,3387.040039,3395.060059,3370.149902,3389.780029,3389.780029,3669550000
2020-08-19,3392.51001,3399.540039,3369.659912,3374.850098,3374.850098,3679480000
2020-08-20,3360.47998,3390.800049,3354.689941,3385.51001,3385.51001,3431040000
2020-08-21,3386.01001,3399.959961,3379.310059,3397.159912,3397.159912,3505010000
2020-08-24,3418.090088,3432.090088,3413.129883,3431.280029,3431.280029,3743410000
2020-08-25,3435.949951,3444.209961,3425.840088,3443.620117,3443.620117,3627650000
2020-08-26,3449.969971,3481.070068,3444.149902,3478.72998,3478.72998,3780530000
2020-08-27,3485.139893,3501.379883,3468.350098,3484.550049,3484.550049,3955890000
2020-08-28,3494.689941,3509.22998,3484.320068,3508.01001,3508.01001,3868510000
2020-08-31,3509.72998,3514.77002,3493.25,3500.310059,3500.310059,4348280000
2020-09-01,3507.439941,3528.030029,3494.600098,3526.649902,3526.649902,4101490000
2020-09-02,3543.76001,3588.110107,3535.22998,3580.840088,3580.840088,4295640000
2020-09-03,3564.73999,3564.850098,3427.409912,3455.060059,3455.060059,4911830000
2020-09-04,3453.600098,3479.149902,3349.629883,3426.959961,3426.959961,4438720000
2020-09-08,3371.879883,3379.969971,3329.27002,3331.840088,3331.840088,4694330000
2020-09-09,3369.820068,3424.77002,3366.840088,3398.959961,3398.959961,3932520000
2020-09-10,3412.560059,3425.550049,3329.25,3339.189941,3339.189941,4208630000
2020-09-11,3352.699951,3368.949951,3310.469971,3340.969971,3340.969971,3710090000
2020-09-14,3363.560059,3402.929932,3363.560059,3383.540039,3383.540039,3839580000
2020-09-15,3407.72998,3419.47998,3389.25,3401.199951,3401.199951,4057190000
2020-09-16,3411.22998,3428.919922,3384.449951,3385.48999,3385.48999,4718900000
2020-09-17,3346.860107,3375.169922,3328.820068,3357.01001,3357.01001,4379840000
2020-09-18,3357.379883,3362.27002,3292.399902,3319.469971,3319.469971,7076400000
2020-09-21,3285.570068,3285.570068,3229.100098,3281.060059,3281.060059,4836070000
2020-09-22,3295.75,3320.310059,3270.949951,3315.570068,3315.570068,3974510000
2020-09-23,3320.110107,3323.350098,3232.570068,3236.919922,3236.919922,4378650000
2020-09-24,3226.139893,3278.699951,3209.449951,3246.590088,3246.590088,4601920000
2020-09-25,3236.659912,3306.879883,3228.439941,3298.459961,3298.459961,3803330000
2020-09-28,3333.899902,3360.73999,3332.909912,3351.600098,3351.600098,3950910000
2020-09-29,3350.919922,3357.919922,3327.540039,3335.469971,3335.469971,3661590000
2020-09-30,3341.209961,3393.560059,3340.469971,3363.0,3363.0,4738640000
2020-10-01,3385.870117,3397.179932,3361.389893,3380.800049,3380.800049,4076340000
2020-10-02,3338.939941,3369.100098,3323.689941,3348.419922,3348.419922,3975180000
2020-10-05,3367.27002,3409.570068,3367.27002,3408.600098,3408.600098,3692720000
2020-10-06,3408.73999,3431.560059,3354.540039,3360.969971,3360.969971,4453390000
2020-10-07,3384.560059,3426.26001,3384.560059,3419.439941,3419.439941,3814750000
2020-10-08,3434.280029,3447.280029,3428.149902,3446.830078,3446.830078,3867640000
2020-10-09,3459.669922,3482.340088,3458.070068,3477.139893,3477.139893,3944090000
2020-10-12,3500.02002,3549.850098,3499.610107,3534.219971,3534.219971,3435760000
2020-10-13,3534.01001,3534.01001,3500.860107,3511.929932,3511.929932,3611100000
2020-10-14,3515.469971,3527.939941,3480.550049,3488.669922,3488.669922,3858510000
2020-10-15,3453.719971,3489.080078,3440.889893,3483.340088,3483.340088,3724550000
2020-10-16,3493.5,3515.76001,3480.449951,3483.810059,3483.810059,4688030000
2020-10-19,3493.659912,3502.419922,3419.929932,3426.919922,3426.919922,4091080000
2020-10-20,3439.379883,3476.929932,3435.649902,3443.120117,3443.120117,3917850000
2020-10-21,3439.909912,3464.860107,3433.060059,3435.560059,3435.560059,4103960000
2020-10-22,3438.5,3460.530029,3415.340088,3453.48999,3453.48999,4172060000
2020-10-23,3464.899902,3466.459961,3440.449951,3465.389893,3465.389893,3651600000
2020-10-26,3441.419922,3441.419922,3364.860107,3400.969971,3400.969971,4002210000
2020-10-27,3403.149902,3409.51001,3388.709961,3390.679932,3390.679932,3962400000
2020-10-28,3342.47998,3342.47998,3268.889893,3271.030029,3271.030029,5139970000
2020-10-29,3277.169922,3341.050049,3259.820068,3310.110107,3310.110107,4911860000
2020-10-30,3293.590088,3304.929932,3233.939941,3269.959961,3269.959961,4843930000
2020-11-02,3296.199951,3330.139893,3279.73999,3310.23999,3310.23999,4314690000
2020-11-03,3336.25,3389.48999,3336.25,3369.159912,3369.159912,4241380000
2020-11-04,3406.459961,3486.25,3405.169922,3443.439941,3443.439941,4790400000
2020-11-05,3485.73999,3529.050049,3485.73999,3510.449951,3510.449951,4858150000
2020-11-06,3508.340088,3521.580078,3484.340088,3509.439941,3509.439941,4842460000
2020-11-09,3583.040039,3645.98999,3547.47998,3550.5,3550.5,8570510000
2020-11-10,3543.26001,3557.219971,3511.909912,3545.530029,3545.530029,6037470000
2020-11-11,3563.219971,3581.159912,3557.0,3572.659912,3572.659912,4635560000
2020-11-12,3562.669922,3569.02002,3518.580078,3537.01001,3537.01001,4909660000
2020-11-13,3552.570068,3593.659912,3552.570068,3585.149902,3585.149902,4719580000
2020-11-16,3600.159912,3628.51001,3600.159912,3626.909912,3626.909912,5295510000
2020-11-17,3610.310059,3623.110107,3588.679932,3609.530029,3609.530029,4812180000
2020-11-18,3612.090088,3619.090088,3567.330078,3567.790039,3567.790039,5284810000
2020-11-19,3559.409912,3585.219971,3543.840088,3581.870117,3581.870117,4363370000
2020-11-20,3579.310059,3581.22998,3556.850098,3557.540039,3557.540039,4236370000
2020-11-23,3566.820068,3589.810059,3552.77002,3577.590088,3577.590088,5057550000
2020-11-24,3594.52002,3642.310059,3594.52002,3635.409912,3635.409912,6280290000
2020-11-25,3635.5,3635.5,3617.76001,3629.649902,3629.649902,4910440000
2020-11-27,3638.550049,3644.310059,3629.330078,3638.350098,3638.350098,2778390000
2020-11-30,3634.179932,3634.179932,3594.389893,3621.629883,3621.629883,6308410000
2020-12-01,3645.870117,3678.449951,3645.870117,3662.449951,3662.449951,5418480000
2020-12-02,3653.780029,3670.959961,3644.840088,3669.01001,3669.01001,5041250000
2020-12-03,3668.280029,3682.72998,3657.169922,3666.719971,3666.719971,5065340000
2020-12-04,3670.939941,3699.199951,3670.939941,3699.120117,3699.120117,5099620000
2020-12-07,3694.72998,3697.409912,3678.879883,3691.959961,3691.959961,4804500000
2020-12-08,3683.050049,3708.449951,3678.830078,3702.25,3702.25,4584390000
2020-12-09,3705.97998,3712.389893,3660.540039,3672.820068,3672.820068,5232800000
2020-12-10,3659.129883,3678.48999,3645.179932,3668.100098,3668.100098,4658480000
2020-12-11,3656.080078,3665.909912,3633.399902,3663.459961,3663.459961,4375470000
2020-12-14,3675.27002,3697.610107,3645.840088,3647.48999,3647.48999,4623850000
2020-12-15,3666.409912,3695.290039,3659.620117,3694.620117,3694.620117,4387080000
2020-12-16,3696.25,3711.27002,3688.570068,3701.169922,3701.169922,4067040000
2020-12-17,3713.649902,3725.120117,3710.870117,3722.47998,3722.47998,4192810000
2020-12-18,3722.389893,3726.699951,3685.840088,3709.409912,3709.409912,7097100000
2020-12-21,3684.280029,3702.899902,3636.47998,3694.919922,3694.919922,4748580000
2020-12-22,3698.080078,3698.26001,3676.159912,3687.26001,3687.26001,4053310000
2020-12-23,3693.419922,3711.23999,3689.280029,3690.01001,3690.01001,3779160000
2020-12-24,3694.030029,3703.820068,3689.320068,3703.060059,3703.060059,1883780000
2020-12-28,3723.030029,3740.51001,3723.030029,3735.360107,3735.360107,3535460000
2020-12-29,3750.01001,3756.120117,3723.310059,3727.040039,3727.040039,3393290000
2020-12-30,3736.189941,3744.629883,3730.209961,3732.040039,3732.040039,3154850000
2020-12-31,3733.27002,3760.199951,3726.879883,3756.070068,3756.070068,3179040000
2021-01-04,3764.610107,3769.98999,3662.709961,3700.649902,3700.649902,5015000000
2021-01-05,3698.02002,3737.830078,3695.070068,3726.860107,3726.860107,4591020000
2021-01-06,3712.199951,3783.040039,3705.340088,3748.139893,3748.139893,6064110000
2021-01-07,3764.709961,3811.550049,3764.709961,3803.790039,3803.790039,5099160000
2021-01-08,3815.050049,3826.689941,3783.600098,3824.679932,3824.679932,4773040000
2021-01-11,3803.139893,3817.860107,3789.02002,3799.610107,3799.610107,4465430000
2021-01-12,3801.620117,3810.780029,3776.51001,3801.189941,3801.189941,4994950000
2021-01-13,3802.22998,3820.959961,3791.5,3809.840088,3809.840088,4602510000
2021-01-14,3814.97998,3823.600098,3792.860107,3795.540039,3795.540039,5198480000
2021-01-15,3788.72998,3788.72998,3749.620117,3768.25,3768.25,5369820000
2021-01-19,3781.879883,3804.530029,3780.370117,3798.909912,3798.909912,5014440000
2021-01-20,3816.219971,3859.75,3816.219971,3851.850098,3851.850098,4566190000
2021-01-21,3857.459961,3861.449951,3845.050049,3853.070068,3853.070068,4501760000
2021-01-22,3844.23999,3852.310059,3830.409912,3841.469971,3841.469971,5110890000
2021-01-25,3851.679932,3859.22998,3797.159912,3855.360107,3855.360107,7000840000
2021-01-26,3862.959961,3870.899902,3847.780029,3849.620117,3849.620117,6137500000
2021-01-27,3836.830078,3836.830078,3732.47998,3750.77002,3750.77002,9976520000
2021-01-28,3755.75,3830.5,3755.75,3787.379883,3787.379883,6992770000
2021-01-29,3778.050049,3778.050049,3694.120117,3714.23999,3714.23999,6643370000
2021-02-01,3731.169922,3784.320068,3725.620117,3773.860107,3773.860107,5436230000
2021-02-02,3791.840088,3843.090088,3791.840088,3826.310059,3826.310059,5514090000
2021-02-03,3840.27002,3847.51001,3816.679932,3830.169922,3830.169922,4864870000
2021-02-04,3836.659912,3872.419922,3836.659912,3871.73999,3871.73999,4879240000
2021-02-05,3878.300049,3894.560059,3874.929932,3886.830078,3886.830078,4879470000
2021-02-08,3892.590088,3915.77002,3892.590088,3915.590088,3915.590088,4648360000
2021-02-09,3910.48999,3918.350098,3902.639893,3911.22998,3911.22998,4568320000
2021-02-10,3920.780029,3931.5,3884.939941,3909.879883,3909.879883,4837070000
2021-02-11,3916.399902,3925.98999,3890.389893,3916.379883,3916.379883,4590960000
2021-02-12,3911.649902,3937.22998,3905.780029,3934.830078,3934.830078,4135060000
2021-02-16,3939.610107,3950.429932,3923.850098,3932.590088,3932.590088,5058990000
2021-02-17,3918.5,3933.610107,3900.429932,3931.330078,3931.330078,4730650000
2021-02-18,3915.860107,3921.97998,3885.030029,3913.969971,3913.969971,4793650000
2021-02-19,3921.159912,3930.409912,3903.070068,3906.709961,3906.709961,4845320000
2021-02-22,3885.550049,3902.919922,3874.709961,3876.5,3876.5,5917100000
2021-02-23,3857.070068,3895.97998,3805.590088,3881.370117,3881.370117,6296610000
2021-02-24,3873.709961,3928.649902,3859.600098,3925.429932,3925.429932,6012790000
2021-02-25,3915.800049,3925.02002,3814.040039,3829.340088,3829.340088,6547470000
2021-02-26,3839.659912,3861.080078,3789.540039,3811.149902,3811.149902,6526070000
2021-03-01,3842.51001,3914.5,3842.51001,3901.820068,3901.820068,5114820000
2021-03-02,3903.639893,3906.409912,3868.570068,3870.290039,3870.290039,5536010000
2021-03-03,3863.98999,3874.469971,3818.860107,3819.719971,3819.719971,6173660000
2021-03-04,3818.530029,3843.669922,3723.340088,3768.469971,3768.469971,7195400000
2021-03-05,3793.580078,3851.689941,3730.189941,3841.939941,3841.939941,6851070000
2021-03-08,3844.389893,3881.060059,3819.25,3821.350098,3821.350098,5871710000
2021-03-09,3851.929932,3903.76001,3851.929932,3875.439941,3875.439941,5513560000
2021-03-10,3891.98999,3917.350098,3885.72998,3898.810059,3898.810059,5847380000
2021-03-11,3915.540039,3960.27002,3915.540039,3939.340088,3939.340088,5312880000
2021-03-12,3924.52002,3944.98999,3915.209961,3943.340088,3943.340088,4476280000
2021-03-15,3942.959961,3970.080078,3923.540039,3968.939941,3968.939941,4900100000
2021-03-16,3973.590088,3981.040039,3953.439941,3962.709961,3962.709961,4613080000
2021-03-17,3949.570068,3983.870117,3935.73999,3974.120117,3974.120117,4561660000
2021-03-18,3953.5,3969.620117,3910.860107,3915.459961,3915.459961,5118590000
2021-03-19,3913.139893,3930.120117,3886.75,3913.100098,3913.100098,7757420000
2021-03-22,3916.47998,3955.310059,3914.159912,3940.590088,3940.590088,4316260000
2021-03-23,3937.600098,3949.129883,3901.570068,3910.52002,3910.52002,4669010000
2021-03-24,3919.929932,3942.080078,3889.070068,3889.139893,3889.139893,4783020000
2021-03-25,3879.340088,3919.540039,3853.5,3909.52002,3909.52002,4948340000
2021-03-26,3917.120117,3978.189941,3917.120117,3974.540039,3974.540039,5483160000
2021-03-29,3969.310059,3981.830078,3943.25,3971.090088,3971.090088,4628180000
2021-03-30,3963.340088,3968.01001,3944.350098,3958.550049,3958.550049,4121510000
2021-03-31,3967.25,3994.409912,3966.97998,3972.889893,3972.889893,4578050000
2021-04-01,3992.780029,4020.629883,3992.780029,4019.870117,4019.870117,4162130000
2021-04-05,4034.439941,4083.419922,4034.439941,4077.909912,4077.909912,4005030000
2021-04-06,4075.570068,4086.22998,4068.139893,4073.939941,4073.939941,4081270000
2021-04-07,4074.290039,4083.129883,4068.310059,4079.949951,4079.949951,4120810000
2021-04-08,4089.949951,4098.189941,4082.540039,4097.169922,4097.169922,3907100000
2021-04-09,4096.109863,4129.47998,4095.51001,4128.799805,4128.799805,3640390000
2021-04-12,4124.709961,4131.759766,4114.819824,4127.990234,4127.990234,3588900000
2021-04-13,4130.100098,4148.0,4124.430176,4141.589844,4141.589844,3734720000
2021-04-14,4141.580078,4151.689941,4120.870117,4124.660156,4124.660156,3985350000
2021-04-15,4139.759766,4173.490234,4139.759766,4170.419922,4170.419922,4033420000
2021-04-16,4174.140137,4191.310059,4170.75,4185.470215,4185.470215,4163820000
2021-04-19,4179.799805,4180.810059,4150.470215,4163.259766,4163.259766,3810290000
2021-04-20,4159.180176,4159.180176,4118.379883,4134.939941,4134.939941,4342650000
2021-04-21,4128.419922,4175.02002,4126.350098,4173.419922,4173.419922,3887250000
2021-04-22,4170.459961,4179.569824,4123.689941,4134.97998,4134.97998,4245140000
2021-04-23,4138.779785,4194.169922,4138.779785,4180.169922,4180.169922,3569880000
2021-04-26,4185.029785,4194.189941,4182.359863,4187.620117,4187.620117,3748320000
2021-04-27,4188.25,4193.350098,4176.220215,4186.720215,4186.720215,3710700000
2021-04-28,4185.140137,4201.529785,4181.779785,4183.180176,4183.180176,3787360000
2021-04-29,4206.140137,4218.779785,4176.810059,4211.470215,4211.470215,4298680000
2021-04-30,4198.100098,4198.100098,4174.850098,4181.169922,4181.169922,4300880000
2021-05-03,4191.97998,4209.390137,4188.029785,4192.660156,4192.660156,4070220000
2021-05-04,4179.040039,4179.040039,4128.589844,4164.660156,4164.660156,4452460000
2021-05-05,4177.060059,4187.720215,4160.939941,4167.589844,4167.589844,4230920000
2021-05-06,4169.140137,4202.700195,4147.330078,4201.620117,4201.620117,4511000000
2021-05-07,4210.339844,4238.040039,4201.640137,4232.600098,4232.600098,4016080000
2021-05-10,4228.290039,4236.390137,4188.129883,4188.430176,4188.430176,4560700000
2021-05-11,4150.339844,4162.040039,4111.529785,4152.100098,4152.100098,4870710000
2021-05-12,4130.549805,4134.72998,4056.879883,4063.040039,4063.040039,4733070000
2021-05-13,4074.98999,4131.580078,4074.98999,4112.5,4112.5,4779540000
2021-05-14,4129.580078,4183.129883,4129.580078,4173.850098,4173.850098,4008880000
2021-05-17,4169.919922,4171.919922,4142.689941,4163.290039,4163.290039,4125050000
2021-05-18,4165.939941,4169.149902,4125.990234,4127.830078,4127.830078,4398150000
2021-05-19,4098.450195,4116.930176,4061.409912,4115.680176,4115.680176,4247450000
2021-05-20,4121.970215,4172.799805,4121.970215,4159.120117,4159.120117,3978880000
2021-05-21,4168.609863,4188.720215,4151.720215,4155.859863,4155.859863,3995250000
2021-05-24,4170.160156,4209.52002,4170.160156,4197.049805,4197.049805,3684800000
2021-05-25,4205.939941,4213.419922,4182.52002,4188.129883,4188.129883,4182250000
2021-05-26,4191.589844,4202.609863,4184.109863,4195.990234,4195.990234,4420890000
2021-05-27,4201.939941,4213.379883,4197.779785,4200.879883,4200.879883,6406310000
2021-05-28,4210.77002,4218.359863,4203.569824,4204.109863,4204.109863,4649250000
2021-06-01,4216.52002,4234.120117,4197.589844,4202.040039,4202.040039,5074670000
2021-06-02,4206.819824,4217.370117,4198.27002,4208.120117,4208.120117,5833670000
2021-06-03,4191.430176,4204.390137,4167.930176,4192.850098,4192.850098,5587970000
2021-06-04,4206.049805,4233.450195,4206.049805,4229.890137,4229.890137,4139790000
2021-06-07,4229.339844,4232.339844,4215.660156,4226.52002,4226.52002,4476920000
2021-06-08,4233.810059,4236.740234,4208.410156,4227.259766,4227.259766,4659620000
2021-06-09,4232.990234,4237.089844,4218.740234,4219.549805,4219.549805,4713260000
2021-06-10,4228.560059,4249.740234,4220.339844,4239.180176,4239.180176,4408210000
2021-06-11,4242.899902,4248.379883,4232.25,4247.439941,4247.439941,3815010000
2021-06-14,4248.310059,4255.589844,4234.069824,4255.149902,4255.149902,4151200000
2021-06-15,4255.279785,4257.160156,4238.350098,4246.589844,4246.589844,4048940000
2021-06-16,4248.870117,4251.890137,4202.450195,4223.700195,4223.700195,4538350000
2021-06-17,4220.370117,4232.290039,4196.049805,4221.859863,4221.859863,5312680000
2021-06-18,4204.779785,4204.779785,4164.399902,4166.450195,4166.450195,6817010000
2021-06-21,4173.399902,4226.240234,4173.399902,4224.790039,4224.790039,4128950000
2021-06-22,4224.609863,4255.839844,4217.27002,4246.439941,4246.439941,3828390000
2021-06-23,4249.27002,4256.600098,4241.430176,4241.839844,4241.839844,3730350000
2021-06-24,4256.970215,4271.279785,4256.970215,4266.490234,4266.490234,3816660000
2021-06-25,4274.450195,4286.120117,4271.160156,4280.700195,4280.700195,7341450000
2021-06-28,4284.899902,4292.140137,4274.669922,4290.609863,4290.609863,4147890000
2021-06-29,4293.209961,4300.52002,4287.040039,4291.799805,4291.799805,3707150000
2021-06-30,4290.649902,4302.430176,4287.959961,4297.5,4297.5,4266040000
2021-07-01,4300.72998,4320.660156,4300.72998,4319.939941,4319.939941,3788230000
2021-07-02,4326.600098,4355.430176,4326.600098,4352.339844,4352.339844,3225840000
2021-07-06,4356.459961,4356.459961,4314.370117,4343.540039,4343.540039,4309570000
2021-07-07,4351.009766,4361.879883,4329.790039,4358.129883,4358.129883,4037380000
2021-07-08,4321.069824,4330.879883,4289.370117,4320.819824,4320.819824,4347500000
2021-07-09,4329.379883,4371.600098,4329.379883,4369.549805,4369.549805,3531120000
2021-07-12,4372.410156,4386.680176,4364.029785,4384.629883,4384.629883,3384460000
2021-07-13,4381.069824,4392.370117,4366.919922,4369.209961,4369.209961,3695430000
2021-07-14,4380.109863,4393.680176,4362.359863,4374.299805,4374.299805,4006370000
2021-07-15,4369.02002,4369.02002,4340.700195,4360.029785,4360.029785,3905230000
2021-07-16,4367.430176,4375.089844,4322.529785,4327.160156,4327.160156,3985700000
2021-07-19,4296.399902,4296.399902,4233.129883,4258.490234,4258.490234,5157660000
2021-07-20,4265.109863,4336.839844,4262.049805,4323.060059,4323.060059,4438270000
2021-07-21,4331.129883,4359.700195,4331.129883,4358.689941,4358.689941,3810280000
2021-07-22,4361.27002,4369.870117,4350.060059,4367.47998,4367.47998,3358300000
2021-07-23,4381.200195,4415.180176,4381.200195,4411.790039,4411.790039,4540070000
2021-07-26,4409.580078,4422.72998,4405.450195,4422.299805,4422.299805,4275630000
2021-07-27,4416.379883,4416.379883,4372.509766,4401.459961,4401.459961,4241950000
2021-07-28,4402.950195,4415.470215,4387.009766,4400.640137,4400.640137,4215290000
2021-07-29,4403.589844,4429.970215,4403.589844,4419.149902,4419.149902,4044600000
2021-07-30,4395.120117,4412.25,4389.649902,4395.259766,4395.259766,3956740000
2021-08-02,4406.859863,4422.180176,4384.810059,4387.160156,4387.160156,3724090000
2021-08-03,4392.740234,4423.790039,4373.0,4423.149902,4423.149902,3965190000
2021-08-04,4415.950195,4416.169922,4400.22998,4402.660156,4402.660156,4260760000
2021-08-05,4408.859863,4429.759766,4408.859863,4429.100098,4429.100098,3769410000
2021-08-06,4429.069824,4440.819824,4429.069824,4436.52002,4436.52002,3451870000
2021-08-09,4437.77002,4439.390137,4424.740234,4432.350098,4432.350098,3449280000
2021-08-10,4435.790039,4445.209961,4430.029785,4436.75,4436.75,3886610000
2021-08-11,4442.180176,4449.439941,4436.419922,4442.410156,4442.410156,3532560000
2021-08-12,4446.080078,4461.77002,4435.959961,4460.830078,4460.830078,3375310000
2021-08-13,4464.839844,4468.370117,4460.819824,4468.0,4468.0,3016470000
2021-08-16,4461.649902,4480.259766,4437.660156,4479.709961,4479.709961,3370640000
2021-08-17,4462.120117,4462.120117,4417.830078,4448.080078,4448.080078,3836960000
2021-08-18,4440.939941,4454.319824,4397.589844,4400.27002,4400.27002,3755590000
2021-08-19,4382.439941,4418.609863,4367.72998,4405.799805,4405.799805,4398410000
2021-08-20,4410.560059,4444.350098,4406.799805,4441.669922,4441.669922,3652610000
2021-08-23,4450.290039,4489.879883,4450.290039,4479.529785,4479.529785,3576530000
2021-08-24,4484.399902,4492.810059,4482.279785,4486.22998,4486.22998,3979220000
2021-08-25,4490.450195,4501.709961,4485.660156,4496.189941,4496.189941,3444700000
2021-08-26,4493.75,4495.899902,4468.990234,4470.0,4470.0,3263980000
2021-08-27,4474.100098,4513.330078,4474.100098,4509.370117,4509.370117,3331200000
2021-08-30,4513.759766,4537.359863,4513.759766,4528.790039,4528.790039,3168660000
2021-08-31,4529.75,4531.390137,4515.799805,4522.680176,4522.680176,4290710000
2021-09-01,4528.799805,4537.109863,4522.02002,4524.089844,4524.089844,4057340000
2021-09-02,4534.47998,4545.850098,4524.660156,4536.950195,4536.950195,3735990000
2021-09-03,4532.419922,4541.450195,4521.299805,4535.430176,4535.430176,3217530000
2021-09-07,4535.379883,4535.379883,4513.0,4520.029785,4520.029785,3822960000
2021-09-08,4518.089844,4521.790039,4493.950195,4514.069824,4514.069824,3750880000
2021-09-09,4513.02002,4529.899902,4492.069824,4493.279785,4493.279785,3735390000
2021-09-10,4506.919922,4520.470215,4457.660156,4458.580078,4458.580078,3623180000
2021-09-13,4474.810059,4492.990234,4445.700195,4468.72998,4468.72998,3914220000
2021-09-14,4479.330078,4485.680176,4435.459961,4443.049805,4443.049805,3670460000
2021-09-15,4447.490234,4486.870117,4438.370117,4480.700195,4480.700195,4032020000
2021-09-16,4477.089844,4485.870117,4443.799805,4473.75,4473.75,3984560000
2021-09-17,4469.740234,4471.52002,4427.759766,4432.990234,4432.990234,7289530000
2021-09-20,4402.950195,4402.950195,4305.910156,4357.72998,4357.72998,4898070000
2021-09-21,4374.450195,4394.870117,4347.959961,4354.189941,4354.189941,3920920000
2021-09-22,4367.430176,4416.75,4367.430176,4395.640137,4395.640137,3939170000
2021-09-23,4406.75,4465.399902,4406.75,4448.97998,4448.97998,3916350000
2021-09-24,4438.040039,4463.120117,4430.27002,4455.47998,4455.47998,3384290000
2021-09-27,4442.120117,4457.299805,4436.189941,4443.109863,4443.109863,4058650000
2021-09-28,4419.540039,4419.540039,4346.330078,4352.629883,4352.629883,4416550000
2021-09-29,4362.410156,4385.569824,4355.080078,4359.459961,4359.459961,3712660000
2021-09-30,4370.669922,4382.549805,4306.240234,4307.540039,4307.540039,4448140000
2021-10-01,4317.160156,4375.189941,4288.52002,4357.040039,4357.040039,4010370000
2021-10-04,4348.839844,4355.509766,4278.939941,4300.459961,4300.459961,4307870000
2021-10-05,4309.870117,4369.22998,4309.870117,4345.720215,4345.720215,3902890000
2021-10-06,4319.569824,4365.569824,4290.490234,4363.549805,4363.549805,4009630000
2021-10-07,4383.72998,4429.970215,4383.72998,4399.759766,4399.759766,3843740000
2021-10-08,4406.509766,4412.02002,4386.220215,4391.339844,4391.339844,3280160000
2021-10-11,4385.439941,4415.879883,4360.589844,4361.189941,4361.189941,3281970000
2021-10-12,4368.310059,4374.890137,4342.089844,4350.649902,4350.649902,3558450000
2021-10-13,4358.009766,4372.870117,4329.919922,4363.799805,4363.799805,3620070000
2021-10-14,4386.75,4439.72998,4386.75,4438.259766,4438.259766,3598280000
2021-10-15,4447.689941,4475.819824,4447.689941,4471.370117,4471.370117,3819380000
2021-10-18,4463.720215,4488.75,4447.470215,4486.459961,4486.459961,3662010000
2021-10-19,4497.339844,4520.399902,4496.410156,4519.629883,4519.629883,3459130000
2021-10-20,4524.419922,4540.870117,4524.399902,4536.189941,4536.189941,3670760000
2021-10-21,4532.240234,4551.439941,4526.890137,4549.779785,4549.779785,3822330000
2021-10-22,4546.120117,4559.669922,4524.0,4544.899902,4544.899902,3758220000
2021-10-25,4553.689941,4572.620117,4537.359863,4566.47998,4566.47998,3899400000
2021-10-26,4578.689941,4598.529785,4569.169922,4574.790039,4574.790039,3879740000
2021-10-27,4580.220215,4584.569824,4551.660156,4551.680176,4551.680176,4226050000
2021-10-28,4562.839844,4597.549805,4562.839844,4596.419922,4596.419922,4132950000
2021-10-29,4572.870117,4608.080078,4567.589844,4605.379883,4605.379883,4510200000
2021-11-01,4610.620117,4620.339844,4595.060059,4613.669922,4613.669922,3971540000
2021-11-02,4613.339844,4635.149902,4613.339844,4630.649902,4630.649902,3975250000
2021-11-03,4630.649902,4663.459961,4621.189941,4660.569824,4660.569824,4319660000
2021-11-04,4662.930176,4683.0,4662.589844,4680.060059,4680.060059,4462300000
2021-11-05,4699.259766,4718.5,4681.319824,4697.529785,4697.529785,4467180000
2021-11-08,4701.47998,4714.919922,4694.390137,4701.700195,4701.700195,4269710000
2021-11-09,4707.25,4708.529785,4670.870117,4685.25,4685.25,4117080000
2021-11-10,4670.259766,4684.850098,4630.859863,4646.709961,4646.709961,4503720000
2021-11-11,4659.390137,4664.549805,4648.310059,4649.27002,4649.27002,3926870000
2021-11-12,4655.240234,4688.470215,4650.77002,4682.850098,4682.850098,3728600000
2021-11-15,4689.299805,4697.419922,4672.859863,4682.799805,4682.799805,3488410000
2021-11-16,4679.419922,4714.950195,4679.419922,4700.899902,4700.899902,3972640000
2021-11-17,4701.5,4701.5,4684.410156,4688.669922,4688.669922,3969070000
2021-11-18,4700.720215,4708.799805,4672.779785,4704.540039,4704.540039,4226410000
2021-11-19,4708.439941,4717.75,4694.220215,4697.959961,4697.959961,4253180000
2021-11-22,4712.0,4743.830078,4682.169922,4682.939941,4682.939941,4441100000
2021-11-23,4678.47998,4699.390137,4652.660156,4690.700195,4690.700195,4277590000
2021-11-24,4675.779785,4702.870117,4659.890137,4701.459961,4701.459961,3418430000
2021-11-26,4664.629883,4664.629883,4585.430176,4594.620117,4594.620117,3517700000
2021-11-29,4628.75,4672.950195,4625.259766,4655.27002,4655.27002,4336410000
2021-11-30,4640.25,4646.02002,4560.0,4567.0,4567.0,6625990000
2021-12-01,4602.819824,4652.939941,4510.27002,4513.040039,4513.040039,5366730000
2021-12-02,4504.72998,4595.459961,4504.72998,4577.100098,4577.100098,5077180000
2021-12-03,4589.490234,4608.029785,4495.120117,4538.430176,4538.430176,5240070000
2021-12-06,4548.370117,4612.600098,4540.509766,4591.669922,4591.669922,4770800000
2021-12-07,4631.970215,4694.040039,4631.970215,4686.75,4686.75,4492400000
2021-12-08,4690.859863,4705.060059,4674.52002,4701.209961,4701.209961,4234600000
2021-12-09,4691.0,4695.259766,4665.97998,4667.450195,4667.450195,3903840000
2021-12-10,4687.640137,4713.569824,4670.240234,4712.02002,4712.02002,3870110000
2021-12-13,4710.299805,4710.299805,4667.600098,4668.970215,4668.970215,4397230000
2021-12-14,4642.990234,4660.470215,4606.52002,4634.089844,4634.089844,4485430000
2021-12-15,4636.459961,4712.600098,4611.220215,4709.850098,4709.850098,4910130000
2021-12-16,4719.129883,4731.990234,4651.890137,4668.669922,4668.669922,4829500000
2021-12-17,4652.5,4666.700195,4600.220215,4620.640137,4620.640137,7987090000
2021-12-20,4587.899902,4587.899902,4531.100098,4568.02002,4568.02002,4635700000
2021-12-21,4594.959961,4651.140137,4583.160156,4649.22998,4649.22998,4072430000
2021-12-22,4650.359863,4697.669922,4645.529785,4696.560059,4696.560059,3319610000
2021-12-23,4703.959961,4740.740234,4703.959961,4725.790039,4725.790039,2913040000
2021-12-27,4733.990234,4791.490234,4733.990234,4791.189941,4791.189941,2770290000
2021-12-28,4795.490234,4807.02002,4780.040039,4786.350098,4786.350098,2707920000
2021-12-29,4788.640137,4804.060059,4778.080078,4793.060059,4793.060059,2963310000
2021-12-30,4794.22998,4808.930176,4775.330078,4778.72998,4778.72998,3124950000
2021-12-31,4775.209961,4786.830078,4765.75,4766.180176,4766.180176,2677820000
2022-01-03,4778.140137,4796.640137,4758.169922,4796.560059,4796.560059,3831020000
2022-01-04,4804.509766,4818.620117,4774.27002,4793.540039,4793.540039,4683170000
2022-01-05,4787.990234,4797.700195,4699.439941,4700.580078,4700.580078,4887960000
2022-01-06,4693.390137,4725.009766,4671.259766,4696.049805,4696.049805,4295280000
2022-01-07,4697.660156,4707.950195,4662.740234,4677.029785,4677.029785,4181510000
2022-01-10,4655.339844,4673.02002,4582.240234,4670.290039,4670.290039,4511810000
2022-01-11,4669.140137,4714.129883,4638.27002,4713.069824,4713.069824,4101590000
2022-01-12,4728.589844,4748.830078,4706.709961,4726.350098,4726.350098,4048220000
2022-01-13,4733.560059,4744.129883,4650.290039,4659.029785,4659.029785,4251730000
2022-01-14,4637.990234,4665.129883,4614.75,4662.850098,4662.850098,4338490000
2022-01-18,4632.240234,4632.240234,4568.700195,4577.109863,4577.109863,4748700000
2022-01-19,4588.029785,4611.549805,4530.200195,4532.759766,4532.759766,4465740000
2022-01-20,4547.350098,4602.109863,4477.950195,4482.72998,4482.72998,4640870000
2022-01-21,4471.379883,4494.52002,4395.339844,4397.939941,4397.939941,5589100000
2022-01-24,4356.319824,4417.350098,4222.620117,4410.129883,4410.129883,6928110000
2022-01-25,4366.640137,4411.009766,4287.109863,4356.450195,4356.450195,5145050000
2022-01-26,4408.430176,4453.22998,4304.799805,4349.930176,4349.930176,5570640000
2022-01-27,4380.580078,4428.740234,4309.5,4326.509766,4326.509766,5214200000
2022-01-28,4336.189941,4432.720215,4292.459961,4431.850098,4431.850098,5031090000
2022-01-31,4431.790039,4516.890137,4414.02002,4515.549805,4515.549805,5098610000
2022-02-01,4519.569824,4550.490234,4483.529785,4546.540039,4546.540039,4816830000
2022-02-02,4566.390137,4595.310059,4544.319824,4589.379883,4589.379883,4481580000
2022-02-03,4535.410156,4542.879883,4470.390137,4477.439941,4477.439941,4401970000
2022-02-04,4482.790039,4539.660156,4451.5,4500.529785,4500.529785,4706290000
2022-02-07,4505.75,4521.859863,4471.470215,4483.870117,4483.870117,4228480000
2022-02-08,4480.02002,4531.319824,4465.399902,4521.540039,4521.540039,4459620000
2022-02-09,4547.0,4590.029785,4547.0,4587.180176,4587.180176,4524350000
2022-02-10,4553.240234,4588.919922,4484.310059,4504.080078,4504.080078,5314860000
2022-02-11,4506.27002,4526.330078,4401.410156,4418.640137,4418.640137,5251500000
2022-02-14,4412.609863,4426.220215,4364.839844,4401.669922,4401.669922,4600390000
2022-02-15,4429.279785,4472.77002,4429.279785,4471.069824,4471.069824,4430830000
2022-02-16,4455.75,4489.549805,4429.680176,4475.009766,4475.009766,4283640000
2022-02-17,4456.060059,4456.060059,4373.810059,4380.259766,4380.259766,4539420000
2022-02-18,4384.569824,4394.600098,4327.220215,4348.870117,4348.870117,4708060000
2022-02-22,4332.740234,4362.120117,4267.109863,4304.759766,4304.759766,5121900000
2022-02-23,4324.930176,4341.509766,4221.509766,4225.5,4225.5,4797430000
2022-02-24,4155.77002,4294.72998,4114.649902,4288.700195,4288.700195,6752130000
2022-02-25,4298.379883,4385.339844,4286.830078,4384.649902,4384.649902,5177060000
2022-02-28,4354.169922,4388.839844,4315.120117,4373.939941,4373.939941,6071370000
2022-03-01,4363.140137,4378.450195,4279.540039,4306.259766,4306.259766,5846230000
2022-03-02,4322.560059,4401.47998,4322.560059,4386.540039,4386.540039,5337870000
2022-03-03,4401.310059,4416.779785,4345.560059,4363.490234,4363.490234,5039890000
2022-03-04,4342.120117,4342.120117,4284.97998,4328.870117,4328.870117,5797380000
2022-03-07,4327.009766,4327.009766,4199.850098,4201.089844,4201.089844,6940470000
2022-03-08,4202.660156,4276.939941,4157.870117,4170.700195,4170.700195,7243120000
2022-03-09,4223.100098,4299.399902,4223.100098,4277.879883,4277.879883,5662670000
2022-03-10,4252.549805,4268.279785,4209.799805,4259.52002,4259.52002,4980830000
2022-03-11,4279.5,4291.009766,4200.490234,4204.310059,4204.310059,4938640000
2022-03-14,4202.75,4247.569824,4161.720215,4173.109863,4173.109863,5574920000
2022-03-15,4188.819824,4271.049805,4187.899902,4262.450195,4262.450195,5392470000
2022-03-16,4288.140137,4358.899902,4251.990234,4357.859863,4357.859863,6309750000
2022-03-17,4345.109863,4412.669922,4335.649902,4411.669922,4411.669922,4985090000
2022-03-18,4407.339844,4465.399902,4390.569824,4463.120117,4463.120117,8278430000
2022-03-21,4462.399902,4481.75,4424.299805,4461.180176,4461.180176,4869820000
2022-03-22,4469.100098,4522.0,4469.100098,4511.609863,4511.609863,4754840000
2022-03-23,4493.100098,4501.069824,4455.810059,4456.240234,4456.240234,4550670000
2022-03-24,4469.97998,4520.580078,4465.169922,4520.160156,4520.160156,4131390000
2022-03-25,4522.910156,4546.029785,4501.069824,4543.060059,4543.060059,4305020000
2022-03-28,4541.089844,4575.649902,4517.689941,4575.52002,4575.52002,4312260000
2022-03-29,4602.859863,4637.299805,4589.660156,4631.600098,4631.600098,5085910000
2022-03-30,4624.200195,4627.77002,4581.319824,4602.450195,4602.450195,4385570000
2022-03-31,4599.02002,4603.069824,4530.410156,4530.410156,4530.410156,4823020000
2022-04-01,4540.319824,4548.700195,4507.569824,4545.859863,4545.859863,4562940000
2022-04-04,4547.970215,4583.5,4539.209961,4582.640137,4582.640137,4547350000
2022-04-05,4572.450195,4593.450195,4514.169922,4525.120117,4525.120117,4800620000
2022-04-06,4494.169922,4503.939941,4450.040039,4481.149902,4481.149902,4986830000
2022-04-07,4474.649902,4521.160156,4450.299805,4500.209961,4500.209961,4821490000
2022-04-08,4494.149902,4520.410156,4474.600098,4488.279785,4488.279785,4083200000
2022-04-11,4462.640137,4464.350098,4408.379883,4412.529785,4412.529785,4266290000
2022-04-12,4437.589844,4471.0,4381.339844,4397.450195,4397.450195,4152090000
2022-04-13,4394.299805,4453.919922,4392.700195,4446.589844,4446.589844,3828150000
2022-04-14,4449.120117,4460.459961,4390.77002,4392.589844,4392.589844,4083090000
2022-04-18,4385.629883,4410.310059,4370.299805,4391.689941,4391.689941,3910490000
2022-04-19,4390.629883,4471.029785,4390.629883,4462.209961,4462.209961,4108120000
2022-04-20,4472.259766,4488.290039,4448.759766,4459.450195,4459.450195,4290450000
2022-04-21,4489.169922,4512.939941,4384.470215,4393.660156,4393.660156,4636890000
2022-04-22,4385.830078,4385.830078,4267.620117,4271.779785,4271.779785,4651940000
2022-04-25,4255.339844,4299.02002,4200.819824,4296.120117,4296.120117,5240040000
2022-04-26,4278.140137,4278.140137,4175.040039,4175.200195,4175.200195,4689970000
2022-04-27,4186.52002,4240.709961,4162.899902,4183.959961,4183.959961,4769680000
2022-04-28,4222.580078,4308.450195,4188.629883,4287.5,4287.5,4854180000
2022-04-29,4253.75,4269.680176,4124.279785,4131.930176,4131.930176,5084030000
2022-05-02,4130.609863,4169.810059,4062.51001,4155.379883,4155.379883,5163790000
2022-05-03,4159.779785,4200.100098,4147.080078,4175.47998,4175.47998,4582050000
2022-05-04,4181.180176,4307.660156,4148.910156,4300.169922,4300.169922,5136360000
2022-05-05,4270.430176,4270.430176,4106.009766,4146.870117,4146.870117,5077030000
2022-05-06,4128.169922,4157.689941,4067.909912,4123.339844,4123.339844,5116940000
2022-05-09,4081.27002,4081.27002,3975.47998,3991.23999,3991.23999,5954520000
2022-05-10,4035.179932,4068.820068,3958.169922,4001.050049,4001.050049,5885820000
2022-05-11,3990.080078,4049.090088,3928.820068,3935.179932,3935.179932,5816140000
2022-05-12,3903.949951,3964.800049,3858.870117,3930.080078,3930.080078,6286450000
2022-05-13,3963.899902,4038.879883,3963.899902,4023.889893,4023.889893,5183340000
2022-05-16,4013.02002,4046.459961,3983.98999,4008.01001,4008.01001,4415030000
2022-05-17,4052.0,4090.719971,4033.929932,4088.850098,4088.850098,4841410000
2022-05-18,4051.97998,4051.97998,3911.909912,3923.679932,3923.679932,5103220000
2022-05-19,3899.0,3945.959961,3876.580078,3900.790039,3900.790039,5113550000
2022-05-20,3927.76001,3943.419922,3810.320068,3901.360107,3901.360107,5130730000
2022-05-23,3919.419922,3981.879883,3909.040039,3973.75,3973.75,4420030000
2022-05-24,3942.939941,3955.679932,3875.129883,3941.47998,3941.47998,4923190000
2022-05-25,3929.590088,3999.330078,3925.030029,3978.72998,3978.72998,4802560000
2022-05-26,3984.600098,4075.139893,3984.600098,4057.840088,4057.840088,4709970000
2022-05-27,4077.429932,4158.490234,4077.429932,4158.240234,4158.240234,4375620000
2022-05-31,4151.089844,4168.339844,4104.879883,4132.149902,4132.149902,6822640000
2022-06-01,4149.779785,4166.540039,4073.850098,4101.22998,4101.22998,4531800000
2022-06-02,4095.409912,4177.509766,4074.370117,4176.819824,4176.819824,4405790000
2022-06-03,4137.569824,4142.669922,4098.669922,4108.540039,4108.540039,3711110000
2022-06-06,4134.720215,4168.779785,4109.180176,4121.430176,4121.430176,4332700000
2022-06-07,4096.470215,4164.859863,4080.189941,4160.680176,4160.680176,4248210000
2022-06-08,4147.120117,4160.140137,4107.200195,4115.77002,4115.77002,4159470000
2022-06-09,4101.649902,4119.100098,4017.169922,4017.820068,4017.820068,4134170000
2022-06-10,3974.389893,3974.389893,3900.159912,3900.860107,3900.860107,4889640000
2022-06-13,3838.149902,3838.149902,3734.300049,3749.629883,3749.629883,5636890000
2022-06-14,3763.52002,3778.179932,3705.679932,3735.47998,3735.47998,5153890000
2022-06-15,3764.050049,3837.560059,3722.300049,3789.98999,3789.98999,5530480000
2022-06-16,3728.179932,3728.179932,3639.77002,3666.77002,3666.77002,5644930000
2022-06-17,3665.899902,3707.709961,3636.870117,3674.840088,3674.840088,8520740000
2022-06-21,3715.310059,3779.649902,3715.310059,3764.790039,3764.790039,5292260000
2022-06-22,3733.889893,3801.790039,3717.689941,3759.889893,3759.889893,5058990000
2022-06-23,3774.709961,3802.580078,3743.52002,3795.72998,3795.72998,5098640000
2022-06-24,3821.75,3913.649902,3821.75,3911.73999,3911.73999,8120260000
2022-06-27,3920.76001,3927.719971,3889.659912,3900.110107,3900.110107,4325310000
2022-06-28,3913.0,3945.860107,3820.139893,3821.550049,3821.550049,4270120000
2022-06-29,3825.090088,3836.5,3799.02002,3818.830078,3818.830078,4211240000
2022-06-30,3785.98999,3818.98999,3738.669922,3785.379883,3785.379883,4840070000
2022-07-01,3781.0,3829.820068,3752.100098,3825.330078,3825.330078,4046950000
2022-07-05,3792.610107,3832.189941,3742.060059,3831.389893,3831.389893,5076590000
2022-07-06,3831.97998,3870.909912,3809.370117,3845.080078,3845.080078,4417720000
2022-07-07,3858.850098,3910.629883,3858.850098,3902.620117,3902.620117,4057770000
2022-07-08,3888.26001,3918.5,3869.340088,3899.379883,3899.379883,3521620000
2022-07-11,3880.939941,3880.939941,3847.219971,3854.429932,3854.429932,3423480000
2022-07-12,3851.949951,3873.409912,3802.360107,3818.800049,3818.800049,3817210000
2022-07-13,3779.669922,3829.439941,3759.070068,3801.780029,3801.780029,4109390000
2022-07-14,3763.98999,3796.409912,3721.560059,3790.379883,3790.379883,4199690000
2022-07-15,3818.0,3863.620117,3817.179932,3863.159912,3863.159912,4143800000
2022-07-18,3883.790039,3902.439941,3818.629883,3830.850098,3830.850098,4046870000
2022-07-19,3860.72998,3939.810059,3860.72998,3936.689941,3936.689941,4041070000
2022-07-20,3935.320068,3974.129883,3922.030029,3959.899902,3959.899902,4185300000
2022-07-21,3955.469971,3999.290039,3927.639893,3998.949951,3998.949951,4132790000
2022-07-22,3998.429932,4012.439941,3938.860107,3961.629883,3961.629883,3979240000
2022-07-25,3965.719971,3975.300049,3943.459961,3966.840088,3966.840088,3568340000
2022-07-26,3953.219971,3953.219971,3910.73999,3921.050049,3921.050049,3778950000
2022-07-27,3951.429932,4039.560059,3951.429932,4023.610107,4023.610107,4112180000
2022-07-28,4026.129883,4078.949951,3992.969971,4072.429932,4072.429932,4413000000
2022-07-29,4087.330078,4140.149902,4079.219971,4130.290039,4130.290039,4616360000
2022-08-01,4112.379883,4144.950195,4096.02002,4118.629883,4118.629883,4202810000
2022-08-02,4104.209961,4140.470215,4079.810059,4091.189941,4091.189941,4727710000
2022-08-03,4107.959961,4167.660156,4107.959961,4155.169922,4155.169922,4351760000
2022-08-04,4154.850098,4161.290039,4135.419922,4151.939941,4151.939941,4283320000
2022-08-05,4115.870117,4151.580078,4107.310059,4145.189941,4145.189941,4085940000
2022-08-08,4155.930176,4186.620117,4128.970215,4140.060059,4140.060059,4221090000
2022-08-09,4133.109863,4137.299805,4112.089844,4122.470215,4122.470215,3913090000
2022-08-10,4181.02002,4211.029785,4177.259766,4210.240234,4210.240234,4546010000
2022-08-11,4227.399902,4257.910156,4201.410156,4207.27002,4207.27002,4630200000
2022-08-12,4225.02002,4280.470215,4219.779785,4280.149902,4280.149902,3788010000
2022-08-15,4269.370117,4301.790039,4256.899902,4297.140137,4297.140137,3696830000
2022-08-16,4290.459961,4325.279785,4277.77002,4305.200195,4305.200195,4329820000
2022-08-17,4280.399902,4302.180176,4253.080078,4274.040039,4274.040039,3885030000
2022-08-18,4273.129883,4292.529785,4261.97998,4283.740234,4283.740234,3340330000
2022-08-19,4266.310059,4266.310059,4218.700195,4228.47998,4228.47998,3761340000
2022-08-22,4195.080078,4195.080078,4129.859863,4137.990234,4137.990234,3907430000
2022-08-23,4133.089844,4159.77002,4124.029785,4128.72998,4128.72998,3823520000
2022-08-24,4126.549805,4156.560059,4119.970215,4140.77002,4140.77002,3583630000
2022-08-25,4153.259766,4200.540039,4147.589844,4199.120117,4199.120117,3566870000
2022-08-26,4198.740234,4203.040039,4057.659912,4057.659912,4057.659912,3832750000
2022-08-29,4034.580078,4062.98999,4017.419922,4030.610107,4030.610107,3396510000
2022-08-30,4041.25,4044.97998,3965.209961,3986.159912,3986.159912,3835860000
2022-08-31,4000.669922,4015.370117,3954.530029,3955.0,3955.0,4542490000
2022-09-01,3936.72998,3970.22998,3903.649902,3966.850098,3966.850098,4152250000
2022-09-02,3994.659912,4018.429932,3906.209961,3924.26001,3924.26001,3665850000
2022-09-06,3930.889893,3942.550049,3886.75,3908.189941,3908.189941,4127340000
2022-09-07,3909.429932,3987.889893,3906.030029,3979.870117,3979.870117,3890320000
2022-09-08,3959.939941,4010.5,3944.810059,4006.179932,4006.179932,3966850000
2022-09-09,4022.939941,4076.810059,4022.939941,4067.360107,4067.360107,3901940000
2022-09-12,4083.669922,4119.279785,4083.669922,4110.410156,4110.410156,3814200000
2022-09-13,4037.120117,4037.120117,3921.280029,3932.689941,3932.689941,4224550000
2022-09-14,3940.72998,3961.939941,3912.179932,3946.01001,3946.01001,4293240000
2022-09-15,3932.409912,3959.139893,3888.280029,3901.350098,3901.350098,4441830000
2022-09-16,3880.949951,3880.949951,3837.080078,3873.330078,3873.330078,7954650000
2022-09-19,3849.909912,3900.449951,3838.5,3899.889893,3899.889893,3766850000
2022-09-20,3875.22998,3876.01001,3827.540039,3855.929932,3855.929932,4058050000
2022-09-21,3871.399902,3907.070068,3789.48999,3789.929932,3789.929932,4078330000
2022-09-22,3782.360107,3790.899902,3749.449951,3757.98999,3757.98999,4284600000
2022-09-23,3727.139893,3727.139893,3647.469971,3693.22998,3693.22998,5144270000
2022-09-26,3682.719971,3715.669922,3644.76001,3655.040039,3655.040039,4886140000
2022-09-27,3686.439941,3717.530029,3623.290039,3647.290039,3647.290039,4577740000
2022-09-28,3651.939941,3736.73999,3640.610107,3719.040039,3719.040039,4684850000
2022-09-29,3687.01001,3687.01001,3610.399902,3640.469971,3640.469971,4681810000
2022-09-30,3633.47998,3671.439941,3584.129883,3585.620117,3585.620117,5645360000
2022-10-03,3609.780029,3698.350098,3604.929932,3678.429932,3678.429932,4806680000
2022-10-04,3726.459961,3791.919922,3726.459961,3790.929932,3790.929932,5146580000
2022-10-05,3753.25,3806.909912,3722.659912,3783.280029,3783.280029,4293180000
2022-10-06,3771.969971,3797.929932,3739.219971,3744.52002,3744.52002,4252100000
2022-10-07,3706.73999,3706.73999,3620.72998,3639.659912,3639.659912,4449660000
2022-10-10,3647.51001,3652.169922,3588.100098,3612.389893,3612.389893,3834320000
2022-10-11,3595.860107,3640.659912,3568.449951,3588.840088,3588.840088,4759030000
2022-10-12,3590.830078,3608.340088,3573.860107,3577.030029,3577.030029,4006830000
2022-10-13,3520.370117,3685.409912,3491.580078,3669.909912,3669.909912,5021680000
2022-10-14,3690.409912,3712.0,3579.679932,3583.070068,3583.070068,4243030000
2022-10-17,3638.649902,3689.72998,3638.649902,3677.949951,3677.949951,4352780000
2022-10-18,3746.26001,3762.790039,3686.530029,3719.97998,3719.97998,4483740000
2022-10-19,3703.110107,3728.580078,3666.51001,3695.159912,3695.159912,4223800000
2022-10-20,3689.050049,3736.0,3656.439941,3665.780029,3665.780029,4496620000
2022-10-21,3657.100098,3757.889893,3647.419922,3752.75,3752.75,5078020000
2022-10-24,3762.01001,3810.73999,3741.649902,3797.340088,3797.340088,4747930000
2022-10-25,3799.439941,3862.850098,3799.439941,3859.110107,3859.110107,4843120000
2022-10-26,3825.969971,3886.149902,3824.070068,3830.600098,3830.600098,4817310000
2022-10-27,3834.689941,3859.949951,3803.790039,3807.300049,3807.300049,4687320000
2022-10-28,3808.26001,3905.419922,3808.26001,3901.060059,3901.060059,4459410000
2022-10-31,3881.850098,3893.72998,3863.179932,3871.97998,3871.97998,4820620000
2022-11-01,3901.790039,3911.790039,3843.800049,3856.100098,3856.100098,4481210000
2022-11-02,3852.899902,3894.439941,3758.679932,3759.689941,3759.689941,4899000000
2022-11-03,3733.25,3750.590088,3698.149902,3719.889893,3719.889893,4625290000
2022-11-04,3766.97998,3796.340088,3708.840088,3770.550049,3770.550049,5400180000
2022-11-07,3780.709961,3813.949951,3764.699951,3806.800049,3806.800049,4341620000
2022-11-08,3817.02002,3859.399902,3786.280029,3828.110107,3828.110107,4607640000
2022-11-09,3810.939941,3818.199951,3744.219971,3748.570068,3748.570068,4645010000
2022-11-10,3859.889893,3958.330078,3859.889893,3956.370117,3956.370117,5781260000
2022-11-11,3963.719971,4001.47998,3944.820068,3992.929932,3992.929932,5593310000
2022-11-14,3977.969971,4008.969971,3956.399902,3957.25,3957.25,4561930000
2022-11-15,4006.409912,4028.840088,3953.169922,3991.72998,3991.72998,5015310000
2022-11-16,3976.820068,3983.090088,3954.340088,3958.790039,3958.790039,4165320000
2022-11-17,3919.26001,3954.330078,3906.540039,3946.560059,3946.560059,4051780000
2022-11-18,3966.389893,3979.889893,3935.97998,3965.340088,3965.340088,4037360000
2022-11-21,3956.22998,3962.0,3933.340088,3949.939941,3949.939941,3850690000
2022-11-22,3965.51001,4005.879883,3956.879883,4003.580078,4003.580078,3887990000
2022-11-23,4000.300049,4033.780029,3998.659912,4027.26001,4027.26001,3279720000
2022-11-25,4023.340088,4034.02002,4020.76001,4026.120117,4026.120117,1706460000
2022-11-28,4005.360107,4012.27002,3955.77002,3963.939941,3963.939941,3615430000
2022-11-29,3964.189941,3976.77002,3937.649902,3957.629883,3957.629883,3546040000
2022-11-30,3957.179932,4080.110107,3938.580078,4080.110107,4080.110107,6579360000
2022-12-01,4087.139893,4100.509766,4050.870117,4076.570068,4076.570068,4527130000
2022-12-02,4040.169922,4080.47998,4026.629883,4071.699951,4071.699951,4012620000
2022-12-05,4052.02002,4052.449951,3984.48999,3998.840088,3998.840088,4280820000
2022-12-06,3996.629883,4001.51001,3918.389893,3941.26001,3941.26001,4368380000
2022-12-07,3933.280029,3957.570068,3922.679932,3933.919922,3933.919922,4118050000
2022-12-08,3947.790039,3974.189941,3935.830078,3963.51001,3963.51001,4006900000
2022-12-09,3954.169922,3977.02002,3933.040039,3934.379883,3934.379883,3888260000
2022-12-12,3939.290039,3990.709961,3935.300049,3990.560059,3990.560059,3904130000
2022-12-13,4069.379883,4100.959961,3993.030029,4019.649902,4019.649902,5079360000
2022-12-14,4015.540039,4053.76001,3965.649902,3995.320068,3995.320068,4472340000
2022-12-15,3958.370117,3958.370117,3879.449951,3895.75,3895.75,4493900000
2022-12-16,3890.909912,3890.909912,3827.909912,3852.360107,3852.360107,7493660000
2022-12-19,3853.790039,3854.860107,3800.040039,3817.659912,3817.659912,3969610000
2022-12-20,3810.469971,3838.23999,3795.620117,3821.620117,3821.620117,3985370000
2022-12-21,3839.48999,3889.820068,3839.48999,3878.439941,3878.439941,3775200000
2022-12-22,3853.26001,3853.26001,3764.48999,3822.389893,3822.389893,3956950000
2022-12-23,3815.110107,3845.800049,3797.01001,3844.820068,3844.820068,2819280000
2022-12-27,3843.340088,3846.649902,3813.219971,3829.25,3829.25,3030300000
2022-12-28,3829.560059,3848.320068,3780.780029,3783.219971,3783.219971,3083520000
2022-12-29,3805.449951,3858.189941,3805.449951,3849.280029,3849.280029,3003680000
2022-12-30,3829.060059,3839.850098,3800.340088,3839.5,3839.5,2979870000
2023-01-03,3853.290039,3878.459961,3794.330078,3824.139893,3824.139893,3959140000
2023-01-04,3840.360107,3873.159912,3815.77002,3852.969971,3852.969971,4414080000
2023-01-05,3839.73999,3839.73999,3802.419922,3808.100098,3808.100098,3893450000
2023-01-06,3823.370117,3906.189941,3809.560059,3895.080078,3895.080078,3923560000
2023-01-09,3910.820068,3950.570068,3890.419922,3892.090088,3892.090088,4311770000
2023-01-10,3888.570068,3919.830078,3877.290039,3919.25,3919.25,3851030000
2023-01-11,3932.350098,3970.070068,3928.540039,3969.610107,3969.610107,4303360000
2023-01-12,3977.570068,3997.76001,3937.560059,3983.169922,3983.169922,4440260000
2023-01-13,3960.600098,4003.949951,3947.669922,3999.090088,3999.090088,3939700000
2023-01-17,3999.280029,4015.389893,3984.570068,3990.969971,3990.969971,4235560000
2023-01-18,4002.25,4014.159912,3926.590088,3928.860107,3928.860107,4298710000
2023-01-19,3911.840088,3922.939941,3885.540039,3898.850098,3898.850098,3991500000
2023-01-20,3909.040039,3972.959961,3897.860107,3972.610107,3972.610107,4013360000
2023-01-23,3978.139893,4039.310059,3971.639893,4019.810059,4019.810059,3945210000
2023-01-24,4001.73999,4023.919922,3989.790039,4016.949951,4016.949951,3320430000
2023-01-25,3982.709961,4019.550049,3949.060059,4016.219971,4016.219971,3724020000
2023-01-26,4036.080078,4061.570068,4013.290039,4060.429932,4060.429932,3809590000
2023-01-27,4053.719971,4094.209961,4048.699951,4070.560059,4070.560059,3907760000
2023-01-30,4049.27002,4063.850098,4015.550049,4017.77002,4017.77002,3802000000
2023-01-31,4020.850098,4077.159912,4020.439941,4076.600098,4076.600098,4679320000
2023-02-01,4070.070068,4148.950195,4037.199951,4119.209961,4119.209961,4856930000
2023-02-02,4158.680176,4195.439941,4141.879883,4179.759766,4179.759766,5624360000
2023-02-03,4136.689941,4182.359863,4123.359863,4136.47998,4136.47998,4694510000
2023-02-06,4119.569824,4124.629883,4093.379883,4111.080078,4111.080078,4114240000
2023-02-07,4105.350098,4176.540039,4088.389893,4164.0,4164.0,4355860000
2023-02-08,4153.470215,4156.850098,4111.669922,4117.859863,4117.859863,4029820000
2023-02-09,4144.25,4156.22998,4069.669922,4081.5,4081.5,4270200000
2023-02-10,4068.919922,4094.360107,4060.790039,4090.459961,4090.459961,3891520000
2023-02-13,4096.620117,4138.899902,4092.669922,4137.290039,4137.290039,3448620000
2023-02-14,4126.700195,4159.77002,4095.01001,4136.129883,4136.129883,3929200000
2023-02-15,4119.5,4148.109863,4103.97998,4147.600098,4147.600098,4075980000
2023-02-16,4114.75,4136.540039,4089.48999,4090.409912,4090.409912,4143660000
2023-02-17,4077.389893,4081.51001,4047.949951,4079.090088,4079.090088,4045480000
2023-02-21,4052.350098,4052.350098,3995.189941,3997.340088,3997.340088,4121590000
2023-02-22,4001.830078,4017.370117,3976.899902,3991.050049,3991.050049,4079320000
2023-02-23,4018.600098,4028.300049,3969.189941,4012.320068,4012.320068,3952940000
2023-02-24,3973.23999,3978.25,3943.080078,3970.040039,3970.040039,3877700000
2023-02-27,3992.360107,4018.050049,3973.550049,3982.23999,3982.23999,3836950000
2023-02-28,3977.189941,3997.5,3968.97998,3970.149902,3970.149902,5043400000
2023-03-01,3963.340088,3971.72998,3939.050049,3951.389893,3951.389893,4249480000
2023-03-02,3938.679932,3990.840088,3928.159912,3981.350098,3981.350098,4244900000
2023-03-03,3998.02002,4048.290039,3995.169922,4045.639893,4045.639893,4084730000
2023-03-06,4055.149902,4078.48999,4044.610107,4048.419922,4048.419922,4000870000
2023-03-07,4048.26001,4050.0,3980.310059,3986.370117,3986.370117,3922500000
2023-03-08,3987.550049,4000.409912,3969.76001,3992.01001,3992.01001,3535570000
2023-03-09,3998.659912,4017.810059,3908.699951,3918.320068,3918.320068,4445260000
2023-03-10,3912.77002,3934.050049,3846.320068,3861.590088,3861.590088,5518190000
2023-03-13,3835.120117,3905.050049,3808.860107,3855.76001,3855.76001,6558020000
2023-03-14,3894.01001,3937.290039,3873.629883,3919.290039,3919.290039,5665870000
2023-03-15,3876.73999,3894.26001,3838.23999,3891.929932,3891.929932,6594010000
2023-03-16,3878.929932,3964.459961,3864.110107,3960.280029,3960.280029,5695790000
2023-03-17,3958.689941,3958.909912,3901.27002,3916.639893,3916.639893,9354280000
2023-03-20,3917.469971,3956.620117,3916.889893,3951.570068,3951.570068,5347140000
2023-03-21,3975.889893,4009.080078,3971.189941,4002.870117,4002.870117,4920240000
2023-03-22,4002.040039,4039.48999,3936.169922,3936.969971,3936.969971,4533010000
2023-03-23,3959.209961,4007.659912,3919.050049,3948.719971,3948.719971,4991600000
2023-03-24,3939.209961,3972.73999,3909.159912,3970.98999,3970.98999,4583970000
2023-03-27,3982.929932,4003.830078,3970.48999,3977.530029,3977.530029,4233540000
2023-03-28,3974.129883,3979.199951,3951.530029,3971.27002,3971.27002,4014600000
2023-03-29,3999.530029,4030.590088,3999.530029,4027.810059,4027.810059,4145250000
2023-03-30,4046.73999,4057.850098,4032.100098,4050.830078,4050.830078,3930860000
2023-03-31,4056.179932,4110.75,4056.179932,4109.310059,4109.310059,4525120000
2023-04-03,4102.200195,4127.660156,4098.790039,4124.509766,4124.509766,4234700000
2023-04-04,4128.029785,4133.129883,4086.870117,4100.600098,4100.600098,4227800000
2023-04-05,4094.5,4099.689941,4072.560059,4090.379883,4090.379883,3968020000
2023-04-06,4081.149902,4107.319824,4069.840088,4105.02002,4105.02002,3486690000
2023-04-10,4085.199951,4109.5,4072.550049,4109.109863,4109.109863,3423650000
2023-04-11,4110.290039,4124.259766,4102.609863,4108.939941,4108.939941,3665830000
2023-04-12,4121.720215,4134.370117,4086.939941,4091.949951,4091.949951,3633120000
2023-04-13,4100.040039,4150.259766,4099.399902,4146.220215,4146.220215,3596590000
2023-04-14,4140.109863,4163.189941,4113.200195,4137.640137,4137.640137,3575690000
2023-04-17,4137.169922,4151.720215,4123.180176,4151.319824,4151.319824,3611180000
2023-04-18,4164.259766,4169.47998,4140.359863,4154.870117,4154.870117,3536640000
2023-04-19,4139.330078,4162.569824,4134.490234,4154.52002,4154.52002,3572560000
2023-04-20,4130.47998,4148.569824,4114.569824,4129.790039,4129.790039,3772080000
2023-04-21,4132.140137,4138.02002,4113.859863,4133.52002,4133.52002,3611750000
2023-04-24,4132.069824,4142.410156,4117.77002,4137.040039,4137.040039,3290940000
2023-04-25,4126.430176,4126.430176,4071.379883,4071.629883,4071.629883,3978640000
2023-04-26,4087.780029,4089.669922,4049.350098,4055.98999,4055.98999,3837030000
2023-04-27,4075.290039,4138.240234,4075.290039,4135.350098,4135.350098,3750550000
2023-04-28,4129.629883,4170.060059,4127.180176,4169.47998,4169.47998,4087800000
2023-05-01,4166.790039,4186.919922,4164.120117,4167.870117,4167.870117,3321370000
2023-05-02,4164.100098,4164.100098,4089.719971,4119.580078,4119.580078,4486130000
2023-05-03,4122.25,4148.299805,4088.860107,4090.75,4090.75,4246510000
2023-05-04,4082.550049,4082.610107,4048.280029,4061.219971,4061.219971,4920090000
2023-05-05,4084.72998,4147.02002,4084.72998,4136.25,4136.25,4186270000
2023-05-08,4136.97998,4142.299805,4123.810059,4138.120117,4138.120117,3641640000
2023-05-09,4124.25,4130.350098,4116.649902,4119.169922,4119.169922,3810140000
2023-05-10,4143.740234,4154.279785,4098.919922,4137.640137,4137.640137,4057160000
2023-05-11,4132.240234,4132.799805,4109.290039,4130.620117,4130.620117,3752900000
2023-05-12,4138.540039,4143.740234,4099.120117,4124.080078,4124.080078,3533740000
2023-05-15,4126.649902,4141.25,4110.27002,4136.279785,4136.279785,3562170000
2023-05-16,4127.950195,4135.540039,4109.859863,4109.899902,4109.899902,3654200000
2023-05-17,4122.850098,4164.669922,4113.620117,4158.77002,4158.77002,4039080000
2023-05-18,4157.680176,4202.200195,4153.5,4198.049805,4198.049805,3980500000
2023-05-19,4204.149902,4212.910156,4180.200195,4191.97998,4191.97998,4041900000
2023-05-22,4190.779785,4209.220215,4179.680176,4192.629883,4192.629883,3728520000
2023-05-23,4176.799805,4185.680176,4142.540039,4145.580078,4145.580078,4155320000
2023-05-24,4132.959961,4132.959961,4103.97998,4115.240234,4115.240234,3739160000
2023-05-25,4155.709961,4165.740234,4129.72998,4151.279785,4151.279785,4147760000
2023-05-26,4156.160156,4212.870117,4156.160156,4205.450195,4205.450195,3715460000
2023-05-30,4226.709961,4231.100098,4192.180176,4205.52002,4205.52002,4228510000
2023-05-31,4190.740234,4195.439941,4166.149902,4179.830078,4179.830078,5980670000
2023-06-01,4183.029785,4232.430176,4171.640137,4221.02002,4221.02002,4391860000
2023-06-02,4241.009766,4290.669922,4241.009766,4282.370117,4282.370117,4454200000
2023-06-05,4282.990234,4299.279785,4266.819824,4273.790039,4273.790039,3813290000
2023-06-06,4271.339844,4288.330078,4263.089844,4283.850098,4283.850098,3996560000
2023-06-07,4285.470215,4299.189941,4263.959961,4267.52002,4267.52002,4537800000
2023-06-08,4268.689941,4298.009766,4261.069824,4293.930176,4293.930176,3826740000
2023-06-09,4304.879883,4322.620117,4291.700195,4298.859863,4298.859863,3786510000
2023-06-12,4308.319824,4340.129883,4304.370117,4338.930176,4338.930176,3945670000
2023-06-13,4352.609863,4375.370117,4349.310059,4369.009766,4369.009766,4275400000
2023-06-14,4366.290039,4391.819824,4337.850098,4372.589844,4372.589844,4252110000
2023-06-15,4365.330078,4439.200195,4362.600098,4425.839844,4425.839844,4176690000
2023-06-16,4440.950195,4448.470215,4407.439941,4409.589844,4409.589844,6848600000
2023-06-20,4396.109863,4400.149902,4367.189941,4388.709961,4388.709961,4055790000
2023-06-21,4380.009766,4386.220215,4360.140137,4365.689941,4365.689941,3709330000
2023-06-22,4355.399902,4382.25,4351.819824,4381.890137,4381.890137,3511000000
2023-06-23,4354.169922,4366.549805,4341.339844,4348.330078,4348.330078,6053620000
2023-06-26,4344.839844,4362.060059,4328.080078,4328.819824,4328.819824,3415030000
2023-06-27,4337.359863,4384.419922,4335.0,4378.410156,4378.410156,3573500000
2023-06-28,4367.47998,4390.350098,4360.220215,4376.859863,4376.859863,3739330000
2023-06-29,4374.939941,4398.390137,4371.970215,4396.439941,4396.439941,3696660000
2023-06-30,4422.439941,4458.47998,4422.439941,4450.379883,4450.379883,3923450000
2023-07-03,4450.47998,4456.459961,4442.290039,4455.589844,4455.589844,2034280000
2023-07-05,4442.040039,4454.060059,4436.609863,4446.819824,4446.819824,3482620000
2023-07-06,4422.620117,4422.620117,4385.049805,4411.589844,4411.589844,3682020000
2023-07-07,4404.540039,4440.390137,4397.399902,4398.950195,4398.950195,3630480000
2023-07-10,4394.22998,4412.600098,4389.919922,4409.529785,4409.529785,3429600000
2023-07-11,4415.549805,4443.640137,4408.459961,4439.259766,4439.259766,3624220000
2023-07-12,4467.689941,4488.339844,4463.22998,4472.160156,4472.160156,3920290000
2023-07-13,4491.5,4517.379883,4489.359863,4510.040039,4510.040039,3839530000
2023-07-14,4514.609863,4527.759766,4499.560059,4505.419922,4505.419922,3647450000
2023-07-17,4508.859863,4532.850098,4504.899902,4522.790039,4522.790039,3538240000
2023-07-18,4521.779785,4562.299805,4514.589844,4554.97998,4554.97998,4090010000
2023-07-19,4563.870117,4578.430176,4557.47998,4565.720215,4565.720215,4115670000
2023-07-20,4554.379883,4564.740234,4527.560059,4534.870117,4534.870117,3761770000
2023-07-21,4550.160156,4555.0,4535.790039,4536.339844,4536.339844,3570190000
2023-07-24,4543.390137,4563.410156,4541.290039,4554.640137,4554.640137,3856250000
2023-07-25,4555.189941,4580.620117,4552.419922,4567.459961,4567.459961,3812470000
2023-07-26,4558.959961,4582.470215,4547.580078,4566.75,4566.75,3990290000
2023-07-27,4598.259766,4607.069824,4528.560059,4537.410156,4537.410156,4553210000
2023-07-28,4565.75,4590.160156,4564.009766,4582.22998,4582.22998,3981010000
2023-07-31,4584.819824,4594.220215,4573.140137,4588.959961,4588.959961,4503600000
2023-08-01,4578.830078,4584.620117,4567.529785,4576.72998,4576.72998,4042370000
2023-08-02,4550.930176,4550.930176,4505.75,4513.390137,4513.390137,4270710000
2023-08-03,4494.27002,4519.490234,4485.540039,4501.890137,4501.890137,4149120000
2023-08-04,4513.959961,4540.339844,4474.549805,4478.029785,4478.029785,4143310000
2023-08-07,4491.580078,4519.839844,4491.149902,4518.439941,4518.439941,3493920000
2023-08-08,4498.029785,4503.310059,4464.390137,4499.379883,4499.379883,3884910000
2023-08-09,4501.569824,4502.439941,4461.330078,4467.709961,4467.709961,3803100000
2023-08-10,4487.160156,4527.370117,4457.919922,4468.830078,4468.830078,4504370000
2023-08-11,4450.689941,4476.22998,4443.97998,4464.049805,4464.049805,3753290000
2023-08-14,4458.129883,4490.330078,4453.439941,4489.720215,4489.720215,3896410000
2023-08-15,4478.870117,4478.870117,4432.189941,4437.859863,4437.859863,3832250000
2023-08-16,4433.790039,4449.950195,4403.549805,4404.330078,4404.330078,3753910000
2023-08-17,4416.319824,4421.169922,4364.830078,4370.359863,4370.359863,3943700000
2023-08-18,4344.879883,4381.819824,4335.310059,4369.709961,4369.709961,3940400000
2023-08-21,4380.279785,4407.549805,4360.299805,4399.77002,4399.77002,3726850000
2023-08-22,4415.330078,4418.589844,4382.77002,4387.549805,4387.549805,3522760000
2023-08-23,4396.439941,4443.180176,4396.439941,4436.009766,4436.009766,3837270000
2023-08-24,4455.160156,4458.299805,4375.549805,4376.310059,4376.310059,3723470000
2023-08-25,4389.379883,4418.459961,4356.290039,4405.709961,4405.709961,3296180000
2023-08-28,4426.029785,4439.560059,4414.97998,4433.310059,4433.310059,2957230000
2023-08-29,4432.75,4500.140137,4431.680176,4497.629883,4497.629883,3354820000
2023-08-30,4500.339844,4521.649902,4493.589844,4514.870117,4514.870117,3064110000
2023-08-31,4517.009766,4532.259766,4507.390137,4507.660156,4507.660156,3946360000
2023-09-01,4530.600098,4541.25,4501.350098,4515.77002,4515.77002,3246260000
2023-09-05,4510.060059,4514.290039,4496.009766,4496.830078,4496.830078,3526250000
2023-09-06,4490.350098,4490.350098,4442.379883,4465.47998,4465.47998,3418850000
2023-09-07,4434.549805,4457.810059,4430.459961,4451.140137,4451.140137,3763760000
2023-09-08,4451.299805,4473.529785,4448.379883,4457.490234,4457.490234,3259290000
2023-09-11,4480.97998,4490.77002,4467.890137,4487.459961,4487.459961,3369920000
2023-09-12,4473.27002,4487.109863,4456.830078,4461.899902,4461.899902,3435740000
2023-09-13,4462.649902,4479.390137,4453.52002,4467.439941,4467.439941,3529430000
2023-09-14,4487.779785,4511.990234,4478.689941,4505.100098,4505.100098,3648720000
2023-09-15,4497.97998,4497.97998,4447.209961,4450.319824,4450.319824,6932230000
2023-09-18,4445.129883,4466.359863,4442.109863,4453.529785,4453.529785,3161230000
2023-09-19,4445.410156,4449.850098,4416.609863,4443.950195,4443.950195,3614880000
2023-09-20,4452.810059,4461.029785,4401.379883,4402.200195,4402.200195,3308450000
2023-09-21,4374.359863,4375.700195,4329.169922,4330.0,4330.0,3662340000
2023-09-22,4341.740234,4357.399902,4316.490234,4320.060059,4320.060059,3349570000
2023-09-25,4310.620117,4338.509766,4302.700195,4337.439941,4337.439941,3195650000
2023-09-26,4312.879883,4313.009766,4265.97998,4273.529785,4273.529785,3472340000
2023-09-27,4282.629883,4292.069824,4238.629883,4274.509766,4274.509766,3875880000
2023-09-28,4269.649902,4317.27002,4264.379883,4299.700195,4299.700195,3846230000
2023-09-29,4328.180176,4333.149902,4274.859863,4288.049805,4288.049805,3865960000
2023-10-02,4284.52002,4300.580078,4260.209961,4288.390137,4288.390137,3938660000
2023-10-03,4269.75,4281.149902,4216.450195,4229.450195,4229.450195,3953830000
2023-10-04,4233.830078,4268.5,4220.47998,4263.75,4263.75,3777600000
2023-10-05,4259.310059,4267.129883,4225.910156,4258.189941,4258.189941,3581470000
2023-10-06,4234.790039,4324.100098,4219.549805,4308.5,4308.5,3902030000
2023-10-09,4289.02002,4341.72998,4283.790039,4335.660156,4335.660156,3174630000
2023-10-10,4339.75,4385.459961,4339.640137,4358.240234,4358.240234,3520240000
2023-10-11,4366.589844,4378.640137,4345.339844,4376.950195,4376.950195,3601660000
2023-10-12,4380.939941,4385.850098,4325.430176,4349.609863,4349.609863,3713140000
2023-10-13,4360.490234,4377.100098,4311.970215,4327.779785,4327.779785,3566560000
2023-10-16,4342.370117,4383.330078,4342.370117,4373.629883,4373.629883,3409960000
2023-10-17,4345.22998,4393.569824,4337.540039,4373.200195,4373.200195,3794850000
2023-10-18,4357.350098,4364.200195,4303.839844,4314.600098,4314.600098,3686030000
2023-10-19,4321.359863,4339.540039,4269.689941,4278.0,4278.0,3969730000
2023-10-20,4273.850098,4276.560059,4223.029785,4224.160156,4224.160156,4004030000
2023-10-23,4210.399902,4255.839844,4189.220215,4217.040039,4217.040039,3776100000
2023-10-24,4235.790039,4259.379883,4219.430176,4247.680176,4247.680176,3821820000
2023-10-25,4232.419922,4232.419922,4181.419922,4186.77002,4186.77002,3869370000
2023-10-26,4175.990234,4183.600098,4127.899902,4137.22998,4137.22998,4277640000
2023-10-27,4152.930176,4156.700195,4103.779785,4117.370117,4117.370117,4019500000
2023-10-30,4139.390137,4177.470215,4132.939941,4166.819824,4166.819824,3911140000
2023-10-31,4171.330078,4195.549805,4153.120117,4193.799805,4193.799805,4249470000
2023-11-01,4201.27002,4245.640137,4197.740234,4237.859863,4237.859863,4224900000
2023-11-02,4268.259766,4319.720215,4268.259766,4317.779785,4317.779785,4669780000
2023-11-03,4334.22998,4373.620117,4334.22998,4358.339844,4358.339844,4570960000
2023-11-06,4364.27002,4372.209961,4347.529785,4365.97998,4365.97998,3656340000
2023-11-07,4366.209961,4386.259766,4355.410156,4378.379883,4378.379883,3791230000
2023-11-08,4384.370117,4391.200195,4359.759766,4382.779785,4382.779785,3729510000
2023-11-09,4391.410156,4393.399902,4343.939941,4347.350098,4347.350098,3900780000
2023-11-10,4364.149902,4418.029785,4353.339844,4415.240234,4415.240234,3665080000
2023-11-13,4406.660156,4421.759766,4393.819824,4411.549805,4411.549805,3326240000
2023-11-14,4458.970215,4508.669922,4458.970215,4495.700195,4495.700195,4700350000
2023-11-15,4505.299805,4521.169922,4495.310059,4502.879883,4502.879883,4347170000
2023-11-16,4497.080078,4511.990234,4487.830078,4508.240234,4508.240234,3964520000
2023-11-17,4509.549805,4520.120117,4499.660156,4514.02002,4514.02002,3777240000
2023-11-20,4511.700195,4557.109863,4510.359863,4547.379883,4547.379883,3644790000
2023-11-21,4538.77002,4542.140137,4525.509766,4538.189941,4538.189941,3511080000
2023-11-22,4553.040039,4568.430176,4545.049805,4556.620117,4556.620117,3042810000
2023-11-24,4555.839844,4560.310059,4552.799805,4559.339844,4559.339844,1639500000
2023-11-27,4554.859863,4560.52002,4546.319824,4550.430176,4550.430176,3403990000
2023-11-28,4545.549805,4568.140137,4540.509766,4554.890137,4554.890137,3586240000
2023-11-29,4571.839844,4587.640137,4547.149902,4550.580078,4550.580078,4418760000
2023-11-30,4554.870117,4569.890137,4537.240234,4567.799805,4567.799805,5399300000
2023-12-01,4559.430176,4599.390137,4554.709961,4594.629883,4594.629883,4397120000
2023-12-04,4564.370117,4572.370117,4546.720215,4569.779785,4569.779785,4369910000
2023-12-05,4557.25,4578.560059,4551.680176,4567.180176,4567.180176,3909950000
2023-12-06,4586.22998,4590.740234,4546.5,4549.339844,4549.339844,4245680000
2023-12-07,4568.839844,4590.919922,4565.220215,4585.589844,4585.589844,3818880000
2023-12-08,4576.200195,4609.22998,4574.060059,4604.370117,4604.370117,3707010000
2023-12-11,4593.390137,4623.709961,4593.390137,4622.439941,4622.439941,3823210000
2023-12-12,4618.299805,4643.930176,4608.089844,4643.700195,4643.700195,3808380000
2023-12-13,4646.200195,4709.689941,4643.22998,4707.089844,4707.089844,5063650000
2023-12-14,4721.040039,4738.569824,4694.339844,4719.549805,4719.549805,6314040000
2023-12-15,4714.22998,4725.529785,4704.689941,4719.189941,4719.189941,8218980000
2023-12-18,4725.580078,4749.52002,4725.580078,4740.560059,4740.560059,4060340000
2023-12-19,4743.720215,4768.689941,4743.720215,4768.370117,4768.370117,4026970000
2023-12-20,4764.72998,4778.009766,4697.819824,4698.350098,4698.350098,4201320000
2023-12-21,4724.290039,4748.709961,4708.350098,4746.75,4746.75,3431180000
2023-12-22,4753.919922,4772.939941,4736.77002,4754.629883,4754.629883,3046770000
2023-12-26,4758.859863,4784.720215,4758.450195,4774.75,4774.75,2513910000
2023-12-27,4773.450195,4785.390137,4768.899902,4781.580078,4781.580078,2748450000
2023-12-28,4786.439941,4793.299805,4780.97998,4783.350098,4783.350098,2698860000
2023-12-29,4782.879883,4788.430176,4751.990234,4769.830078,4769.830078,3126060000
2024-01-02,4745.200195,4754.330078,4722.669922,4742.830078,4742.830078,3743050000
2024-01-03,4725.069824,4729.290039,4699.709961,4704.810059,4704.810059,3950760000
2024-01-04,4697.419922,4726.779785,4687.529785,4688.680176,4688.680176,3715480000
2024-01-05,4690.569824,4721.490234,4682.109863,4697.240234,4697.240234,3844370000
2024-01-08,4703.700195,4764.540039,4699.819824,4763.540039,4763.540039,3742320000
2024-01-09,4741.930176,4765.470215,4730.350098,4756.5,4756.5,3529960000
2024-01-10,4759.939941,4790.799805,4756.200195,4783.450195,4783.450195,3498680000
2024-01-11,4792.129883,4798.5,4739.580078,4780.240234,4780.240234,3759890000
2024-01-12,4791.180176,4802.399902,4768.97998,4783.830078,4783.830078,3486340000
2024-01-16,4772.350098,4782.339844,4747.120117,4765.97998,4765.97998,4260550000
2024-01-17,4739.129883,4744.22998,4714.819824,4739.209961,4739.209961,3928600000
2024-01-18,4760.100098,4785.790039,4740.569824,4780.939941,4780.939941,4019000000
2024-01-19,4796.279785,4842.069824,4785.870117,4839.810059,4839.810059,4287200000
2024-01-22,4853.419922,4868.410156,4844.049805,4850.430176,4850.430176,4297610000
2024-01-23,4856.799805,4866.47998,4844.370117,4864.600098,4864.600098,3912800000
2024-01-24,4888.560059,4903.680176,4865.939941,4868.549805,4868.549805,4330030000
2024-01-25,4886.660156,4898.149902,4869.339844,4894.160156,4894.160156,4020430000
2024-01-26,4888.910156,4906.689941,4881.470215,4890.970215,4890.970215,3353400000
2024-01-29,4892.950195,4929.310059,4887.399902,4927.930176,4927.930176,3525160000
2024-01-30,4925.890137,4931.089844,4916.27002,4924.970215,4924.970215,3836130000
2024-01-31,4899.189941,4906.75,4845.149902,4845.649902,4845.649902,4696120000
2024-02-01,4861.109863,4906.970215,4853.52002,4906.189941,4906.189941,4386090000
2024-02-02,4916.060059,4975.290039,4907.990234,4958.609863,4958.609863,3974350000
2024-02-05,4957.189941,4957.189941,4918.089844,4942.810059,4942.810059,4023640000
2024-02-06,4950.160156,4957.77002,4934.879883,4954.22998,4954.22998,4440880000
2024-02-07,4973.049805,4999.890137,4969.049805,4995.060059,4995.060059,4895590000
2024-02-08,4995.160156,5000.399902,4987.089844,4997.910156,4997.910156,4341860000
2024-02-09,5004.169922,5030.060059,5000.339844,5026.609863,5026.609863,3912990000
2024-02-12,5026.830078,5048.390137,5016.830078,5021.839844,5021.839844,3805740000
2024-02-13,4967.939941,4971.299805,4920.310059,4953.169922,4953.169922,4302190000
2024-02-14,4976.439941,5002.52002,4956.450195,5000.620117,5000.620117,3845600000
2024-02-15,5003.140137,5032.720215,4999.439941,5029.72998,5029.72998,4137970000
2024-02-16,5031.129883,5038.700195,4999.52002,5005.569824,5005.569824,3833270000
2024-02-20,4989.319824,4993.709961,4955.02002,4975.509766,4975.509766,4034880000
2024-02-21,4963.029785,4983.209961,4946.0,4981.799805,4981.799805,3788390000
2024-02-22,5038.830078,5094.390137,5038.830078,5087.029785,5087.029785,4051710000
2024-02-23,5100.919922,5111.060059,5081.459961,5088.799805,5088.799805,3672790000
2024-02-26,5093.0,5097.660156,5068.910156,5069.529785,5069.529785,3683930000
2024-02-27,5074.600098,5080.689941,5057.290039,5078.180176,5078.180176,3925950000
2024-02-28,5067.200195,5077.370117,5058.350098,5069.759766,5069.759766,3789370000
2024-02-29,5085.359863,5104.990234,5061.890137,5096.27002,5096.27002,5219740000
2024-03-01,5098.509766,5140.330078,5094.160156,5137.080078,5137.080078,4748110000
2024-03-04,5130.990234,5149.669922,5127.180176,5130.950195,5130.950195,4758440000
2024-03-05,5110.52002,5114.540039,5056.819824,5078.649902,5078.649902,4418410000
2024-03-06,5108.029785,5127.970215,5092.220215,5104.759766,5104.759766,4559050000
2024-03-07,5132.379883,5165.620117,5128.209961,5157.359863,5157.359863,4137980000
2024-03-08,5164.459961,5189.259766,5117.5,5123.689941,5123.689941,4208870000
2024-03-11,5111.959961,5124.660156,5091.140137,5117.939941,5117.939941,3896430000
2024-03-12,5134.299805,5179.870117,5114.47998,5175.27002,5175.27002,4080510000
2024-03-13,5173.490234,5179.140137,5151.879883,5165.310059,5165.310059,4282890000
2024-03-14,5175.140137,5176.850098,5123.299805,5150.47998,5150.47998,4687970000
2024-03-15,5123.310059,5136.859863,5104.350098,5117.089844,5117.089844,7753670000
2024-03-18,5154.77002,5175.600098,5145.470215,5149.419922,5149.419922,4036220000
2024-03-19,5139.089844,5180.310059,5131.589844,5178.509766,5178.509766,4031760000
2024-03-20,5181.689941,5226.189941,5171.549805,5224.620117,5224.620117,4064850000
2024-03-21,5253.430176,5261.100098,5240.660156,5241.529785,5241.529785,4207730000
2024-03-22,5242.47998,5246.089844,5229.870117,5234.180176,5234.180176,3374700000
2024-03-25,5219.52002,5229.089844,5216.089844,5218.189941,5218.189941,3331360000
2024-03-26,5228.850098,5235.160156,5203.419922,5203.580078,5203.580078,3871790000
2024-03-27,5226.310059,5249.259766,5213.919922,5248.490234,5248.490234,3850500000
2024-03-28,5248.029785,5264.850098,5245.819824,5254.350098,5254.350098,3998270000
2024-04-01,5257.970215,5263.950195,5229.200195,5243.77002,5243.77002,3325930000
2024-04-02,5204.290039,5208.339844,5184.049805,5205.810059,5205.810059,3886590000
2024-04-03,5194.370117,5228.75,5194.370117,5211.490234,5211.490234,3703250000
2024-04-04,5244.049805,5256.589844,5146.060059,5147.209961,5147.209961,4075680000
2024-04-05,5158.950195,5222.180176,5157.209961,5204.339844,5204.339844,3386780000
2024-04-08,5211.370117,5219.569824,5197.350098,5202.390137,5202.390137,3278180000
2024-04-09,5217.029785,5224.810059,5160.779785,5209.910156,5209.910156,3400680000
2024-04-10,5167.879883,5178.430176,5138.700195,5160.640137,5160.640137,3845930000
2024-04-11,5172.950195,5211.779785,5138.77002,5199.060059,5199.060059,3509380000
2024-04-12,5171.509766,5175.029785,5107.939941,5123.410156,5123.410156,3963220000
2024-04-15,5149.669922,5168.430176,5052.470215,5061.819824,5061.819824,3950210000
2024-04-16,5064.589844,5079.839844,5039.830078,5051.410156,5051.410156,4006200000
2024-04-17,5104.5,5120.5,5047.0,5076.5,5076.5,1855235
2024-04-18,5076.5,5095.25,4963.5,5000.5,5000.5,1870129
2024-04-19,5001.0,5058.0,4991.25,5003.5,5003.5,2010947
2024-04-21,5014.25,5023.75,5009.25,5015.5,5015.5,69151
2024-04-22,5015.5,5076.75,5006.0,5047.25,5047.25,1498213
2024-04-23,5047.5,5127.25,5042.5,5125.25,5125.25,1313165
2024-04-24,5125.25,5128.75,5070.0,5074.5,5074.5,1452566
2024-04-25,5074.25,5134.75,5022.25,5124.5,5124.5,1833927
2024-04-26,5124.5,5146.5,5104.5,5131.75,5131.75,1342318
2024-04-28,5140.25,5147.0,5135.0,5143.75,5143.75,33762
2024-04-29,5143.5,5154.25,5118.75,5143.25,5143.25,1117046
2024-04-30,5143.0,5145.5,5048.5,5064.75,5064.75,1604670
2024-05-01,5064.75,5126.75,5037.75,5071.75,5071.75,1901299
2024-05-02,5071.75,5118.0,5036.25,5106.75,5106.75,1504318
2024-05-03,5106.75,5166.75,5099.25,5161.5,5161.5,1501613
2024-05-05,5166.75,5169.75,5156.0,5159.75,5159.75,32480
2024-05-06,5160.0,5208.75,5155.75,5208.75,5208.75,968798
2024-05-07,5208.5,5226.75,5202.25,5212.75,5212.75,1065267
2024-05-08,5212.5,5218.0,5188.75,5208.0,5208.0,964432
2024-05-09,5208.25,5246.0,5195.0,5241.25,5241.25,1056936
2024-05-10,5241.25,5264.0,5232.75,5241.5,5241.5,1032245
2024-05-12,5240.5,5250.0,5239.75,5249.0,5249.0,24707
2024-05-13,5249.0,5264.0,5233.25,5241.5,5241.5,883387
2024-05-14,5241.5,5277.5,5216.75,5275.25,5275.25,1195368
2024-05-15,5275.25,5343.25,5266.25,5342.5,5342.5,1343075
2024-05-16,5342.25,5349.0,5315.5,5318.5,5318.5,1155468
2024-05-17,5318.75,5328.75,5305.75,5327.75,5327.75,963629
2024-05-19,5329.25,5336.5,5329.0,5334.25,5334.25,27388
2024-05-20,5334.5,5348.25,5323.75,5332.25,5332.25,976518
2024-05-21,5332.5,5349.25,5322.5,5345.75,5345.75,941941
2024-05-22,5345.75,5361.75,5306.75,5361.0,5361.0,1226321
2024-05-23,5361.0,5368.25,5273.5,5292.5,5292.5,1914168
2024-05-24,5292.75,5329.25,5286.0,5320.75,5320.75,1160868
2024-05-26,5321.75,5324.25,5312.5,5316.5,5316.5,17879
2024-05-27,5316.75,5335.0,5316.25,5329.5,5329.5,93507
2024-05-28,5329.75,5339.0,5296.75,5307.25,5307.25,1262491
2024-05-29,5307.5,5310.25,5256.0,5258.25,5258.25,1397588
2024-05-30,5258.25,5277.0,5234.5,5246.0,5246.0,1397058
2024-05-31,5246.25,5307.0,5205.5,5299.25,5299.25,2241462
2024-06-02,5299.5,5311.0,5290.25,5307.75,5307.75,59629
2024-06-03,5307.5,5313.25,5246.75,5299.25,5299.25,1703347
2024-06-04,5299.25,5314.75,5262.0,5313.5,5313.5,1641905
2024-06-05,5313.5,5372.75,5305.5,5369.75,5369.75,1357466
2024-06-06,5370.0,5373.25,5345.25,5366.75,5366.75,1165751
2024-06-07,5367.0,5385.5,5329.0,5353.5,5353.5,1476864
2024-06-09,5351.5,5360.5,5348.25,5356.0,5356.0,28000
2024-06-10,5355.75,5375.75,5338.25,5366.0,5366.0,1124056
2024-06-11,5366.0,5387.5,5334.5,5387.25,5387.25,1317778
2024-06-12,5387.0,5454.5,5385.0,5440.75,5440.75,1720212
2024-06-13,5440.75,5452.75,5408.5,5441.25,5441.25,1321074
2024-06-14,5441.25,5443.0,5397.75,5435.75,5435.75,1068390
2024-06-17,5500.5,5561.0,5489.75,5546.25,5546.25,1040244
2024-06-18,5546.25,5567.0,5541.5,5561.0,5561.0,983654
2024-06-19,5561.25,5572.0,5559.75,5570.75,5570.75,93469
2024-06-20,5570.75,5588.0,5525.5,5545.25,5545.25,1413201
2024-06-21,5545.25,5550.75,5519.0,5536.5,5536.5,1216128
2024-06-23,5538.5,5539.75,5519.75,5527.0,5527.0,36364
2024-06-24,5527.0,5558.5,5510.25,5523.5,5523.5,1328553
2024-06-25,5523.5,5542.0,5511.0,5539.75,5539.75,1070842
2024-06-26,5539.75,5551.75,5515.75,5522.25,5522.25,1134154
2024-06-27,5522.25,5563.5,5522.0,5561.0,5561.0,1163558
2024-06-28,5560.75,5585.0,5510.75,5532.25,5532.25,1682250
2024-06-30,5534.25,5538.25,5526.5,5536.25,5536.25,44679
2024-07-01,5536.25,5541.0,5504.5,5521.5,5521.5,1337794
2024-07-02,5521.75,5569.75,5502.75,5561.25,5561.25,1236291
2024-07-03,5561.5,5595.75,5560.0,5589.0,5589.0,723123
2024-07-04,5589.25,5597.0,5585.25,5593.25,5593.25,93793
2024-07-05,5593.0,5626.0,5585.0,5615.0,5615.0,1047564
2024-07-07,5612.0,5618.0,5610.75,5614.25,5614.25,24407
2024-07-08,5614.25,5639.75,5610.75,5638.25,5638.25,920647
2024-07-09,5638.0,5645.75,5628.25,5634.5,5634.5,996277
2024-07-10,5634.25,5690.5,5630.75,5685.0,5685.0,1116788
2024-07-11,5684.75,5707.75,5630.0,5640.0,5640.0,1900142
2024-07-12,5639.75,5708.25,5621.25,5667.5,5667.5,1567014
2024-07-14,5681.0,5683.25,5665.5,5675.25,5675.25,41700
2024-07-15,5675.5,5718.75,5666.0,5692.75,5692.75,1618471
2024-07-16,5692.75,5721.25,5673.0,5709.5,5709.5,1421464
2024-07-17,5709.5,5710.0,5631.75,5650.25,5650.25,1980130
2024-07-18,5650.5,5664.0,5570.25,5603.5,5603.5,2431657
2024-07-19,5603.25,5607.5,5542.0,5552.75,5552.75,1984215
2024-07-22,5563.25,5616.0,5557.5,5599.75,5599.75,1583552
2024-07-23,5599.75,5629.75,5573.5,5575.5,5575.5,1343530
2024-07-24,5575.75,5575.75,5462.0,5484.0,5484.0,2063860
2024-07-25,5484.0,5533.25,5432.5,5461.75,5461.75,2778860
2024-07-26,5461.75,5528.25,5459.75,5499.25,5499.25,1849532
2024-07-28,5496.5,5530.0,5496.25,5523.25,5523.25,48359
2024-07-29,5523.25,5534.5,5479.5,5489.75,5489.75,1636923
2024-07-30,5489.75,5527.5,5433.0,5497.25,5497.25,2003506
2024-07-31,5497.25,5594.5,5490.75,5592.5,5592.5,2024636
2024-08-01,5592.25,5600.75,5421.0,5442.5,5442.5,2707269
2024-08-02,5442.5,5445.0,5331.75,5358.0,5358.0,3018639
2024-08-04,5330.0,5345.5,5287.25,5291.75,5291.75,190853
2024-08-05,5291.75,5305.5,5120.0,5296.5,5296.5,3185087
2024-08-06,5296.5,5342.0,5221.75,5309.25,5309.25,2079487
2024-08-07,5309.75,5359.25,5182.0,5230.25,5230.25,2137418
2024-08-08,5230.5,5362.75,5202.25,5355.5,5355.5,1778294
2024-08-09,5355.25,5385.25,5319.5,5365.0,5365.0,1290606
2024-08-11,5364.25,5377.5,5350.25,5369.0,5369.0,41260
2024-08-12,5369.0,5396.75,5347.75,5375.0,5375.0,1154213
2024-08-13,5375.0,5462.5,5370.25,5457.75,5457.75,1202867
2024-08-14,5457.75,5492.0,5438.75,5490.5,5490.5,1243810
2024-08-15,5490.25,5579.0,5471.75,5576.5,5576.5,1358721
2024-08-16,5576.5,5586.25,5536.5,5580.25,5580.25,1012700
2024-08-18,5584.0,5593.75,5581.0,5586.0,5586.0,44036
2024-08-19,5585.75,5637.0,5565.25,5629.5,5629.5,910809
2024-08-20,5629.25,5643.75,5607.75,5626.5,5626.5,969186
2024-08-21,5626.5,5655.25,5613.5,5633.5,5633.5,1010753
2024-08-22,5633.75,5665.25,5582.75,5610.25,5610.25,1331102
2024-08-23,5610.0,5662.25,5603.0,5650.75,5650.75,1321416
2024-08-25,5650.5,5659.5,5640.25,5646.0,5646.0,38548
2024-08-26,5646.0,5669.0,5619.75,5634.75,5634.75,1044873
2024-08-27,5634.5,5649.5,5611.5,5642.25,5642.25,965661
2024-08-28,5642.5,5650.5,5561.25,5589.25,5589.25,1332703
2024-08-29,5589.5,5663.75,5589.0,5619.5,5619.5,1484638
2024-08-30,5619.5,5665.0,5594.25,5656.5,5656.5,1427388
2024-09-01,5656.25,5660.5,5650.0,5653.25,5653.25,19274
2024-09-02,5653.0,5669.75,5638.0,5653.0,5653.0,120584
2024-09-03,5653.0,5666.25,5507.5,5514.75,5514.75,1753978
2024-09-04,5515.0,5565.0,5506.75,5521.5,5521.5,1644599
2024-09-05,5521.25,5557.25,5488.5,5504.25,5504.25,1678223
2024-09-06,5504.0,5532.5,5394.0,5403.75,5403.75,2207611
2024-09-08,5410.0,5436.25,5405.25,5435.25,5435.25,68314
2024-09-09,5435.5,5493.0,5435.25,5476.75,5476.75,1491325
2024-09-10,5476.75,5506.0,5448.25,5478.0,5478.0,1469024
2024-09-11,5478.25,5568.25,5412.0,5567.5,5567.5,2129772
2024-09-12,5567.25,5609.5,5540.25,5605.0,5605.0,1504016
2024-09-13,5605.0,5641.5,5601.75,5626.75,5626.75,1016714
2024-09-16,5694.5,5702.75,5669.5,5693.5,5693.5,651719
2024-09-17,5693.5,5737.0,5677.75,5703.0,5703.0,1115480
2024-09-18,5703.0,5755.75,5675.25,5737.25,5737.25,1504998
2024-09-19,5737.5,5797.5,5731.5,5771.0,5771.0,1456370
2024-09-20,5771.0,5775.0,5733.5,5758.25,5758.25,1397075
2024-09-22,5762.0,5781.75,5755.5,5779.25,5779.25,39484
2024-09-23,5779.0,5784.5,5745.25,5768.0,5768.0,1007510
2024-09-24,5768.0,5794.5,5754.75,5783.5,5783.5,1110459
2024-09-25,5783.5,5806.75,5768.0,5805.5,5805.5,982657
2024-09-26,5805.75,5830.0,5778.25,5802.0,5802.0,1276042
2024-09-27,5802.25,5821.5,5782.0,5785.75,5785.75,1140286
2024-09-29,5784.0,5802.75,5779.0,5795.25,5795.25,51767
2024-09-30,5795.25,5822.5,5756.25,5815.0,5815.0,1339360
2024-10-01,5814.75,5819.25,5733.0,5760.25,5760.25,1865448
2024-10-02,5760.25,5773.25,5724.0,5750.75,5750.75,1187922
2024-10-03,5751.0,5770.0,5725.75,5752.75,5752.75,1353158
2024-10-04,5752.75,5804.75,5743.5,5795.5,5795.5,1339294
2024-10-06,5802.0,5808.0,5793.5,5796.0,5796.0,49720
2024-10-07,5796.0,5799.0,5725.25,5743.75,5743.75,1160841
2024-10-08,5743.75,5806.75,5736.25,5790.25,5790.25,1039473
2024-10-09,5790.25,5846.5,5780.75,5842.0,5842.0,1054611
2024-10-10,5842.0,5844.0,5811.5,5833.75,5833.75,1053739
2024-10-11,5833.75,5868.25,5816.0,5853.25,5853.25,935270
2024-10-13,5854.5,5860.25,5850.0,5855.5,5855.5,27130
2024-10-14,5855.5,5918.5,5854.5,5914.25,5914.25,843368
2024-10-15,5914.25,5914.25,5850.0,5868.25,5868.25,1276113
2024-10-16,5868.0,5892.75,5853.25,5874.25,5874.25,884799
2024-10-17,5874.25,5927.25,5872.25,5884.25,5884.25,1168079
2024-10-18,5884.25,5915.5,5883.5,5907.5,5907.5,849308
2024-10-20,5911.5,5915.5,5907.5,5908.25,5908.25,19031
2024-10-21,5908.0,5908.5,5865.0,5885.5,5885.5,1030003
2024-10-22,5885.75,5904.25,5861.25,5886.75,5886.75,989139
2024-10-23,5886.5,5893.75,5801.0,5849.75,5849.75,1413480
2024-10-24,5849.5,5870.0,5822.5,5847.0,5847.0,1109556
2024-10-25,5847.25,5900.75,5835.0,5841.5,5841.5,1269945
2024-10-28,5872.25,5884.5,5850.25,5851.75,5851.75,963041
2024-10-29,5851.75,5893.0,5837.5,5881.5,5881.5,1139665
2024-10-30,5881.25,5886.75,5827.0,5828.0,5828.0,1305764
2024-10-31,5828.25,5828.5,5732.5,5748.0,5748.0,1849686
2024-11-01,5748.25,5803.75,5740.5,5759.25,5759.25,1468464
2024-11-03,5741.75,5774.75,5740.0,5773.0,5773.0,60754
2024-11-04,5772.75,5776.5,5724.25,5743.0,5743.0,1250748
2024-11-05,5743.0,5894.75,5743.0,5887.25,5887.25,1313177
2024-11-06,5887.0,5968.75,5866.25,5966.75,5966.75,1734912
2024-11-07,5966.5,6013.0,5959.25,6003.0,6003.0,1192695
2024-11-08,6003.0,6040.5,5990.25,6023.5,6023.5,1030535
2024-11-10,6030.0,6038.5,6029.5,6036.5,6036.5,37093
2024-11-11,6036.5,6053.25,6013.5,6027.0,6027.0,1014701
2024-11-12,6027.0,6036.5,5986.75,6003.5,6003.5,1321922
2024-11-13,6003.5,6035.25,5991.75,6012.0,6012.0,1357164
2024-11-14,6012.0,6025.25,5954.75,5960.25,5960.25,1489970
2024-11-15,5960.25,5963.0,5876.75,5900.0,5900.0,1786237
2024-11-17,5899.75,5915.5,5891.75,5914.0,5914.0,59673
2024-11-18,5914.0,5933.75,5886.5,5930.75,5930.75,1236501
2024-11-19,5930.5,5954.0,5855.0,5947.75,5947.75,1538315
2024-11-20,5947.75,5957.75,5880.0,5924.0,5924.0,1517719
2024-11-21,5924.0,5985.0,5905.25,5968.75,5968.75,1772261
2024-11-22,5969.0,5993.5,5940.75,5991.0,5991.0,1417132
2024-11-24,6006.0,6015.25,6005.5,6013.75,6013.75,43196
2024-11-25,6013.5,6040.0,5976.25,6008.25,6008.25,1590337
2024-11-26,6008.5,6047.0,5997.0,6036.5,6036.5,1189375
2024-11-27,6036.75,6041.5,6000.25,6022.25,6022.25,1069502
2024-11-28,6022.0,6035.0,6018.0,6034.75,6034.75,107779
2024-11-29,6035.0,6060.0,6018.75,6051.5,6051.5,655955
2024-12-01,6051.5,6054.5,6039.0,6040.25,6040.25,42930
2024-12-02,6040.25,6068.5,6036.0,6065.0,6065.0,913707
2024-12-03,6064.75,6072.25,6047.5,6071.75,6071.75,921988
2024-12-04,6071.5,6102.25,6068.75,6094.0,6094.0,1042024
2024-12-05,6093.75,6107.25,6079.5,6084.75,6084.75,1035533
2024-12-06,6084.75,6111.0,6076.0,6096.75,6096.75,1043529
2024-12-08,6096.25,6103.0,6093.25,6094.25,6094.25,26531
2024-12-09,6094.25,6105.75,6059.5,6061.0,6061.0,1261271
2024-12-10,6061.0,6075.25,6039.75,6050.25,6050.25,1235926
2024-12-11,6050.25,6102.5,6045.5,6085.0,6085.0,1162381
2024-12-12,6085.0,6087.75,6055.5,6066.75,6066.75,1335094
2024-12-13,6066.5,6085.25,6041.25,6051.25,6051.25,1127171
2024-12-15,6130.25,6131.75,6129.0,6129.25,6129.25,921
2024-12-16,6129.0,6163.75,6126.5,6149.25,6149.25,759134
2024-12-17,6149.25,6149.75,6113.5,6136.25,6136.25,1156807
2024-12-18,6136.0,6148.0,5906.5,5947.25,5947.25,2222005
2024-12-19,5947.0,6005.25,5901.75,5914.0,5914.0,2065830
2024-12-20,5914.0,6050.75,5866.0,5996.5,5996.5,2040632
2024-12-22,6001.75,6029.0,6001.75,6028.5,6028.5,50759
2024-12-23,6028.5,6043.0,5965.0,6035.75,6035.75,1273006
2024-12-24,6035.5,6099.5,6032.5,6099.0,6099.0,559559
2024-12-25,6099.25,6105.0,6094.75,6101.0,6101.0,19969
2024-12-26,6101.0,6107.5,6063.25,6083.25,6083.25,839748
2024-12-27,6083.25,6086.5,5982.75,6029.25,6029.25,1521288
2024-12-29,6028.75,6036.25,6015.25,6017.75,6017.75,32899
2024-12-30,6017.75,6020.5,5918.25,5955.5,5955.5,1490912
2024-12-31,5955.5,5983.25,5917.25,5938.25,5938.25,1236298
2025-01-01,5949.25,5959.75,5910.75,5954.75,5954.75,67983
2025-01-02,5955.0,5995.25,5874.75,5927.0,5927.0,1690521
2025-01-03,5927.25,5996.75,5923.75,5985.25,5985.25,1108325
2025-01-05,5994.5,5996.0,5980.75,5987.5,5987.5,33534
2025-01-06,5987.5,6068.25,5987.0,6016.25,6016.25,1457938
2025-01-07,6016.5,6045.5,5935.0,5964.5,5964.5,1690884
2025-01-08,5964.75,5975.0,5917.0,5944.5,5944.5,1691548
2025-01-09,5944.5,5957.0,5920.5,5944.0,5944.0,138468
2025-01-10,5944.25,5959.25,5845.25,5861.5,5861.5,1951847
2025-01-12,5864.5,5867.5,5831.0,5841.5,5841.5,68341
2025-01-13,5841.25,5901.25,5809.0,5892.0,5892.0,1673476
2025-01-14,5892.25,5918.5,5842.5,5884.25,5884.25,1761475
2025-01-15,5884.0,6002.0,5879.5,5990.5,5990.5,1565113
2025-01-16,5990.75,6017.5,5961.75,5986.0,5986.0,1506063
2025-01-17,5986.0,6051.5,5977.0,6032.5,6032.5,1294419
2025-01-19,6032.25,6038.5,6020.0,6032.0,6032.0,29301
2025-01-20,6032.0,6078.25,5994.5,6041.5,6041.5,366533
2025-01-21,6041.5,6105.0,6036.0,6104.5,6104.5,1289937
2025-01-22,6104.25,6135.75,6098.0,6116.25,6116.25,1153271
2025-01-23,6116.0,6156.0,6101.5,6146.25,6146.25,1084382
2025-01-24,6146.25,6162.25,6122.0,6132.0,6132.0,1132468
2025-01-26,6102.25,6105.25,6072.0,6075.0,6075.0,112472
2025-01-27,6075.0,6076.25,5948.0,6047.0,6047.0,2243955
2025-01-28,6047.25,6105.5,6023.5,6097.0,6097.0,1479076
2025-01-29,6097.0,6111.5,6042.25,6090.25,6090.25,1518516
2025-01-30,6090.25,6119.75,6056.5,6111.75,6111.75,1540168
2025-01-31,6112.0,6147.75,6057.75,6065.5,6065.5,1723119
2025-02-02,5982.25,5982.5,5935.5,5943.25,5943.25,219769
2025-02-03,5943.25,6069.0,5940.0,6029.0,6029.0,2067167
2025-02-04,6029.0,6068.75,5987.0,6037.25,6037.25,1263781
2025-02-05,6037.5,6098.5,6020.25,6098.25,6098.25,1133349
2025-02-06,6098.25,6108.5,6070.0,6100.5,6100.5,1107885
2025-02-07,6100.75,6123.25,6041.25,6050.0,6050.0,1590795
2025-02-09,6016.0,6070.0,6014.0,6064.25,6064.25,61736
2025-02-10,6064.5,6096.0,6062.5,6075.0,6075.0,935769
2025-02-11,6075.0,6098.75,6057.75,6087.75,6087.75,978886
2025-02-12,6088.0,6098.0,6020.75,6086.5,6086.5,1482671
2025-02-13,6086.5,6144.75,6053.5,6143.25,6143.25,1447496
2025-02-14,6143.25,6146.75,6121.25,6134.0,6134.0,932820
2025-02-16,6138.25,6144.75,6131.0,6144.75,6144.75,28650
2025-02-17,6144.75,6147.25,6136.25,6145.5,6145.5,93155
2025-02-18,6145.5,6157.75,6118.25,6153.0,6153.0,1053438
2025-02-19,6153.25,6166.5,6129.25,6145.0,6145.0,1033563
2025-02-20,6145.25,6155.0,6102.75,6131.25,6131.25,1326836
2025-02-21,6131.5,6142.5,6024.5,6029.75,6029.75,1803069
2025-02-23,6040.75,6060.25,6034.0,6058.0,6058.0,65883
2025-02-24,6058.25,6067.5,5994.5,6009.0,6009.0,1734661
2025-02-25,6009.0,6012.25,5924.0,5990.5,5990.5,2124185
2025-02-26,5990.75,6023.75,5945.5,5974.75,5974.75,1875662
2025-02-27,5974.5,6014.5,5858.5,5879.25,5879.25,2532659
2025-02-28,5879.0,5971.0,5848.0,5958.0,5958.0,2569235
2025-03-02,6025.0,6027.5,6024.5,6027.5,6027.5,110
2025-03-03,6028.0,6057.0,5876.5,5924.0,5924.0,15169
2025-03-04,5923.25,5938.25,5797.5,5881.75,5881.75,31341
2025-03-05,5882.25,5924.0,5805.0,5904.25,5904.25,34460
2025-03-06,5903.75,5905.0,5772.75,5817.25,5817.25,44450
2025-03-07,5817.5,5844.5,5725.0,5825.5,5825.5,36508
2025-03-09,5808.5,5808.5,5763.0,5804.25,5804.25,8829
2025-03-10,5803.75,5810.5,5608.0,5675.0,5675.0,54704
2025-03-11,5674.0,5703.5,5584.75,5640.25,5640.25,70941
2025-03-12,5640.5,5726.75,5601.75,5639.75,5639.75,63339
2025-03-13,5640.0,5661.0,5559.75,5621.5,5621.5,144462
2025-03-14,5621.0,5700.75,5604.25,5681.0,5681.0,207030
2025-03-16,5678.75,5683.75,5654.5,5661.75,5661.75,25908
2025-03-17,5661.5,5759.75,5651.5,5712.75,5712.75,820388
2025-03-18,5712.5,5735.5,5650.75,5680.75,5680.75,1193789
2025-03-19,5680.5,5770.5,5657.5,5756.75,5756.75,1321478
2025-03-20,5756.75,5765.25,5682.5,5714.0,5714.0,1506284
2025-03-21,5713.75,5722.25,5651.25,5720.0,5720.0,1431962
2025-03-23,5740.0,5757.5,5739.0,5754.0,5754.0,69316
2025-03-24,5754.0,5825.5,5752.25,5807.25,5807.25,1308153
2025-03-25,5807.5,5837.25,5802.25,5825.0,5825.0,1007256
2025-03-26,5825.25,5834.5,5730.0,5766.25,5766.25,1447304
2025-03-27,5766.25,5779.75,5720.0,5745.0,5745.0,1480846
2025-03-28,5745.0,5747.75,5602.25,5602.5,5602.5,1790164
2025-03-30,5590.0,5600.0,5574.25,5579.75,5579.75,100405
2025-03-31,5579.5,5672.75,5533.75,5633.5,5633.5,2065703
2025-04-01,5633.5,5695.75,5600.25,5665.75,5665.75,1792223
2025-04-02,5665.5,5773.25,5481.0,5554.75,5554.75,2133149
2025-04-03,5555.0,5564.75,5390.5,5401.25,5401.25,2240724
2025-04-04,5401.25,5430.0,5074.0,5096.75,5096.75,3355275
2025-04-06,5007.0,5007.0,4832.0,4935.0,4935.0,336738
2025-04-07,4935.5,5286.5,4842.5,5170.75,5170.75,3286094
2025-04-08,5170.75,5305.25,4912.25,4926.5,4926.5,2367701
2025-04-09,4927.0,5528.75,4871.75,5455.5,5455.5,2817628
2025-04-10,5455.25,5487.75,5146.75,5300.75,5300.75,2378909
2025-04-11,5300.75,5418.25,5251.5,5395.75,5395.75,1560846
2025-04-13,5452.5,5474.75,5410.0,5438.0,5438.0,81712
2025-04-14,5438.0,5497.75,5391.0,5436.75,5436.75,1197257
2025-04-15,5437.25,5485.0,5367.25,5379.5,5379.5,1126197
2025-04-16,5379.5,5425.0,5251.0,5344.5,5344.5,1488674
2025-04-17,5344.5,5371.25,5285.5,5326.5,5326.5,1238363
2025-04-20,5283.75,5306.75,5259.25,5268.0,5268.0,57480
2025-04-21,5267.75,5278.0,5127.25,5204.0,5204.0,1136003
2025-04-22,5203.75,5424.0,5201.0,5394.75,5394.75,1555336
2025-04-23,5394.5,5499.75,5383.75,5392.75,5392.75,1680814
2025-04-24,5393.0,5543.0,5355.25,5540.5,5540.5,1356060
2025-04-25,5540.25,5562.25,5480.25,5552.5,5552.5,1216696
2025-04-27,5544.0,5547.5,5516.25,5518.25,5518.25,37291
2025-04-28,5518.5,5578.75,5492.0,5562.25,5562.25,1126623
2025-04-29,5562.75,5597.25,5521.5,5557.0,5557.0,1167146
2025-04-30,5557.0,5648.0,5455.5,5647.5,5647.5,1737336
2025-05-01,5647.25,5682.5,5601.0,5667.5,5667.5,1316863
2025-05-02,5667.75,5724.75,5633.5,5710.5,5710.5,1247492
2025-05-04,5705.0,5705.25,5660.25,5670.0,5670.0,47816
2025-05-05,5669.75,5706.25,5652.0,5662.75,5662.75,932087
2025-05-06,5663.0,5689.75,5605.0,5658.5,5658.5,1300730
2025-05-07,5658.5,5697.75,5596.0,5696.5,5696.5,1299838
2025-05-08,5696.5,5741.0,5653.0,5690.5,5690.5,1338384
2025-05-09,5690.75,5715.25,5662.5,5684.0,5684.0,945121
2025-05-11,5761.0,5768.5,5734.25,5760.25,5760.25,66578
2025-05-12,5760.0,5876.25,5758.75,5842.0,5842.0,1644380
2025-05-13,5842.25,5927.0,5835.75,5905.25,5905.25,1255597
2025-05-14,5905.5,5925.0,5890.0,5898.0,5898.0,1138977
2025-05-15,5898.0,5944.5,5867.0,5933.0,5933.0,1220781
2025-05-16,5933.0,5977.5,5924.75,5948.5,5948.5,1046868
2025-05-18,5930.25,5948.0,5909.75,5912.25,5912.25,59304
2025-05-19,5912.25,5993.5,5892.75,5964.75,5964.75,1171440
2025-05-20,5965.0,5974.5,5926.75,5942.25,5942.25,1052135
2025-05-21,5942.25,5956.25,5847.75,5865.0,5865.0,1473196
2025-05-22,5865.25,5895.0,5828.75,5862.25,5862.25,1347319
2025-05-23,5862.5,5871.5,5756.5,5814.75,5814.75,1428339
2025-05-25,5820.0,5878.0,5813.0,5875.25,5875.25,49207
2025-05-26,5875.25,5895.0,5862.5,5865.0,5865.0,123151
2025-05-27,5864.75,5941.75,5863.75,5929.75,5929.75,1079470
2025-05-28,5929.75,6005.75,5890.0,5994.5,5994.5,1231057
2025-05-29,5994.25,6008.0,5884.0,5909.75,5909.75,1277121
2025-05-30,5909.5,5932.75,5853.25,5913.75,5913.75,1508918
2025-06-01,5898.75,5909.25,5886.5,5887.25,5887.25,46166
2025-06-02,5887.25,5955.5,5867.5,5925.25,5925.25,1144417
2025-06-03,5925.25,5991.25,5909.25,5977.0,5977.0,1096370
2025-06-04,5977.0,5999.0,5972.25,5976.5,5976.5,1043724
2025-06-05,5976.75,6016.5,5928.75,5959.5,5959.5,1523711
2025-06-06,5959.75,6025.0,5958.0,6010.0,6010.0,1175878
2025-06-08,6010.0,6015.75,5992.25,5996.25,5996.25,31230
2025-06-09,5996.5,6040.75,5994.5,6035.5,6035.5,838464
2025-06-10,6035.5,6052.25,5991.25,6029.0,6029.0,1002595
2025-06-11,6029.0,6074.75,5997.0,6008.75,6008.75,1482210
2025-06-12,6009.0,6051.25,5927.5,5961.25,5961.25,1301729
2025-06-13,5961.25,6029.75,5946.75,5978.25,5978.25,1303357
