timestamp,trade_id,packet_id,component_trade_id,trade_component,instrument_id,instrument_id_key ,position,price,trade_sub_type,instrument_object,exchange_fee,transaction_fee
2022-06-06 09:30:00,1,1,1,straddle_component,525385,SPXW_4155_CE_20220606,50,14.5,trade,"{'detailed': True, 'instrument_type': 'option', 'underlying': 'SPXW', 'strike': 4155, 'expiry': '2022-06-06', 'dividend_rate': 0.015, 'opt_type': 'CE', 'timestamp': '2022-06-06 09:30:00', 'underlying_spot': 4154.0, 'id': 525385, 'bid': 13.75, 'ask': 14.5, 'mid': 14.12, 'delta': 0.4927447230909543, 'theta': -13.239099051054197, 'gamma': 0.0109236798984113, 'vega': 0.5603150632561764, 'sigma': 0.2599411026005869, 'moneyness': 0.02}",0,0
2022-06-06 09:30:00,2,1,1,straddle_component,526231,SPXW_4155_PE_20220606,50,19.5,trade,"{'detailed': True, 'instrument_type': 'option', 'underlying': 'SPXW', 'strike': 4155, 'expiry': '2022-06-06', 'dividend_rate': 0.015, 'opt_type': 'PE', 'timestamp': '2022-06-06 09:30:00', 'underlying_spot': 4154.0, 'id': 526231, 'bid': 18.75, 'ask': 19.5, 'mid': 19.12, 'delta': -0.5047810066463043, 'theta': -16.79825582831988, 'gamma': 0.0085230985646944, 'vega': 0.5603676303213252, 'sigma': 0.3331862134293306, 'moneyness': -0.02}",0,0
2022-01-31 09:30:00,1,1,1,straddle_component,257001,SPXW_4415_CE_20220131,50,24.5,trade,"{'detailed': True, 'instrument_type': 'option', 'underlying': 'SPXW', 'strike': 4415, 'expiry': '2022-01-31', 'dividend_rate': 0.015, 'opt_type': 'CE', 'timestamp': '2022-01-31 09:30:00', 'underlying_spot': 4416.25, 'id': 257001, 'bid': 23.0, 'ask': 24.5, 'mid': 23.75, 'delta': 0.5125210000461067, 'theta': -20.94864421130333, 'gamma': 0.0068961463028927, 'vega': 0.5954939962623822, 'sigma': 0.3871758328752587, 'moneyness': -0.03}",0,0
2022-01-31 09:30:00,2,1,1,straddle_component,146619,SPXW_4415_PE_20220131,50,22.5,trade,"{'detailed': True, 'instrument_type': 'option', 'underlying': 'SPXW', 'strike': 4415, 'expiry': '2022-01-31', 'dividend_rate': 0.015, 'opt_type': 'PE', 'timestamp': '2022-01-31 09:30:00', 'underlying_spot': 4416.25, 'id': 146619, 'bid': 21.75, 'ask': 22.5, 'mid': 22.12, 'delta': -0.4873939957347417, 'theta': -20.52360377846568, 'gamma': 0.0069761153653757, 'vega': 0.595489991993702, 'sigma': 0.3827349631437381, 'moneyness': 0.03}",0,0
2022-02-07 09:30:00,1,1,1,straddle_component,429823,SPXW_4495_CE_20220207,50,20.75,trade,"{'detailed': True, 'instrument_type': 'option', 'underlying': 'SPXW', 'strike': 4495, 'expiry': '2022-02-07', 'dividend_rate': 0.015, 'opt_type': 'CE', 'timestamp': '2022-02-07 09:30:00', 'underlying_spot': 4497.5, 'id': 429823, 'bid': 20.0, 'ask': 20.75, 'mid': 20.38, 'delta': 0.5245841865212597, 'theta': -17.11144782740967, 'gamma': 0.0083404002637621, 'vega': 0.6055954717096785, 'sigma': 0.3139052756542113, 'moneyness': -0.06}",0,0
2022-02-07 09:30:00,2,1,1,straddle_component,685176,SPXW_4495_PE_20220207,50,16.5,trade,"{'detailed': True, 'instrument_type': 'option', 'underlying': 'SPXW', 'strike': 4495, 'expiry': '2022-02-07', 'dividend_rate': 0.015, 'opt_type': 'PE', 'timestamp': '2022-02-07 09:30:00', 'underlying_spot': 4497.5, 'id': 685176, 'bid': 16.0, 'ask': 16.5, 'mid': 16.25, 'delta': -0.4736444477076773, 'theta': -15.530543939545916, 'gamma': 0.009058800891637, 'vega': 0.6054229730150915, 'sigma': 0.2889291393820343, 'moneyness': 0.06}",0,0
2022-10-31 09:30:00,1,1,1,straddle_component,282293,SPXW_3885_CE_20221031,50,20.25,trade,"{'detailed': True, 'instrument_type': 'option', 'underlying': 'SPXW', 'strike': 3885, 'expiry': '2022-10-31', 'dividend_rate': 0.015, 'opt_type': 'CE', 'timestamp': '2022-10-31 09:30:00', 'underlying_spot': 3885.0, 'id': 282293, 'bid': 18.75, 'ask': 20.25, 'mid': 19.5, 'delta': 0.5038447252065481, 'theta': -17.713823624415195, 'gamma': 0.0081815436914212, 'vega': 0.5240933509312171, 'sigma': 0.3711383966774677, 'moneyness': 0.0}",0,0
2022-10-31 09:30:00,2,1,1,straddle_component,255871,SPXW_3885_PE_20221031,50,20.75,trade,"{'detailed': True, 'instrument_type': 'option', 'underlying': 'SPXW', 'strike': 3885, 'expiry': '2022-10-31', 'dividend_rate': 0.015, 'opt_type': 'PE', 'timestamp': '2022-10-31 09:30:00', 'underlying_spot': 3885.0, 'id': 255871, 'bid': 19.0, 'ask': 20.75, 'mid': 19.88, 'delta': -0.4961262853395709, 'theta': -17.979451948036473, 'gamma': 0.0079875902514459, 'vega': 0.5240929826979084, 'sigma': 0.3801500480016854, 'moneyness': 0.0}",0,0
2022-05-09 09:30:00,1,1,1,straddle_component,685080,SPXW_4055_CE_20220509,50,31.0,trade,"{'detailed': True, 'instrument_type': 'option', 'underlying': 'SPXW', 'strike': 4055, 'expiry': '2022-05-09', 'dividend_rate': 0.015, 'opt_type': 'CE', 'timestamp': '2022-05-09 09:30:00', 'underlying_spot': 4057.5, 'id': 685080, 'bid': 28.5, 'ask': 31.0, 'mid': 29.75, 'delta': 0.5184507962439966, 'theta': -25.691481691311, 'gamma': 0.0055901203666053, 'vega': 0.5468036490018751, 'sigma': 0.5195621417010103, 'moneyness': -0.06}",0,0
2022-05-09 09:30:00,2,1,1,straddle_component,194652,SPXW_4055_PE_20220509,50,30.25,trade,"{'detailed': True, 'instrument_type': 'option', 'underlying': 'SPXW', 'strike': 4055, 'expiry': '2022-05-09', 'dividend_rate': 0.015, 'opt_type': 'PE', 'timestamp': '2022-05-09 09:30:00', 'underlying_spot': 4057.5, 'id': 194652, 'bid': 28.0, 'ask': 30.25, 'mid': 29.12, 'delta': -0.4822771988720831, 'theta': -27.325160729580016, 'gamma': 0.0052269621164668, 'vega': 0.546848984329861, 'sigma': 0.5557062198800812, 'moneyness': 0.06}",0,0
2022-10-10 09:30:00,1,1,1,straddle_component,437955,SPXW_3665_CE_20221010,50,18.25,trade,"{'detailed': True, 'instrument_type': 'option', 'underlying': 'SPXW', 'strike': 3665, 'expiry': '2022-10-10', 'dividend_rate': 0.015, 'opt_type': 'CE', 'timestamp': '2022-10-10 09:30:00', 'underlying_spot': 3663.0, 'id': 437955, 'bid': 17.75, 'ask': 18.25, 'mid': 18.0, 'delta': 0.487079358314979, 'theta': -17.082310825433805, 'gamma': 0.0084012259904397, 'vega': 0.4939086585285981, 'sigma': 0.3831554381785171, 'moneyness': 0.05}",0,0
2022-10-10 09:30:00,2,1,1,straddle_component,591262,SPXW_3665_PE_20221010,50,20.25,trade,"{'detailed': True, 'instrument_type': 'option', 'underlying': 'SPXW', 'strike': 3665, 'expiry': '2022-10-10', 'dividend_rate': 0.015, 'opt_type': 'PE', 'timestamp': '2022-10-10 09:30:00', 'underlying_spot': 3663.0, 'id': 591262, 'bid': 19.75, 'ask': 20.25, 'mid': 20.0, 'delta': -0.5128332672477143, 'theta': -17.01306788031478, 'gamma': 0.0083607141476704, 'vega': 0.4939121574395901, 'sigma': 0.3850145303039863, 'moneyness': -0.05}",0,0
2022-05-23 09:30:00,1,1,1,straddle_component,568503,SPXW_3930_CE_20220523,50,25.0,trade,"{'detailed': True, 'instrument_type': 'option', 'underlying': 'SPXW', 'strike': 3930, 'expiry': '2022-05-23', 'dividend_rate': 0.015, 'opt_type': 'CE', 'timestamp': '2022-05-23 09:30:00', 'underlying_spot': 3931.5, 'id': 568503, 'bid': 23.25, 'ask': 25.0, 'mid': 24.12, 'delta': 0.5143332391641664, 'theta': -21.146650716570377, 'gamma': 0.0068197026692473, 'vega': 0.5300484459104418, 'sigma': 0.4397217206424507, 'moneyness': -0.04}",0,0
2022-05-23 09:30:00,2,1,1,straddle_component,461439,SPXW_3930_PE_20220523,50,24.0,trade,"{'detailed': True, 'instrument_type': 'option', 'underlying': 'SPXW', 'strike': 3930, 'expiry': '2022-05-23', 'dividend_rate': 0.015, 'opt_type': 'PE', 'timestamp': '2022-05-23 09:30:00', 'underlying_spot': 3931.5, 'id': 461439, 'bid': 22.5, 'ask': 24.0, 'mid': 23.25, 'delta': -0.4859168103036992, 'theta': -21.64040358275166, 'gamma': 0.0066145650023941, 'vega': 0.5300603009480263, 'sigma': 0.4533689367506631, 'moneyness': 0.04}",0,0
2022-03-21 09:30:00,1,1,1,straddle_component,521291,SPXW_4455_CE_20220321,50,14.25,trade,"{'detailed': True, 'instrument_type': 'option', 'underlying': 'SPXW', 'strike': 4455, 'expiry': '2022-03-21', 'dividend_rate': 0.015, 'opt_type': 'CE', 'timestamp': '2022-03-21 09:30:00', 'underlying_spot': 4456.25, 'id': 521291, 'bid': 13.75, 'ask': 14.25, 'mid': 14.0, 'delta': 0.5186835900815367, 'theta': -12.070415835001628, 'gamma': 0.0119440338863796, 'vega': 0.6005233516911925, 'sigma': 0.2214037445278895, 'moneyness': -0.03}",0,0
2022-03-21 09:30:00,2,1,1,straddle_component,307951,SPXW_4455_PE_20220321,50,18.0,trade,"{'detailed': True, 'instrument_type': 'option', 'underlying': 'SPXW', 'strike': 4455, 'expiry': '2022-03-21', 'dividend_rate': 0.015, 'opt_type': 'PE', 'timestamp': '2022-03-21 09:30:00', 'underlying_spot': 4456.25, 'id': 307951, 'bid': 17.25, 'ask': 18.0, 'mid': 17.62, 'delta': -0.4854423007143893, 'theta': -16.4302133603121, 'gamma': 0.0086907673235714, 'vega': 0.6007832804208331, 'sigma': 0.3044143623056244, 'moneyness': 0.03}",0,0
2022-03-28 09:30:00,1,1,1,straddle_component,484038,SPXW_4530_CE_20220328,50,14.0,trade,"{'detailed': True, 'instrument_type': 'option', 'underlying': 'SPXW', 'strike': 4530, 'expiry': '2022-03-28', 'dividend_rate': 0.015, 'opt_type': 'CE', 'timestamp': '2022-03-28 09:30:00', 'underlying_spot': 4531.5, 'id': 484038, 'bid': 13.5, 'ask': 14.0, 'mid': 13.75, 'delta': 0.522235599376053, 'theta': -11.685339394492884, 'gamma': 0.0122900130961056, 'vega': 0.6103840558314495, 'sigma': 0.2115011440293271, 'moneyness': -0.03}",0,0
2022-03-28 09:30:00,2,1,1,straddle_component,724969,SPXW_4530_PE_20220328,50,14.5,trade,"{'detailed': True, 'instrument_type': 'option', 'underlying': 'SPXW', 'strike': 4530, 'expiry': '2022-03-28', 'dividend_rate': 0.015, 'opt_type': 'PE', 'timestamp': '2022-03-28 09:30:00', 'underlying_spot': 4531.5, 'id': 724969, 'bid': 14.0, 'ask': 14.5, 'mid': 14.25, 'delta': -0.4804554607159339, 'theta': -13.431032961432994, 'gamma': 0.0105652493154195, 'vega': 0.6106009359066764, 'sigma': 0.2461155203313863, 'moneyness': 0.03}",0,0
2022-08-22 09:30:00,1,1,1,straddle_component,243624,SPXW_4180_CE_20220822,50,13.5,trade,"{'detailed': True, 'instrument_type': 'option', 'underlying': 'SPXW', 'strike': 4180, 'expiry': '2022-08-22', 'dividend_rate': 0.015, 'opt_type': 'CE', 'timestamp': '2022-08-22 09:30:00', 'underlying_spot': 4177.75, 'id': 243624, 'bid': 13.25, 'ask': 13.5, 'mid': 13.38, 'delta': 0.4788526826891903, 'theta': -12.897039348095497, 'gamma': 0.0110224720195617, 'vega': 0.5628185714091769, 'sigma': 0.2558292691026092, 'moneyness': 0.05}",0,0
2022-08-22 09:30:00,2,1,1,straddle_component,364929,SPXW_4180_PE_20220822,50,15.25,trade,"{'detailed': True, 'instrument_type': 'option', 'underlying': 'SPXW', 'strike': 4180, 'expiry': '2022-08-22', 'dividend_rate': 0.015, 'opt_type': 'PE', 'timestamp': '2022-08-22 09:30:00', 'underlying_spot': 4177.75, 'id': 364929, 'bid': 14.75, 'ask': 15.25, 'mid': 15.0, 'delta': -0.5220663573121342, 'theta': -12.240603515174824, 'gamma': 0.0114343436052877, 'vega': 0.5627479915132767, 'sigma': 0.2465833213137775, 'moneyness': -0.05}",0,0
2022-09-19 09:30:00,1,1,1,straddle_component,371109,SPXW_3860_CE_20220919,50,17.0,trade,"{'detailed': True, 'instrument_type': 'option', 'underlying': 'SPXW', 'strike': 3860, 'expiry': '2022-09-19', 'dividend_rate': 0.015, 'opt_type': 'CE', 'timestamp': '2022-09-19 09:30:00', 'underlying_spot': 3858.0, 'id': 371109, 'bid': 16.25, 'ask': 17.0, 'mid': 16.62, 'delta': 0.4856281270651408, 'theta': -15.82439214044923, 'gamma': 0.0090595190727071, 'vega': 0.5201370056034751, 'sigma': 0.3373129585028875, 'moneyness': 0.05}",0,0
2022-09-19 09:30:00,2,1,1,straddle_component,212073,SPXW_3860_PE_20220919,50,22.75,trade,"{'detailed': True, 'instrument_type': 'option', 'underlying': 'SPXW', 'strike': 3860, 'expiry': '2022-09-19', 'dividend_rate': 0.015, 'opt_type': 'PE', 'timestamp': '2022-09-19 09:30:00', 'underlying_spot': 3858.0, 'id': 212073, 'bid': 22.25, 'ask': 22.75, 'mid': 22.5, 'delta': -0.510785450586404, 'theta': -19.29721422615892, 'gamma': 0.0073894705465704, 'vega': 0.5202847811566809, 'sigma': 0.4136642949564545, 'moneyness': -0.05}",0,0
2022-12-05 09:30:00,1,1,1,straddle_component,705777,SPXW_4045_CE_20221205,50,13.25,trade,"{'detailed': True, 'instrument_type': 'option', 'underlying': 'SPXW', 'strike': 4045, 'expiry': '2022-12-05', 'dividend_rate': 0.015, 'opt_type': 'CE', 'timestamp': '2022-12-05 09:30:00', 'underlying_spot': 4046.5, 'id': 705777, 'bid': 12.75, 'ask': 13.25, 'mid': 13.0, 'delta': 0.5233180966497386, 'theta': -10.992331211019192, 'gamma': 0.0130389463137703, 'vega': 0.5449709251975223, 'sigma': 0.2232120964310066, 'moneyness': -0.04}",0,0
2022-12-05 09:30:00,2,1,1,straddle_component,344171,SPXW_4045_PE_20221205,50,12.75,trade,"{'detailed': True, 'instrument_type': 'option', 'underlying': 'SPXW', 'strike': 4045, 'expiry': '2022-12-05', 'dividend_rate': 0.015, 'opt_type': 'PE', 'timestamp': '2022-12-05 09:30:00', 'underlying_spot': 4046.5, 'id': 344171, 'bid': 12.0, 'ask': 12.75, 'mid': 12.38, 'delta': -0.4781798817748317, 'theta': -11.71887642029888, 'gamma': 0.0120729968422494, 'vega': 0.5450873847408415, 'sigma': 0.2411224236979105, 'moneyness': 0.04}",0,0
2022-01-10 09:30:00,1,1,1,straddle_component,304496,SPXW_4635_CE_20220110,50,14.5,trade,"{'detailed': True, 'instrument_type': 'option', 'underlying': 'SPXW', 'strike': 4635, 'expiry': '2022-01-10', 'dividend_rate': 0.015, 'opt_type': 'CE', 'timestamp': '2022-01-10 09:30:00', 'underlying_spot': 4634.25, 'id': 304496, 'bid': 14.0, 'ask': 14.5, 'mid': 14.25, 'delta': 0.495513133511416, 'theta': -13.26887640022586, 'gamma': 0.0109272412629479, 'vega': 0.6251578583496817, 'sigma': 0.2329512101193909, 'moneyness': 0.02}",0,0
2022-01-10 09:30:00,2,1,1,straddle_component,182954,SPXW_4635_PE_20220110,50,15.75,trade,"{'detailed': True, 'instrument_type': 'option', 'underlying': 'SPXW', 'strike': 4635, 'expiry': '2022-01-10', 'dividend_rate': 0.015, 'opt_type': 'PE', 'timestamp': '2022-01-10 09:30:00', 'underlying_spot': 4634.25, 'id': 182954, 'bid': 15.25, 'ask': 15.75, 'mid': 15.5, 'delta': -0.5041745061087788, 'theta': -13.634811081825822, 'gamma': 0.0104838043490929, 'vega': 0.625163192650442, 'sigma': 0.2428064918086412, 'moneyness': -0.02}",0,0
2022-10-03 09:30:00,1,1,1,straddle_component,569901,SPXW_3635_CE_20221003,50,21.5,trade,"{'detailed': True, 'instrument_type': 'option', 'underlying': 'SPXW', 'strike': 3635, 'expiry': '2022-10-03', 'dividend_rate': 0.015, 'opt_type': 'CE', 'timestamp': '2022-10-03 09:30:00', 'underlying_spot': 3636.75, 'id': 569901, 'bid': 21.0, 'ask': 21.5, 'mid': 21.25, 'delta': 0.5176987830102675, 'theta': -18.379664160774425, 'gamma': 0.0078239976986083, 'vega': 0.4901436726606576, 'sigma': 0.4142025033358368, 'moneyness': -0.05}",0,0
2022-10-03 09:30:00,2,1,1,straddle_component,445230,SPXW_3635_PE_20221003,50,20.5,trade,"{'detailed': True, 'instrument_type': 'option', 'underlying': 'SPXW', 'strike': 3635, 'expiry': '2022-10-03', 'dividend_rate': 0.015, 'opt_type': 'PE', 'timestamp': '2022-10-03 09:30:00', 'underlying_spot': 3636.75, 'id': 445230, 'bid': 20.0, 'ask': 20.5, 'mid': 20.25, 'delta': -0.4827780933307934, 'theta': -18.99484384834089, 'gamma': 0.0075131943333417, 'vega': 0.4901693786240599, 'sigma': 0.4313597047566374, 'moneyness': 0.05}",0,0
2022-11-21 09:30:00,1,1,1,straddle_component,54128,SPXW_3965_CE_20221121,50,11.5,trade,"{'detailed': True, 'instrument_type': 'option', 'underlying': 'SPXW', 'strike': 3965, 'expiry': '2022-11-21', 'dividend_rate': 0.015, 'opt_type': 'CE', 'timestamp': '2022-11-21 09:30:00', 'underlying_spot': 3964.5, 'id': 54128, 'bid': 11.0, 'ask': 11.5, 'mid': 11.25, 'delta': 0.4968192757771383, 'theta': -10.44391574443766, 'gamma': 0.013900919118015, 'vega': 0.5348258030759245, 'sigma': 0.2140605244365739, 'moneyness': 0.01}",0,0
2022-11-21 09:30:00,2,1,1,straddle_component,447251,SPXW_3965_PE_20221121,50,18.25,trade,"{'detailed': True, 'instrument_type': 'option', 'underlying': 'SPXW', 'strike': 3965, 'expiry': '2022-11-21', 'dividend_rate': 0.015, 'opt_type': 'PE', 'timestamp': '2022-11-21 09:30:00', 'underlying_spot': 3964.5, 'id': 447251, 'bid': 17.5, 'ask': 18.25, 'mid': 17.88, 'delta': -0.5007669145582483, 'theta': -15.926904344103052, 'gamma': 0.0090053056212013, 'vega': 0.5348418788640092, 'sigma': 0.330441550186102, 'moneyness': -0.01}",0,0
2022-01-03 09:30:00,1,1,1,straddle_component,524247,SPXW_4775_CE_20220103,50,8.75,trade,"{'detailed': True, 'instrument_type': 'option', 'underlying': 'SPXW', 'strike': 4775, 'expiry': '2022-01-03', 'dividend_rate': 0.015, 'opt_type': 'CE', 'timestamp': '2022-01-03 09:30:00', 'underlying_spot': 4774.25, 'id': 524247, 'bid': 8.25, 'ask': 8.75, 'mid': 8.5, 'delta': 0.4910164135584871, 'theta': -8.036760340465209, 'gamma': 0.0180582390818528, 'vega': 0.6439202817713321, 'sigma': 0.1368017653565543, 'moneyness': 0.02}",0,0
2022-01-03 09:30:00,2,1,1,straddle_component,568372,SPXW_4775_PE_20220103,50,10.75,trade,"{'detailed': True, 'instrument_type': 'option', 'underlying': 'SPXW', 'strike': 4775, 'expiry': '2022-01-03', 'dividend_rate': 0.015, 'opt_type': 'PE', 'timestamp': '2022-01-03 09:30:00', 'underlying_spot': 4774.25, 'id': 568372, 'bid': 10.25, 'ask': 10.75, 'mid': 10.5, 'delta': -0.5075072904507927, 'theta': -9.085705203221323, 'gamma': 0.0156294644604315, 'vega': 0.6439700160028412, 'sigma': 0.1580724700785538, 'moneyness': -0.02}",0,0
2022-06-13 09:30:00,1,1,1,straddle_component,381047,SPXW_3805_CE_20220613,50,26.75,trade,"{'detailed': True, 'instrument_type': 'option', 'underlying': 'SPXW', 'strike': 3805, 'expiry': '2022-06-13', 'dividend_rate': 0.015, 'opt_type': 'CE', 'timestamp': '2022-06-13 09:30:00', 'underlying_spot': 3805.25, 'id': 381047, 'bid': 26.0, 'ask': 26.75, 'mid': 26.38, 'delta': 0.5059366428479706, 'theta': -23.82992494335768, 'gamma': 0.0060730258155672, 'vega': 0.5133019326061738, 'sigma': 0.5104414377595077, 'moneyness': -0.01}",0,0
2022-06-13 09:30:00,2,1,1,straddle_component,682348,SPXW_3805_PE_20220613,50,33.75,trade,"{'detailed': True, 'instrument_type': 'option', 'underlying': 'SPXW', 'strike': 3805, 'expiry': '2022-06-13', 'dividend_rate': 0.015, 'opt_type': 'PE', 'timestamp': '2022-06-13 09:30:00', 'underlying_spot': 3805.25, 'id': 682348, 'bid': 33.0, 'ask': 33.75, 'mid': 33.38, 'delta': -0.4936441679806336, 'theta': -30.32959576408066, 'gamma': 0.0047431918659412, 'vega': 0.5132936243267991, 'sigma': 0.6535417551110757, 'moneyness': 0.01}",0,0
2022-06-27 09:30:00,1,1,1,straddle_component,258434,SPXW_3930_CE_20220627,50,18.5,trade,"{'detailed': True, 'instrument_type': 'option', 'underlying': 'SPXW', 'strike': 3930, 'expiry': '2022-06-27', 'dividend_rate': 0.015, 'opt_type': 'CE', 'timestamp': '2022-06-27 09:30:00', 'underlying_spot': 3929.75, 'id': 258434, 'bid': 17.75, 'ask': 18.5, 'mid': 18.12, 'delta': 0.5015797578067804, 'theta': -16.578116105739706, 'gamma': 0.0087443476104454, 'vega': 0.5301506696104124, 'sigma': 0.3433101097219211, 'moneyness': 0.01}",0,0
2022-06-27 09:30:00,2,1,1,straddle_component,266993,SPXW_3930_PE_20220627,50,19.75,trade,"{'detailed': True, 'instrument_type': 'option', 'underlying': 'SPXW', 'strike': 3930, 'expiry': '2022-06-27', 'dividend_rate': 0.015, 'opt_type': 'PE', 'timestamp': '2022-06-27 09:30:00', 'underlying_spot': 3929.75, 'id': 266993, 'bid': 19.0, 'ask': 19.75, 'mid': 19.38, 'delta': -0.4982385926442845, 'theta': -17.40961414373213, 'gamma': 0.0082466325324048, 'vega': 0.5301496589217756, 'sigma': 0.3640294602737767, 'moneyness': -0.01}",0,0
2022-03-14 09:30:00,1,1,1,straddle_component,509900,SPXW_4210_CE_20220314,50,25.25,trade,"{'detailed': True, 'instrument_type': 'option', 'underlying': 'SPXW', 'strike': 4210, 'expiry': '2022-03-14', 'dividend_rate': 0.015, 'opt_type': 'CE', 'timestamp': '2022-03-14 09:30:00', 'underlying_spot': 4209.25, 'id': 509900, 'bid': 24.5, 'ask': 25.25, 'mid': 24.88, 'delta': 0.4993774627976677, 'theta': -22.91012603005053, 'gamma': 0.0063169918718131, 'vega': 0.5678609178002318, 'sigma': 0.4436768458439504, 'moneyness': 0.02}",0,0
2022-03-14 09:30:00,2,1,1,straddle_component,569478,SPXW_4210_PE_20220314,50,23.25,trade,"{'detailed': True, 'instrument_type': 'option', 'underlying': 'SPXW', 'strike': 4210, 'expiry': '2022-03-14', 'dividend_rate': 0.015, 'opt_type': 'PE', 'timestamp': '2022-03-14 09:30:00', 'underlying_spot': 4209.25, 'id': 569478, 'bid': 22.5, 'ask': 23.25, 'mid': 22.88, 'delta': -0.5013606741774979, 'theta': -20.33454217439977, 'gamma': 0.007057800992527, 'vega': 0.5678582996287656, 'sigma': 0.3971052946903178, 'moneyness': -0.02}",0,0
2022-07-18 09:30:00,1,1,1,straddle_component,325998,SPXW_3895_CE_20220718,50,17.25,trade,"{'detailed': True, 'instrument_type': 'option', 'underlying': 'SPXW', 'strike': 3895, 'expiry': '2022-07-18', 'dividend_rate': 0.015, 'opt_type': 'CE', 'timestamp': '2022-07-18 09:30:00', 'underlying_spot': 3897.5, 'id': 325998, 'bid': 16.75, 'ask': 17.25, 'mid': 17.0, 'delta': 0.5290506667268602, 'theta': -13.992206819714673, 'gamma': 0.0101280758713073, 'vega': 0.5244079937529698, 'sigma': 0.2980682806797985, 'moneyness': -0.06}",0,0
2022-07-18 09:30:00,2,1,1,straddle_component,330389,SPXW_3895_PE_20220718,50,14.5,trade,"{'detailed': True, 'instrument_type': 'option', 'underlying': 'SPXW', 'strike': 3895, 'expiry': '2022-07-18', 'dividend_rate': 0.015, 'opt_type': 'PE', 'timestamp': '2022-07-18 09:30:00', 'underlying_spot': 3897.5, 'id': 330389, 'bid': 13.75, 'ask': 14.5, 'mid': 14.12, 'delta': -0.4704970900284877, 'theta': -13.572357729847605, 'gamma': 0.0103102586734848, 'vega': 0.5243641116310034, 'sigma': 0.2927769568189175, 'moneyness': 0.06}",0,0
2022-05-16 09:30:00,1,1,1,straddle_component,342558,SPXW_4010_CE_20220516,50,20.5,trade,"{'detailed': True, 'instrument_type': 'option', 'underlying': 'SPXW', 'strike': 4010, 'expiry': '2022-05-16', 'dividend_rate': 0.015, 'opt_type': 'CE', 'timestamp': '2022-05-16 09:30:00', 'underlying_spot': 4007.75, 'id': 342558, 'bid': 20.0, 'ask': 20.5, 'mid': 20.25, 'delta': 0.487117793142211, 'theta': -19.21655513126304, 'gamma': 0.0074673492989063, 'vega': 0.5403954815072538, 'sigma': 0.3939930945288174, 'moneyness': 0.06}",0,0
2022-05-16 09:30:00,2,1,1,straddle_component,339969,SPXW_4010_PE_20220516,50,27.5,trade,"{'detailed': True, 'instrument_type': 'option', 'underlying': 'SPXW', 'strike': 4010, 'expiry': '2022-05-16', 'dividend_rate': 0.015, 'opt_type': 'PE', 'timestamp': '2022-05-16 09:30:00', 'underlying_spot': 4007.75, 'id': 339969, 'bid': 26.75, 'ask': 27.5, 'mid': 27.12, 'delta': -0.5094710069855068, 'theta': -23.36748985518078, 'gamma': 0.0061125955852503, 'vega': 0.5405251641136655, 'sigma': 0.481430357338798, 'moneyness': -0.06}",0,0
2022-07-11 09:30:00,1,1,1,straddle_component,633272,SPXW_3875_CE_20220711,50,16.5,trade,"{'detailed': True, 'instrument_type': 'option', 'underlying': 'SPXW', 'strike': 3875, 'expiry': '2022-07-11', 'dividend_rate': 0.015, 'opt_type': 'CE', 'timestamp': '2022-07-11 09:30:00', 'underlying_spot': 3874.75, 'id': 633272, 'bid': 15.0, 'ask': 16.5, 'mid': 15.75, 'delta': 0.5011724848666077, 'theta': -14.424230541341812, 'gamma': 0.0100562570182205, 'vega': 0.5227326263906962, 'sigma': 0.3027612651848599, 'moneyness': 0.01}",0,0
2022-07-11 09:30:00,2,1,1,straddle_component,438732,SPXW_3875_PE_20220711,50,18.5,trade,"{'detailed': True, 'instrument_type': 'option', 'underlying': 'SPXW', 'strike': 3875, 'expiry': '2022-07-11', 'dividend_rate': 0.015, 'opt_type': 'PE', 'timestamp': '2022-07-11 09:30:00', 'underlying_spot': 3874.75, 'id': 438732, 'bid': 16.75, 'ask': 18.5, 'mid': 17.62, 'delta': -0.4985199470262103, 'theta': -15.82350274128533, 'gamma': 0.0090693860244073, 'vega': 0.522731287065108, 'sigma': 0.3357048897911494, 'moneyness': -0.01}",0,0
2022-02-28 09:30:00,1,1,1,straddle_component,569193,SPXW_4335_CE_20220228,50,24.0,trade,"{'detailed': True, 'instrument_type': 'option', 'underlying': 'SPXW', 'strike': 4335, 'expiry': '2022-02-28', 'dividend_rate': 0.015, 'opt_type': 'CE', 'timestamp': '2022-02-28 09:30:00', 'underlying_spot': 4333.75, 'id': 569193, 'bid': 23.0, 'ask': 24.0, 'mid': 23.5, 'delta': 0.4957197609966712, 'theta': -21.85554311344868, 'gamma': 0.0066134828458075, 'vega': 0.5846239661190555, 'sigma': 0.4115885252733273, 'moneyness': 0.03}",0,0
2022-02-28 09:30:00,2,1,1,straddle_component,568456,SPXW_4335_PE_20220228,50,35.5,trade,"{'detailed': True, 'instrument_type': 'option', 'underlying': 'SPXW', 'strike': 4335, 'expiry': '2022-02-28', 'dividend_rate': 0.015, 'opt_type': 'PE', 'timestamp': '2022-02-28 09:30:00', 'underlying_spot': 4333.75, 'id': 568456, 'bid': 34.5, 'ask': 35.5, 'mid': 35.0, 'delta': -0.5009615628686959, 'theta': -31.08064651010678, 'gamma': 0.0046235048500875, 'vega': 0.5846559594822658, 'sigma': 0.5887702785616626, 'moneyness': -0.03}",0,0
2022-08-15 09:30:00,1,1,1,straddle_component,305487,SPXW_4260_CE_20220815,50,11.5,trade,"{'detailed': True, 'instrument_type': 'option', 'underlying': 'SPXW', 'strike': 4260, 'expiry': '2022-08-15', 'dividend_rate': 0.015, 'opt_type': 'CE', 'timestamp': '2022-08-15 09:30:00', 'underlying_spot': 4261.75, 'id': 305487, 'bid': 11.0, 'ask': 11.5, 'mid': 11.25, 'delta': 0.5310093610402689, 'theta': -9.207222942314928, 'gamma': 0.0154090069059975, 'vega': 0.5732015685853362, 'sigma': 0.1791038725739692, 'moneyness': -0.04}",0,0
2022-08-15 09:30:00,2,1,1,straddle_component,350792,SPXW_4260_PE_20220815,50,13.5,trade,"{'detailed': True, 'instrument_type': 'option', 'underlying': 'SPXW', 'strike': 4260, 'expiry': '2022-08-15', 'dividend_rate': 0.015, 'opt_type': 'PE', 'timestamp': '2022-08-15 09:30:00', 'underlying_spot': 4261.75, 'id': 350792, 'bid': 13.0, 'ask': 13.5, 'mid': 13.25, 'delta': -0.476660437900378, 'theta': -12.58659771867965, 'gamma': 0.0112186679146475, 'vega': 0.5739586896287792, 'sigma': 0.2463251854991525, 'moneyness': 0.04}",0,0
2022-08-29 09:30:00,1,1,1,straddle_component,437887,SPXW_4025_CE_20220829,50,19.0,trade,"{'detailed': True, 'instrument_type': 'option', 'underlying': 'SPXW', 'strike': 4025, 'expiry': '2022-08-29', 'dividend_rate': 0.015, 'opt_type': 'CE', 'timestamp': '2022-08-29 09:30:00', 'underlying_spot': 4027.0, 'id': 437887, 'bid': 18.5, 'ask': 19.0, 'mid': 18.75, 'delta': 0.5217178805652978, 'theta': -15.942779789037427, 'gamma': 0.0089862085772551, 'vega': 0.5424688046948223, 'sigma': 0.3255216126244601, 'moneyness': -0.05}",0,0
2022-08-29 09:30:00,2,1,1,straddle_component,344714,SPXW_4025_PE_20220829,50,16.25,trade,"{'detailed': True, 'instrument_type': 'option', 'underlying': 'SPXW', 'strike': 4025, 'expiry': '2022-08-29', 'dividend_rate': 0.015, 'opt_type': 'PE', 'timestamp': '2022-08-29 09:30:00', 'underlying_spot': 4027.0, 'id': 344714, 'bid': 15.75, 'ask': 16.25, 'mid': 16.0, 'delta': -0.4776183242136689, 'theta': -15.179088979227052, 'gamma': 0.0093283391855436, 'vega': 0.5424187183286939, 'sigma': 0.3135537406162701, 'moneyness': 0.05}",0,0
2022-10-24 09:30:00,1,1,1,straddle_component,195568,SPXW_3780_CE_20221024,50,20.0,trade,"{'detailed': True, 'instrument_type': 'option', 'underlying': 'SPXW', 'strike': 3780, 'expiry': '2022-10-24', 'dividend_rate': 0.015, 'opt_type': 'CE', 'timestamp': '2022-10-24 09:30:00', 'underlying_spot': 3778.0, 'id': 195568, 'bid': 19.25, 'ask': 20.0, 'mid': 19.62, 'delta': 0.4884779096691716, 'theta': -18.56993888047018, 'gamma': 0.0077381697849432, 'vega': 0.5094697441170819, 'sigma': 0.4033674288664462, 'moneyness': 0.05}",0,0
2022-10-24 09:30:00,2,1,1,straddle_component,425463,SPXW_3780_PE_20221024,50,20.25,trade,"{'detailed': True, 'instrument_type': 'option', 'underlying': 'SPXW', 'strike': 3780, 'expiry': '2022-10-24', 'dividend_rate': 0.015, 'opt_type': 'PE', 'timestamp': '2022-10-24 09:30:00', 'underlying_spot': 3778.0, 'id': 425463, 'bid': 19.75, 'ask': 20.25, 'mid': 20.0, 'delta': -0.5128703070830909, 'theta': -17.011956252165728, 'gamma': 0.0083599706357517, 'vega': 0.5094170055318799, 'sigma': 0.373327037223794, 'moneyness': -0.05}",0,0
2022-12-19 09:30:00,1,1,1,straddle_component,172062,SPXW_3875_CE_20221219,50,17.25,trade,"{'detailed': True, 'instrument_type': 'option', 'underlying': 'SPXW', 'strike': 3875, 'expiry': '2022-12-19', 'dividend_rate': 0.015, 'opt_type': 'CE', 'timestamp': '2022-12-19 09:30:00', 'underlying_spot': 3876.0, 'id': 172062, 'bid': 16.75, 'ask': 17.25, 'mid': 17.0, 'delta': 0.5133791730390413, 'theta': -14.943857752013551, 'gamma': 0.0096705957020049, 'vega': 0.5226092263143052, 'sigma': 0.3145580684520659, 'moneyness': -0.03}",0,0
2022-12-19 09:30:00,2,1,1,straddle_component,434375,SPXW_3875_PE_20221219,50,12.0,trade,"{'detailed': True, 'instrument_type': 'option', 'underlying': 'SPXW', 'strike': 3875, 'expiry': '2022-12-19', 'dividend_rate': 0.015, 'opt_type': 'PE', 'timestamp': '2022-12-19 09:30:00', 'underlying_spot': 3876.0, 'id': 434375, 'bid': 11.5, 'ask': 12.0, 'mid': 11.75, 'delta': -0.4833527393146575, 'theta': -11.000428014556304, 'gamma': 0.0129358279643554, 'vega': 0.5224475218297773, 'sigma': 0.2350855086939719, 'moneyness': 0.03}",0,0
2022-10-17 09:30:00,1,1,1,straddle_component,212657,SPXW_3670_CE_20221017,50,16.25,trade,"{'detailed': True, 'instrument_type': 'option', 'underlying': 'SPXW', 'strike': 3670, 'expiry': '2022-10-17', 'dividend_rate': 0.015, 'opt_type': 'CE', 'timestamp': '2022-10-17 09:30:00', 'underlying_spot': 3670.25, 'id': 212657, 'bid': 15.75, 'ask': 16.25, 'mid': 16.0, 'delta': 0.5062270189732487, 'theta': -14.422559294380774, 'gamma': 0.0100530751012684, 'vega': 0.4950858493944281, 'sigma': 0.3196943965440483, 'moneyness': -0.01}",0,0
2022-10-17 09:30:00,2,1,1,straddle_component,451642,SPXW_3670_PE_20221017,50,24.0,trade,"{'detailed': True, 'instrument_type': 'option', 'underlying': 'SPXW', 'strike': 3670, 'expiry': '2022-10-17', 'dividend_rate': 0.015, 'opt_type': 'PE', 'timestamp': '2022-10-17 09:30:00', 'underlying_spot': 3670.25, 'id': 451642, 'bid': 23.5, 'ask': 24.0, 'mid': 23.75, 'delta': -0.4940475938216337, 'theta': -21.60533777687133, 'gamma': 0.0066522436981131, 'vega': 0.495091072728238, 'sigma': 0.4831371778138199, 'moneyness': 0.01}",0,0
2022-03-07 09:30:00,1,1,1,straddle_component,566527,SPXW_4320_CE_20220307,50,23.0,trade,"{'detailed': True, 'instrument_type': 'option', 'underlying': 'SPXW', 'strike': 4320, 'expiry': '2022-03-07', 'dividend_rate': 0.015, 'opt_type': 'CE', 'timestamp': '2022-03-07 09:30:00', 'underlying_spot': 4319.25, 'id': 566527, 'bid': 21.25, 'ask': 23.0, 'mid': 22.12, 'delta': 0.4985724365512922, 'theta': -20.415997130587414, 'gamma': 0.0070913728578148, 'vega': 0.5826977535459861, 'sigma': 0.3851597461297276, 'moneyness': 0.02}",0,0
2022-03-07 09:30:00,2,1,1,straddle_component,568129,SPXW_4320_PE_20220307,50,23.75,trade,"{'detailed': True, 'instrument_type': 'option', 'underlying': 'SPXW', 'strike': 4320, 'expiry': '2022-03-07', 'dividend_rate': 0.015, 'opt_type': 'PE', 'timestamp': '2022-03-07 09:30:00', 'underlying_spot': 4319.25, 'id': 568129, 'bid': 23.0, 'ask': 23.75, 'mid': 23.38, 'delta': -0.5012509406405741, 'theta': -20.78719274106634, 'gamma': 0.0069042768302551, 'vega': 0.5826986216124475, 'sigma': 0.3955976072182441, 'moneyness': -0.02}",0,0
2022-04-11 09:30:00,1,1,1,straddle_component,765493,SPXW_4455_CE_20220411,50,12.5,trade,"{'detailed': True, 'instrument_type': 'option', 'underlying': 'SPXW', 'strike': 4455, 'expiry': '2022-04-11', 'dividend_rate': 0.015, 'opt_type': 'CE', 'timestamp': '2022-04-11 09:30:00', 'underlying_spot': 4456.25, 'id': 765493, 'bid': 12.0, 'ask': 12.5, 'mid': 12.25, 'delta': 0.5210906688605021, 'theta': -10.469908221663973, 'gamma': 0.0137503247898962, 'vega': 0.6003415901334375, 'sigma': 0.192261449925681, 'moneyness': -0.03}",0,0
2022-04-11 09:30:00,2,1,1,straddle_component,793591,SPXW_4455_PE_20220411,50,17.25,trade,"{'detailed': True, 'instrument_type': 'option', 'underlying': 'SPXW', 'strike': 4455, 'expiry': '2022-04-11', 'dividend_rate': 0.015, 'opt_type': 'PE', 'timestamp': '2022-04-11 09:30:00', 'underlying_spot': 4456.25, 'id': 793591, 'bid': 16.75, 'ask': 17.25, 'mid': 17.0, 'delta': -0.4850701810914515, 'theta': -15.861193895459303, 'gamma': 0.0089979562645226, 'vega': 0.6007625038995563, 'sigma': 0.294011564374976, 'moneyness': 0.03}",0,0
2022-11-07 09:30:00,1,1,1,straddle_component,291928,SPXW_3795_CE_20221107,50,16.5,trade,"{'detailed': True, 'instrument_type': 'option', 'underlying': 'SPXW', 'strike': 3795, 'expiry': '2022-11-07', 'dividend_rate': 0.015, 'opt_type': 'CE', 'timestamp': '2022-11-07 09:30:00', 'underlying_spot': 3797.25, 'id': 291928, 'bid': 16.0, 'ask': 16.5, 'mid': 16.25, 'delta': 0.5274501451792091, 'theta': -13.474080915809768, 'gamma': 0.0105476536660376, 'vega': 0.5110651463989502, 'sigma': 0.2938512759087385, 'moneyness': -0.06}",0,0
2022-11-07 09:30:00,2,1,1,straddle_component,741204,SPXW_3795_PE_20221107,50,18.25,trade,"{'detailed': True, 'instrument_type': 'option', 'underlying': 'SPXW', 'strike': 3795, 'expiry': '2022-11-07', 'dividend_rate': 0.015, 'opt_type': 'PE', 'timestamp': '2022-11-07 09:30:00', 'underlying_spot': 3797.25, 'id': 741204, 'bid': 17.75, 'ask': 18.25, 'mid': 18.0, 'delta': -0.4774590568754178, 'theta': -17.08314102949828, 'gamma': 0.0082950838020678, 'vega': 0.5114611211315143, 'sigma': 0.3739369619986346, 'moneyness': 0.06}",0,0
2022-09-12 09:30:00,1,1,1,straddle_component,149520,SPXW_4110_CE_20220912,50,6.5,trade,"{'detailed': True, 'instrument_type': 'option', 'underlying': 'SPXW', 'strike': 4110, 'expiry': '2022-09-12', 'dividend_rate': 0.015, 'opt_type': 'CE', 'timestamp': '2022-09-12 09:30:00', 'underlying_spot': 4109.0, 'id': 149520, 'bid': 6.25, 'ask': 6.5, 'mid': 6.38, 'delta': 0.4815299270930939, 'theta': -6.15029265023081, 'gamma': 0.0233336866362066, 'vega': 0.5537385659118796, 'sigma': 0.1229127669029732, 'moneyness': 0.02}",0,0
2022-09-12 09:30:00,2,1,1,straddle_component,576507,SPXW_4110_PE_20220912,50,27.75,trade,"{'detailed': True, 'instrument_type': 'option', 'underlying': 'SPXW', 'strike': 4110, 'expiry': '2022-09-12', 'dividend_rate': 0.015, 'opt_type': 'PE', 'timestamp': '2022-09-12 09:30:00', 'underlying_spot': 4109.0, 'id': 576507, 'bid': 26.25, 'ask': 27.75, 'mid': 27.0, 'delta': -0.5017246639525297, 'theta': -23.950710633416257, 'gamma': 0.005995176337592, 'vega': 0.5543318924397163, 'sigma': 0.478894667030308, 'moneyness': -0.02}",0,0
2022-04-18 09:30:00,1,1,1,straddle_component,680959,SPXW_4385_CE_20220418,50,11.5,trade,"{'detailed': True, 'instrument_type': 'option', 'underlying': 'SPXW', 'strike': 4385, 'expiry': '2022-04-18', 'dividend_rate': 0.015, 'opt_type': 'CE', 'timestamp': '2022-04-18 09:30:00', 'underlying_spot': 4387.25, 'id': 680959, 'bid': 11.0, 'ask': 11.5, 'mid': 11.25, 'delta': 0.5397310711733994, 'theta': -8.827004071650634, 'gamma': 0.0157909759224139, 'vega': 0.588927966842367, 'sigma': 0.1694416116012203, 'moneyness': -0.05}",0,0
2022-04-18 09:30:00,2,1,1,straddle_component,262763,SPXW_4385_PE_20220418,50,20.0,trade,"{'detailed': True, 'instrument_type': 'option', 'underlying': 'SPXW', 'strike': 4385, 'expiry': '2022-04-18', 'dividend_rate': 0.015, 'opt_type': 'PE', 'timestamp': '2022-04-18 09:30:00', 'underlying_spot': 4387.25, 'id': 262763, 'bid': 19.5, 'ask': 20.0, 'mid': 19.75, 'delta': -0.4790910531172088, 'theta': -18.68165045813472, 'gamma': 0.0075992243253608, 'vega': 0.5910616394873127, 'sigma': 0.3533651019724673, 'moneyness': 0.05}",0,0
2022-11-14 09:30:00,1,1,1,straddle_component,303035,SPXW_3985_CE_20221114,50,15.25,trade,"{'detailed': True, 'instrument_type': 'option', 'underlying': 'SPXW', 'strike': 3985, 'expiry': '2022-11-14', 'dividend_rate': 0.015, 'opt_type': 'CE', 'timestamp': '2022-11-14 09:30:00', 'underlying_spot': 3983.25, 'id': 303035, 'bid': 14.75, 'ask': 15.25, 'mid': 15.0, 'delta': 0.4860647612441759, 'theta': -14.267273399672408, 'gamma': 0.0100615755194155, 'vega': 0.5370440445160325, 'sigma': 0.2941804513112907, 'moneyness': 0.04}",0,0
2022-11-14 09:30:00,2,1,1,straddle_component,374097,SPXW_3985_PE_20221114,50,18.75,trade,"{'detailed': True, 'instrument_type': 'option', 'underlying': 'SPXW', 'strike': 3985, 'expiry': '2022-11-14', 'dividend_rate': 0.015, 'opt_type': 'PE', 'timestamp': '2022-11-14 09:30:00', 'underlying_spot': 3983.25, 'id': 374097, 'bid': 18.25, 'ask': 18.75, 'mid': 18.5, 'delta': -0.5120350259764095, 'theta': -15.793838222893871, 'gamma': 0.0090083827686271, 'vega': 0.5371275475586668, 'sigma': 0.3286246538170705, 'moneyness': -0.04}",0,0
2022-05-02 09:30:00,1,1,1,straddle_component,654137,SPXW_4135_CE_20220502,50,23.5,trade,"{'detailed': True, 'instrument_type': 'option', 'underlying': 'SPXW', 'strike': 4135, 'expiry': '2022-05-02', 'dividend_rate': 0.015, 'opt_type': 'CE', 'timestamp': '2022-05-02 09:30:00', 'underlying_spot': 4135.0, 'id': 654137, 'bid': 23.0, 'ask': 23.5, 'mid': 23.25, 'delta': 0.5040021757189095, 'theta': -21.115552565535527, 'gamma': 0.0068600576952349, 'vega': 0.5578166273551606, 'sigma': 0.4158696185280633, 'moneyness': 0.0}",0,0
2022-05-02 09:30:00,2,1,1,straddle_component,293948,SPXW_4135_PE_20220502,50,31.5,trade,"{'detailed': True, 'instrument_type': 'option', 'underlying': 'SPXW', 'strike': 4135, 'expiry': '2022-05-02', 'dividend_rate': 0.015, 'opt_type': 'PE', 'timestamp': '2022-05-02 09:30:00', 'underlying_spot': 4135.0, 'id': 293948, 'bid': 30.75, 'ask': 31.5, 'mid': 31.12, 'delta': -0.4953393857563881, 'theta': -28.1750543204367, 'gamma': 0.0051043485527202, 'vega': 0.557806631935966, 'sigma': 0.5589035472597066, 'moneyness': 0.0}",0,0
2022-11-28 09:30:00,1,1,1,straddle_component,655264,SPXW_4005_CE_20221128,50,10.5,trade,"{'detailed': True, 'instrument_type': 'option', 'underlying': 'SPXW', 'strike': 4005, 'expiry': '2022-11-28', 'dividend_rate': 0.015, 'opt_type': 'CE', 'timestamp': '2022-11-28 09:30:00', 'underlying_spot': 4006.0, 'id': 655264, 'bid': 9.75, 'ask': 10.5, 'mid': 10.12, 'delta': 0.520636285989351, 'theta': -8.677761467007636, 'gamma': 0.0166148069702387, 'vega': 0.5397163113572123, 'sigma': 0.1770086225153605, 'moneyness': -0.02}",0,0
2022-11-28 09:30:00,2,1,1,straddle_component,129766,SPXW_4005_PE_20221128,50,15.25,trade,"{'detailed': True, 'instrument_type': 'option', 'underlying': 'SPXW', 'strike': 4005, 'expiry': '2022-11-28', 'dividend_rate': 0.015, 'opt_type': 'PE', 'timestamp': '2022-11-28 09:30:00', 'underlying_spot': 4006.0, 'id': 129766, 'bid': 14.75, 'ask': 15.25, 'mid': 15.0, 'delta': -0.4860931938899249, 'theta': -13.959138927920437, 'gamma': 0.0102311857652637, 'vega': 0.5401128744432473, 'sigma': 0.287661177368021, 'moneyness': 0.02}",0,0
2022-01-24 09:30:00,1,1,1,straddle_component,572032,SPXW_4315_CE_20220124,50,37.25,trade,"{'detailed': True, 'instrument_type': 'option', 'underlying': 'SPXW', 'strike': 4315, 'expiry': '2022-01-24', 'dividend_rate': 0.015, 'opt_type': 'CE', 'timestamp': '2022-01-24 09:30:00', 'underlying_spot': 4317.5, 'id': 572032, 'bid': 35.25, 'ask': 37.25, 'mid': 36.25, 'delta': 0.5162621933589406, 'theta': -31.61954088827349, 'gamma': 0.0045510146406968, 'vega': 0.5819813470535387, 'sigma': 0.599902563065166, 'moneyness': -0.06}",0,0
2022-01-24 09:30:00,2,1,1,straddle_component,126196,SPXW_4315_PE_20220124,50,26.0,trade,"{'detailed': True, 'instrument_type': 'option', 'underlying': 'SPXW', 'strike': 4315, 'expiry': '2022-01-24', 'dividend_rate': 0.015, 'opt_type': 'PE', 'timestamp': '2022-01-24 09:30:00', 'underlying_spot': 4317.5, 'id': 126196, 'bid': 25.5, 'ask': 26.0, 'mid': 25.75, 'delta': -0.4810856483922876, 'theta': -24.24255812894373, 'gamma': 0.0058786605805494, 'vega': 0.5818104404898943, 'sigma': 0.4642833530375832, 'moneyness': 0.06}",0,0
2022-08-01 09:30:00,1,1,1,straddle_component,438794,SPXW_4110_CE_20220801,50,13.25,trade,"{'detailed': True, 'instrument_type': 'option', 'underlying': 'SPXW', 'strike': 4110, 'expiry': '2022-08-01', 'dividend_rate': 0.015, 'opt_type': 'CE', 'timestamp': '2022-08-01 09:30:00', 'underlying_spot': 4108.0, 'id': 438794, 'bid': 12.75, 'ask': 13.25, 'mid': 13.0, 'delta': 0.480830217942696, 'theta': -12.493933916229816, 'gamma': 0.0114162160613773, 'vega': 0.5535610469658465, 'sigma': 0.2512626099492706, 'moneyness': 0.05}",0,0
2022-08-01 09:30:00,2,1,1,straddle_component,542924,SPXW_4110_PE_20220801,50,18.5,trade,"{'detailed': True, 'instrument_type': 'option', 'underlying': 'SPXW', 'strike': 4110, 'expiry': '2022-08-01', 'dividend_rate': 0.015, 'opt_type': 'PE', 'timestamp': '2022-08-01 09:30:00', 'underlying_spot': 4108.0, 'id': 542924, 'bid': 18.0, 'ask': 18.5, 'mid': 18.25, 'delta': -0.5147116811974328, 'theta': -15.405313106665607, 'gamma': 0.0092033968357441, 'vega': 0.5538248064006233, 'sigma': 0.311823050981411, 'moneyness': -0.05}",0,0
2022-08-08 09:30:00,1,1,1,straddle_component,114464,SPXW_4165_CE_20220808,50,14.0,trade,"{'detailed': True, 'instrument_type': 'option', 'underlying': 'SPXW', 'strike': 4165, 'expiry': '2022-08-08', 'dividend_rate': 0.015, 'opt_type': 'CE', 'timestamp': '2022-08-08 09:30:00', 'underlying_spot': 4165.0, 'id': 114464, 'bid': 13.5, 'ask': 14.0, 'mid': 13.75, 'delta': 0.5036863776716416, 'theta': -12.5042233590374, 'gamma': 0.0116181587017649, 'vega': 0.5618679397238111, 'sigma': 0.2437876205247798, 'moneyness': 0.0}",0,0
2022-08-08 09:30:00,2,1,1,straddle_component,403721,SPXW_4165_PE_20220808,50,15.0,trade,"{'detailed': True, 'instrument_type': 'option', 'underlying': 'SPXW', 'strike': 4165, 'expiry': '2022-08-08', 'dividend_rate': 0.015, 'opt_type': 'PE', 'timestamp': '2022-08-08 09:30:00', 'underlying_spot': 4165.0, 'id': 403721, 'bid': 14.25, 'ask': 15.0, 'mid': 14.62, 'delta': -0.4963323023211785, 'theta': -13.217736520475633, 'gamma': 0.0108429538414611, 'vega': 0.5618681852206908, 'sigma': 0.2612170639607049, 'moneyness': 0.0}",0,0
2022-02-14 09:30:00,1,1,1,straddle_component,332984,SPXW_4415_CE_20220214,50,20.75,trade,"{'detailed': True, 'instrument_type': 'option', 'underlying': 'SPXW', 'strike': 4415, 'expiry': '2022-02-14', 'dividend_rate': 0.015, 'opt_type': 'CE', 'timestamp': '2022-02-14 09:30:00', 'underlying_spot': 4413.0, 'id': 332984, 'bid': 20.25, 'ask': 20.75, 'mid': 20.5, 'delta': 0.4889603710093837, 'theta': -19.37548008217208, 'gamma': 0.0074248042380986, 'vega': 0.595120910206516, 'sigma': 0.3599125022585027, 'moneyness': 0.05}",0,0
2022-02-14 09:30:00,2,1,1,straddle_component,316264,SPXW_4415_PE_20220214,50,32.75,trade,"{'detailed': True, 'instrument_type': 'option', 'underlying': 'SPXW', 'strike': 4415, 'expiry': '2022-02-14', 'dividend_rate': 0.015, 'opt_type': 'PE', 'timestamp': '2022-02-14 09:30:00', 'underlying_spot': 4413.0, 'id': 316264, 'bid': 32.0, 'ask': 32.75, 'mid': 32.38, 'delta': -0.5056269599521102, 'theta': -28.291610607855244, 'gamma': 0.0050656234407142, 'vega': 0.5952898541581302, 'sigma': 0.5276817972289191, 'moneyness': -0.05}",0,0
2022-04-04 09:30:00,1,1,1,straddle_component,409358,SPXW_4540_CE_20220404,50,12.5,trade,"{'detailed': True, 'instrument_type': 'option', 'underlying': 'SPXW', 'strike': 4540, 'expiry': '2022-04-04', 'dividend_rate': 0.015, 'opt_type': 'CE', 'timestamp': '2022-04-04 09:30:00', 'underlying_spot': 4540.75, 'id': 409358, 'bid': 12.0, 'ask': 12.5, 'mid': 12.25, 'delta': 0.5139834498883111, 'theta': -10.768985435977086, 'gamma': 0.0134629075354553, 'vega': 0.612206451660561, 'sigma': 0.1928631570834927, 'moneyness': -0.02}",0,0
2022-04-04 09:30:00,2,1,1,straddle_component,205298,SPXW_4540_PE_20220404,50,11.0,trade,"{'detailed': True, 'instrument_type': 'option', 'underlying': 'SPXW', 'strike': 4540, 'expiry': '2022-04-04', 'dividend_rate': 0.015, 'opt_type': 'PE', 'timestamp': '2022-04-04 09:30:00', 'underlying_spot': 4540.75, 'id': 205298, 'bid': 10.5, 'ask': 11.0, 'mid': 10.75, 'delta': -0.4853645286812202, 'theta': -10.0000802982253, 'gamma': 0.0142288990367944, 'vega': 0.6121703256032793, 'sigma': 0.1824698270924767, 'moneyness': 0.02}",0,0
2022-04-25 09:30:00,1,1,1,straddle_component,282134,SPXW_4235_CE_20220425,50,27.25,trade,"{'detailed': True, 'instrument_type': 'option', 'underlying': 'SPXW', 'strike': 4235, 'expiry': '2022-04-25', 'dividend_rate': 0.015, 'opt_type': 'CE', 'timestamp': '2022-04-25 09:30:00', 'underlying_spot': 4234.0, 'id': 282134, 'bid': 26.75, 'ask': 27.25, 'mid': 27.0, 'delta': 0.4984780112206266, 'theta': -24.93802242834912, 'gamma': 0.0057995320901227, 'vega': 0.571196420289791, 'sigma': 0.4804357982771751, 'moneyness': 0.02}",0,0
2022-04-25 09:30:00,2,1,1,straddle_component,740288,SPXW_4235_PE_20220425,50,18.0,trade,"{'detailed': True, 'instrument_type': 'option', 'underlying': 'SPXW', 'strike': 4235, 'expiry': '2022-04-25', 'dividend_rate': 0.015, 'opt_type': 'PE', 'timestamp': '2022-04-25 09:30:00', 'underlying_spot': 4234.0, 'id': 740288, 'bid': 17.5, 'ask': 18.0, 'mid': 17.75, 'delta': -0.5055129814589776, 'theta': -15.54748289802422, 'gamma': 0.0091999418572186, 'vega': 0.5711459425244847, 'sigma': 0.3028342021806224, 'moneyness': -0.02}",0,0
2022-12-12 09:30:00,1,1,1,straddle_component,522421,SPXW_3980_CE_20221212,50,1.7,trade,"{'detailed': True, 'instrument_type': 'option', 'underlying': 'SPXW', 'strike': 3980, 'expiry': '2022-12-12', 'dividend_rate': 0.015, 'opt_type': 'CE', 'timestamp': '2022-12-12 09:30:00', 'underlying_spot': 3980.0, 'id': 522421, 'bid': 1.55, 'ask': 1.7, 'mid': 1.62, 'delta': 0.5171665269154802, 'theta': -1.51207996500292, 'gamma': 0.1009757825110035, 'vega': 0.5363729613847775, 'sigma': 0.0293277998769364, 'moneyness': 0.0}",0,0
2022-12-12 09:30:00,2,1,1,straddle_component,282646,SPXW_3980_PE_20221212,50,38.25,trade,"{'detailed': True, 'instrument_type': 'option', 'underlying': 'SPXW', 'strike': 3980, 'expiry': '2022-12-12', 'dividend_rate': 0.015, 'opt_type': 'PE', 'timestamp': '2022-12-12 09:30:00', 'underlying_spot': 3980.0, 'id': 282646, 'bid': 37.0, 'ask': 38.25, 'mid': 37.62, 'delta': -0.4945574683482334, 'theta': -34.068688258209576, 'gamma': 0.0042238211506173, 'vega': 0.5368839886675119, 'sigma': 0.7017029937227115, 'moneyness': 0.0}",0,0
2022-07-25 09:30:00,1,1,1,straddle_component,785636,SPXW_3970_CE_20220725,50,15.5,trade,"{'detailed': True, 'instrument_type': 'option', 'underlying': 'SPXW', 'strike': 3970, 'expiry': '2022-07-25', 'dividend_rate': 0.015, 'opt_type': 'CE', 'timestamp': '2022-07-25 09:30:00', 'underlying_spot': 3971.0, 'id': 785636, 'bid': 14.75, 'ask': 15.5, 'mid': 15.12, 'delta': 0.514585767552056, 'theta': -13.238720460935133, 'gamma': 0.0109154112237774, 'vega': 0.5353613209877688, 'sigma': 0.2719894874478212, 'moneyness': -0.03}",0,0
2022-07-25 09:30:00,2,1,1,straddle_component,557051,SPXW_3970_PE_20220725,50,14.5,trade,"{'detailed': True, 'instrument_type': 'option', 'underlying': 'SPXW', 'strike': 3970, 'expiry': '2022-07-25', 'dividend_rate': 0.015, 'opt_type': 'PE', 'timestamp': '2022-07-25 09:30:00', 'underlying_spot': 3971.0, 'id': 557051, 'bid': 13.25, 'ask': 14.5, 'mid': 13.88, 'delta': -0.4853000022762899, 'theta': -12.935568574230146, 'gamma': 0.0110293597188615, 'vega': 0.53535567378362, 'sigma': 0.2691766295566207, 'moneyness': 0.03}",0,0
2022-09-26 09:30:00,1,1,1,straddle_component,165139,SPXW_3695_CE_20220926,50,22.5,trade,"{'detailed': True, 'instrument_type': 'option', 'underlying': 'SPXW', 'strike': 3695, 'expiry': '2022-09-26', 'dividend_rate': 0.015, 'opt_type': 'CE', 'timestamp': '2022-09-26 09:30:00', 'underlying_spot': 3697.0, 'id': 165139, 'bid': 21.5, 'ask': 22.5, 'mid': 22.0, 'delta': 0.5192131376091424, 'theta': -18.91368722714408, 'gamma': 0.0075904074492427, 'vega': 0.498176225717712, 'sigma': 0.419917069030814, 'moneyness': -0.05}",0,0
2022-09-26 09:30:00,2,1,1,straddle_component,415987,SPXW_3695_PE_20220926,50,24.75,trade,"{'detailed': True, 'instrument_type': 'option', 'underlying': 'SPXW', 'strike': 3695, 'expiry': '2022-09-26', 'dividend_rate': 0.015, 'opt_type': 'PE', 'timestamp': '2022-09-26 09:30:00', 'underlying_spot': 3697.0, 'id': 415987, 'bid': 24.0, 'ask': 24.75, 'mid': 24.38, 'delta': -0.483063231974512, 'theta': -22.83609861972954, 'gamma': 0.0062564780023421, 'vega': 0.4983053382930471, 'sigma': 0.5095784813303328, 'moneyness': 0.05}",0,0
2022-12-06 09:30:00,1,1,1,straddle_component,232438,SPXW_4000_CE_20221206,50,12.5,trade,"{'detailed': True, 'instrument_type': 'option', 'underlying': 'SPXW', 'strike': 4000, 'expiry': '2022-12-06', 'dividend_rate': 0.015, 'opt_type': 'CE', 'timestamp': '2022-12-06 09:30:00', 'underlying_spot': 4000.25, 'id': 232438, 'bid': 12.0, 'ask': 12.5, 'mid': 12.25, 'delta': 0.5070290517982912, 'theta': -11.02544485050721, 'gamma': 0.0131786267942857, 'vega': 0.539581971331109, 'sigma': 0.2237472039130951, 'moneyness': -0.01}",0,0
2022-12-06 09:30:00,2,1,1,straddle_component,733074,SPXW_4000_PE_20221206,50,12.75,trade,"{'detailed': True, 'instrument_type': 'option', 'underlying': 'SPXW', 'strike': 4000, 'expiry': '2022-12-06', 'dividend_rate': 0.015, 'opt_type': 'PE', 'timestamp': '2022-12-06 09:30:00', 'underlying_spot': 4000.25, 'id': 733074, 'bid': 12.25, 'ask': 12.75, 'mid': 12.5, 'delta': -0.4931573079222318, 'theta': -11.402374274947482, 'gamma': 0.0125546374363239, 'vega': 0.5395863726648464, 'sigma': 0.2348697743880637, 'moneyness': 0.01}",0,0
2022-08-16 09:30:00,1,1,1,straddle_component,796506,SPXW_4290_CE_20220816,50,11.0,trade,"{'detailed': True, 'instrument_type': 'option', 'underlying': 'SPXW', 'strike': 4290, 'expiry': '2022-08-16', 'dividend_rate': 0.015, 'opt_type': 'CE', 'timestamp': '2022-08-16 09:30:00', 'underlying_spot': 4290.75, 'id': 796506, 'bid': 10.5, 'ask': 11.0, 'mid': 10.75, 'delta': 0.5155624268423864, 'theta': -9.401211068516892, 'gamma': 0.015414972374117, 'vega': 0.5784149573588389, 'sigma': 0.1782279286376039, 'moneyness': -0.02}",0,0
2022-08-16 09:30:00,2,1,1,straddle_component,377489,SPXW_4290_PE_20220816,50,13.75,trade,"{'detailed': True, 'instrument_type': 'option', 'underlying': 'SPXW', 'strike': 4290, 'expiry': '2022-08-16', 'dividend_rate': 0.015, 'opt_type': 'PE', 'timestamp': '2022-08-16 09:30:00', 'underlying_spot': 4290.75, 'id': 377489, 'bid': 13.25, 'ask': 13.75, 'mid': 13.5, 'delta': -0.4877378106547425, 'theta': -12.503328894166884, 'gamma': 0.0114230731540487, 'vega': 0.5785828109391131, 'sigma': 0.2405807878805688, 'moneyness': 0.02}",0,0
2022-11-01 09:30:00,1,1,1,straddle_component,520256,SPXW_3920_CE_20221101,50,17.25,trade,"{'detailed': True, 'instrument_type': 'option', 'underlying': 'SPXW', 'strike': 3920, 'expiry': '2022-11-01', 'dividend_rate': 0.015, 'opt_type': 'CE', 'timestamp': '2022-11-01 09:30:00', 'underlying_spot': 3920.0, 'id': 520256, 'bid': 16.75, 'ask': 17.25, 'mid': 17.0, 'delta': 0.5037151559935893, 'theta': -15.447943147927504, 'gamma': 0.0093884582241798, 'vega': 0.5288165383290799, 'sigma': 0.3205406785538901, 'moneyness': 0.0}",0,0
2022-11-01 09:30:00,2,1,1,straddle_component,694366,SPXW_3920_PE_20221101,50,15.5,trade,"{'detailed': True, 'instrument_type': 'option', 'underlying': 'SPXW', 'strike': 3920, 'expiry': '2022-11-01', 'dividend_rate': 0.015, 'opt_type': 'PE', 'timestamp': '2022-11-01 09:30:00', 'underlying_spot': 3920.0, 'id': 694366, 'bid': 14.75, 'ask': 15.5, 'mid': 15.12, 'delta': -0.496329631550374, 'theta': -13.673308414400132, 'gamma': 0.0104878413864639, 'vega': 0.5288170857160548, 'sigma': 0.2869404477346332, 'moneyness': 0.0}",0,0
2022-11-29 09:30:00,1,1,1,straddle_component,725623,SPXW_3970_CE_20221129,50,11.25,trade,"{'detailed': True, 'instrument_type': 'option', 'underlying': 'SPXW', 'strike': 3970, 'expiry': '2022-11-29', 'dividend_rate': 0.015, 'opt_type': 'CE', 'timestamp': '2022-11-29 09:30:00', 'underlying_spot': 3968.0, 'id': 725623, 'bid': 10.75, 'ask': 11.25, 'mid': 11.0, 'delta': 0.4770609106292234, 'theta': -10.642974355322568, 'gamma': 0.0133258746437547, 'vega': 0.5344278540910965, 'sigma': 0.2227390430926913, 'moneyness': 0.05}",0,0
2022-11-29 09:30:00,2,1,1,straddle_component,370689,SPXW_3970_PE_20221129,50,12.5,trade,"{'detailed': True, 'instrument_type': 'option', 'underlying': 'SPXW', 'strike': 3970, 'expiry': '2022-11-29', 'dividend_rate': 0.015, 'opt_type': 'PE', 'timestamp': '2022-11-29 09:30:00', 'underlying_spot': 3968.0, 'id': 370689, 'bid': 12.0, 'ask': 12.5, 'mid': 12.25, 'delta': -0.5244326621269835, 'theta': -9.87280075270075, 'gamma': 0.01409330646851, 'vega': 0.5343082851375227, 'sigma': 0.2105631000493393, 'moneyness': -0.05}",0,0
2022-07-26 09:30:00,1,1,1,straddle_component,593888,SPXW_3955_CE_20220726,50,14.25,trade,"{'detailed': True, 'instrument_type': 'option', 'underlying': 'SPXW', 'strike': 3955, 'expiry': '2022-07-26', 'dividend_rate': 0.015, 'opt_type': 'CE', 'timestamp': '2022-07-26 09:30:00', 'underlying_spot': 3953.5, 'id': 593888, 'bid': 13.5, 'ask': 14.25, 'mid': 13.88, 'delta': 0.487276563685679, 'theta': -13.1661164411747, 'gamma': 0.0109235605627588, 'vega': 0.5330871371410009, 'sigma': 0.2730331206743874, 'moneyness': 0.04}",0,0
2022-07-26 09:30:00,2,1,1,straddle_component,443335,SPXW_3955_PE_20220726,50,16.0,trade,"{'detailed': True, 'instrument_type': 'option', 'underlying': 'SPXW', 'strike': 3955, 'expiry': '2022-07-26', 'dividend_rate': 0.015, 'opt_type': 'PE', 'timestamp': '2022-07-26 09:30:00', 'underlying_spot': 3953.5, 'id': 443335, 'bid': 15.5, 'ask': 16.0, 'mid': 15.75, 'delta': -0.5122041721009829, 'theta': -13.434383288102548, 'gamma': 0.0105794056004526, 'vega': 0.533108887044242, 'sigma': 0.2819265381617703, 'moneyness': -0.04}",0,0
2022-07-19 09:30:00,1,1,1,straddle_component,98993,SPXW_3870_CE_20220719,50,18.5,trade,"{'detailed': True, 'instrument_type': 'option', 'underlying': 'SPXW', 'strike': 3870, 'expiry': '2022-07-19', 'dividend_rate': 0.015, 'opt_type': 'CE', 'timestamp': '2022-07-19 09:30:00', 'underlying_spot': 3872.0, 'id': 98993, 'bid': 17.25, 'ask': 18.5, 'mid': 17.88, 'delta': 0.522645375396813, 'theta': -15.13879300680246, 'gamma': 0.009452241052088, 'vega': 0.521521443923044, 'sigma': 0.3218190829465465, 'moneyness': -0.05}",0,0
2022-07-19 09:30:00,2,1,1,straddle_component,357602,SPXW_3870_PE_20220719,50,13.75,trade,"{'detailed': True, 'instrument_type': 'option', 'underlying': 'SPXW', 'strike': 3870, 'expiry': '2022-07-19', 'dividend_rate': 0.015, 'opt_type': 'PE', 'timestamp': '2022-07-19 09:30:00', 'underlying_spot': 3872.0, 'id': 357602, 'bid': 12.5, 'ask': 13.75, 'mid': 13.12, 'delta': -0.4738571041432493, 'theta': -12.53722037865171, 'gamma': 0.0112212812908296, 'vega': 0.5212405849877788, 'sigma': 0.2709383927790296, 'moneyness': 0.05}",0,0
2022-11-08 09:30:00,1,1,1,straddle_component,622846,SPXW_3820_CE_20221108,50,18.25,trade,"{'detailed': True, 'instrument_type': 'option', 'underlying': 'SPXW', 'strike': 3820, 'expiry': '2022-11-08', 'dividend_rate': 0.015, 'opt_type': 'CE', 'timestamp': '2022-11-08 09:30:00', 'underlying_spot': 3822.0, 'id': 622846, 'bid': 17.75, 'ask': 18.25, 'mid': 18.0, 'delta': 0.5225183915579024, 'theta': -15.25299928735075, 'gamma': 0.0093821440216856, 'vega': 0.514796252946006, 'sigma': 0.3284709551229671, 'moneyness': -0.05}",0,0
2022-11-08 09:30:00,2,1,1,straddle_component,475270,SPXW_3820_PE_20221108,50,11.5,trade,"{'detailed': True, 'instrument_type': 'option', 'underlying': 'SPXW', 'strike': 3820, 'expiry': '2022-11-08', 'dividend_rate': 0.015, 'opt_type': 'PE', 'timestamp': '2022-11-08 09:30:00', 'underlying_spot': 3822.0, 'id': 475270, 'bid': 11.0, 'ask': 11.5, 'mid': 11.25, 'delta': -0.4703875706975502, 'theta': -10.80533470814196, 'gamma': 0.0129322030595346, 'vega': 0.5141951410541106, 'sigma': 0.2380238703091763, 'moneyness': 0.05}",0,0
2022-05-17 09:30:00,1,1,1,straddle_component,538350,SPXW_4065_CE_20220517,50,22.0,trade,"{'detailed': True, 'instrument_type': 'option', 'underlying': 'SPXW', 'strike': 4065, 'expiry': '2022-05-17', 'dividend_rate': 0.015, 'opt_type': 'CE', 'timestamp': '2022-05-17 09:30:00', 'underlying_spot': 4066.5, 'id': 538350, 'bid': 21.5, 'ask': 22.0, 'mid': 21.75, 'delta': 0.5152761216450585, 'theta': -18.98608656773666, 'gamma': 0.0075934973864377, 'vega': 0.5482010667940553, 'sigma': 0.3817692166313502, 'moneyness': -0.04}",0,0
2022-05-17 09:30:00,2,1,1,straddle_component,376905,SPXW_4065_PE_20220517,50,17.75,trade,"{'detailed': True, 'instrument_type': 'option', 'underlying': 'SPXW', 'strike': 4065, 'expiry': '2022-05-17', 'dividend_rate': 0.015, 'opt_type': 'PE', 'timestamp': '2022-05-17 09:30:00', 'underlying_spot': 4066.5, 'id': 376905, 'bid': 17.0, 'ask': 17.75, 'mid': 17.38, 'delta': -0.4831257159880309, 'theta': -16.28880419191355, 'gamma': 0.0087520326630397, 'vega': 0.5481123410967381, 'sigma': 0.3311796815704024, 'moneyness': 0.04}",0,0
2022-07-05 09:30:00,1,1,1,straddle_component,698935,SPXW_3770_CE_20220705,50,22.0,trade,"{'detailed': True, 'instrument_type': 'option', 'underlying': 'SPXW', 'strike': 3770, 'expiry': '2022-07-05', 'dividend_rate': 0.015, 'opt_type': 'CE', 'timestamp': '2022-07-05 09:30:00', 'underlying_spot': 3771.0, 'id': 698935, 'bid': 20.5, 'ask': 22.0, 'mid': 21.25, 'delta': 0.5116555783427401, 'theta': -18.805679669769177, 'gamma': 0.0076847199181884, 'vega': 0.5085209592009576, 'sigma': 0.4069228778281275, 'moneyness': -0.03}",0,0
2022-07-05 09:30:00,2,1,1,straddle_component,574539,SPXW_3770_PE_20220705,50,18.25,trade,"{'detailed': True, 'instrument_type': 'option', 'underlying': 'SPXW', 'strike': 3770, 'expiry': '2022-07-05', 'dividend_rate': 0.015, 'opt_type': 'PE', 'timestamp': '2022-07-05 09:30:00', 'underlying_spot': 3771.0, 'id': 574539, 'bid': 16.75, 'ask': 18.25, 'mid': 17.5, 'delta': -0.4873849543553632, 'theta': -16.234859880141062, 'gamma': 0.0088155012889501, 'vega': 0.5084836791044918, 'sigma': 0.3547001590909048, 'moneyness': 0.03}",0,0
2022-08-30 09:30:00,1,1,1,straddle_component,185957,SPXW_4045_CE_20220830,50,15.25,trade,"{'detailed': True, 'instrument_type': 'option', 'underlying': 'SPXW', 'strike': 4045, 'expiry': '2022-08-30', 'dividend_rate': 0.015, 'opt_type': 'CE', 'timestamp': '2022-08-30 09:30:00', 'underlying_spot': 4043.75, 'id': 185957, 'bid': 14.75, 'ask': 15.25, 'mid': 15.0, 'delta': 0.4908912240932928, 'theta': -14.11807343013064, 'gamma': 0.0102220479369918, 'vega': 0.5453918820542656, 'sigma': 0.2853296464568524, 'moneyness': 0.03}",0,0
2022-08-30 09:30:00,2,1,1,straddle_component,507864,SPXW_4045_PE_20220830,50,16.5,trade,"{'detailed': True, 'instrument_type': 'option', 'underlying': 'SPXW', 'strike': 4045, 'expiry': '2022-08-30', 'dividend_rate': 0.015, 'opt_type': 'PE', 'timestamp': '2022-08-30 09:30:00', 'underlying_spot': 4043.75, 'id': 507864, 'bid': 16.0, 'ask': 16.5, 'mid': 16.25, 'delta': -0.5090248834916267, 'theta': -14.041265331876009, 'gamma': 0.0101559685461438, 'vega': 0.5453944960891715, 'sigma': 0.2871875058419645, 'moneyness': -0.03}",0,0
2022-05-31 09:30:00,1,1,1,straddle_component,559433,SPXW_4140_CE_20220531,50,22.5,trade,"{'detailed': True, 'instrument_type': 'option', 'underlying': 'SPXW', 'strike': 4140, 'expiry': '2022-05-31', 'dividend_rate': 0.015, 'opt_type': 'CE', 'timestamp': '2022-05-31 09:30:00', 'underlying_spot': 4138.75, 'id': 559433, 'bid': 21.75, 'ask': 22.5, 'mid': 22.12, 'delta': 0.4952001446129728, 'theta': -20.60397269504915, 'gamma': 0.0070135117269387, 'vega': 0.5583101318180965, 'sigma': 0.4063928288406066, 'moneyness': 0.03}",0,0
2022-05-31 09:30:00,2,1,1,straddle_component,561466,SPXW_4140_PE_20220531,50,24.5,trade,"{'detailed': True, 'instrument_type': 'option', 'underlying': 'SPXW', 'strike': 4140, 'expiry': '2022-05-31', 'dividend_rate': 0.015, 'opt_type': 'PE', 'timestamp': '2022-05-31 09:30:00', 'underlying_spot': 4138.75, 'id': 561466, 'bid': 23.75, 'ask': 24.5, 'mid': 24.12, 'delta': -0.5044232731615139, 'theta': -21.20677480072315, 'gamma': 0.0067592601382671, 'vega': 0.5583162327469982, 'sigma': 0.4216840085915352, 'moneyness': -0.03}",0,0
2022-10-18 09:30:00,1,1,1,straddle_component,669240,SPXW_3770_CE_20221018,50,21.25,trade,"{'detailed': True, 'instrument_type': 'option', 'underlying': 'SPXW', 'strike': 3770, 'expiry': '2022-10-18', 'dividend_rate': 0.015, 'opt_type': 'CE', 'timestamp': '2022-10-18 09:30:00', 'underlying_spot': 3772.0, 'id': 669240, 'bid': 20.75, 'ask': 21.25, 'mid': 21.0, 'delta': 0.5198720041835969, 'theta': -18.00023176510157, 'gamma': 0.0079712528844311, 'vega': 0.5082413357682576, 'sigma': 0.3918723358896647, 'moneyness': -0.05}",0,0
2022-10-18 09:30:00,2,1,1,straddle_component,507602,SPXW_3770_PE_20221018,50,17.5,trade,"{'detailed': True, 'instrument_type': 'option', 'underlying': 'SPXW', 'strike': 3770, 'expiry': '2022-10-18', 'dividend_rate': 0.015, 'opt_type': 'PE', 'timestamp': '2022-10-18 09:30:00', 'underlying_spot': 3772.0, 'id': 507602, 'bid': 17.0, 'ask': 17.5, 'mid': 17.25, 'delta': -0.4787866903832594, 'theta': -16.327234571108136, 'gamma': 0.0086924804065802, 'vega': 0.5081530690640026, 'sigma': 0.3592958237170001, 'moneyness': 0.05}",0,0
2022-09-20 09:30:00,1,1,1,straddle_component,388013,SPXW_3885_CE_20220920,50,17.25,trade,"{'detailed': True, 'instrument_type': 'option', 'underlying': 'SPXW', 'strike': 3885, 'expiry': '2022-09-20', 'dividend_rate': 0.015, 'opt_type': 'CE', 'timestamp': '2022-09-20 09:30:00', 'underlying_spot': 3883.0, 'id': 388013, 'bid': 16.75, 'ask': 17.25, 'mid': 17.0, 'delta': 0.4860190511214668, 'theta': -16.168373628302437, 'gamma': 0.0088703724898664, 'vega': 0.5235257877265127, 'sigma': 0.3422995945854425, 'moneyness': 0.05}",0,0
2022-09-20 09:30:00,2,1,1,straddle_component,94851,SPXW_3885_PE_20220920,50,19.5,trade,"{'detailed': True, 'instrument_type': 'option', 'underlying': 'SPXW', 'strike': 3885, 'expiry': '2022-09-20', 'dividend_rate': 0.015, 'opt_type': 'PE', 'timestamp': '2022-09-20 09:30:00', 'underlying_spot': 3883.0, 'id': 94851, 'bid': 19.0, 'ask': 19.5, 'mid': 19.25, 'delta': -0.5136266128456413, 'theta': -16.32412684824632, 'gamma': 0.0087019767391893, 'vega': 0.5235419174686164, 'sigma': 0.3489343158658317, 'moneyness': -0.05}",0,0
2022-05-24 09:30:00,1,1,1,straddle_component,433746,SPXW_3930_CE_20220524,50,20.75,trade,"{'detailed': True, 'instrument_type': 'option', 'underlying': 'SPXW', 'strike': 3930, 'expiry': '2022-05-24', 'dividend_rate': 0.015, 'opt_type': 'CE', 'timestamp': '2022-05-24 09:30:00', 'underlying_spot': 3930.25, 'id': 433746, 'bid': 20.25, 'ask': 20.75, 'mid': 20.5, 'delta': 0.5058417842075613, 'theta': -18.50496063673692, 'gamma': 0.0078290079130738, 'vega': 0.5301654220488459, 'sigma': 0.3833620343220936, 'moneyness': -0.01}",0,0
2022-05-24 09:30:00,2,1,1,straddle_component,428375,SPXW_3930_PE_20220524,50,22.5,trade,"{'detailed': True, 'instrument_type': 'option', 'underlying': 'SPXW', 'strike': 3930, 'expiry': '2022-05-24', 'dividend_rate': 0.015, 'opt_type': 'PE', 'timestamp': '2022-05-24 09:30:00', 'underlying_spot': 3930.25, 'id': 428375, 'bid': 22.0, 'ask': 22.5, 'mid': 22.25, 'delta': -0.4941959395219797, 'theta': -20.24299780863785, 'gamma': 0.0070963538334467, 'vega': 0.530166157784743, 'sigma': 0.4229423600689931, 'moneyness': 0.01}",0,0
2022-08-23 09:30:00,1,1,1,straddle_component,484772,SPXW_4140_CE_20220823,50,13.5,trade,"{'detailed': True, 'instrument_type': 'option', 'underlying': 'SPXW', 'strike': 4140, 'expiry': '2022-08-23', 'dividend_rate': 0.015, 'opt_type': 'CE', 'timestamp': '2022-08-23 09:30:00', 'underlying_spot': 4138.75, 'id': 484772, 'bid': 13.0, 'ask': 13.5, 'mid': 13.25, 'delta': 0.4892827825672796, 'theta': -12.522130187041718, 'gamma': 0.0115171632231181, 'vega': 0.558148677814537, 'sigma': 0.2474063145018103, 'moneyness': 0.03}",0,0
2022-08-23 09:30:00,2,1,1,straddle_component,660835,SPXW_4140_PE_20220823,50,17.0,trade,"{'detailed': True, 'instrument_type': 'option', 'underlying': 'SPXW', 'strike': 4140, 'expiry': '2022-08-23', 'dividend_rate': 0.015, 'opt_type': 'PE', 'timestamp': '2022-08-23 09:30:00', 'underlying_spot': 4138.75, 'id': 660835, 'bid': 16.25, 'ask': 17.0, 'mid': 16.62, 'delta': -0.5087270363938856, 'theta': -14.382212203699575, 'gamma': 0.0099178683043987, 'vega': 0.5582167627172367, 'sigma': 0.2873364834349232, 'moneyness': -0.03}",0,0
2022-06-21 09:30:00,1,1,1,straddle_component,205284,SPXW_3740_CE_20220621,50,19.75,trade,"{'detailed': True, 'instrument_type': 'option', 'underlying': 'SPXW', 'strike': 3740, 'expiry': '2022-06-21', 'dividend_rate': 0.015, 'opt_type': 'CE', 'timestamp': '2022-06-21 09:30:00', 'underlying_spot': 3738.5, 'id': 205284, 'bid': 18.5, 'ask': 19.75, 'mid': 19.12, 'delta': 0.4918734624821397, 'theta': -17.95672380120306, 'gamma': 0.0080295766835547, 'vega': 0.5042489039178797, 'sigma': 0.3929182368464375, 'moneyness': 0.04}",0,0
2022-06-21 09:30:00,2,1,1,straddle_component,258942,SPXW_3740_PE_20220621,50,23.25,trade,"{'detailed': True, 'instrument_type': 'option', 'underlying': 'SPXW', 'strike': 3740, 'expiry': '2022-06-21', 'dividend_rate': 0.015, 'opt_type': 'PE', 'timestamp': '2022-06-21 09:30:00', 'underlying_spot': 3738.5, 'id': 258942, 'bid': 22.5, 'ask': 23.25, 'mid': 22.88, 'delta': -0.5066732376066696, 'theta': -19.934781078302382, 'gamma': 0.0071807017931746, 'vega': 0.504283028561554, 'sigma': 0.4393972053077125, 'moneyness': -0.04}",0,0
2022-12-13 09:30:00,1,1,1,straddle_component,702815,SPXW_4135_CE_20221213,50,10.0,trade,"{'detailed': True, 'instrument_type': 'option', 'underlying': 'SPXW', 'strike': 4135, 'expiry': '2022-12-13', 'dividend_rate': 0.015, 'opt_type': 'CE', 'timestamp': '2022-12-13 09:30:00', 'underlying_spot': 4135.5, 'id': 702815, 'bid': 9.5, 'ask': 10.0, 'mid': 9.75, 'delta': 0.512505195232027, 'theta': -8.6297124539726, 'gamma': 0.0168406048750568, 'vega': 0.5576372473197253, 'sigma': 0.1693102241550799, 'moneyness': -0.01}",0,0
2022-12-13 09:30:00,2,1,1,straddle_component,722243,SPXW_4135_PE_20221213,50,40.25,trade,"{'detailed': True, 'instrument_type': 'option', 'underlying': 'SPXW', 'strike': 4135, 'expiry': '2022-12-13', 'dividend_rate': 0.015, 'opt_type': 'PE', 'timestamp': '2022-12-13 09:30:00', 'underlying_spot': 4135.5, 'id': 722243, 'bid': 38.25, 'ask': 40.25, 'mid': 39.25, 'delta': -0.4925039523968166, 'theta': -35.76167035002593, 'gamma': 0.0040228702857803, 'vega': 0.5578136611056408, 'sigma': 0.7089924652912906, 'moneyness': 0.01}",0,0
2022-06-14 09:30:00,1,1,1,straddle_component,701845,SPXW_3770_CE_20220614,50,26.75,trade,"{'detailed': True, 'instrument_type': 'option', 'underlying': 'SPXW', 'strike': 3770, 'expiry': '2022-06-14', 'dividend_rate': 0.015, 'opt_type': 'CE', 'timestamp': '2022-06-14 09:30:00', 'underlying_spot': 3771.75, 'id': 701845, 'bid': 25.5, 'ask': 26.75, 'mid': 26.12, 'delta': 0.5153973347018947, 'theta': -22.8238948768193, 'gamma': 0.0063112343084981, 'vega': 0.5084602318417133, 'sigma': 0.4952241186720766, 'moneyness': -0.05}",0,0
2022-06-14 09:30:00,2,1,1,straddle_component,318877,SPXW_3770_PE_20220614,50,28.5,trade,"{'detailed': True, 'instrument_type': 'option', 'underlying': 'SPXW', 'strike': 3770, 'expiry': '2022-06-14', 'dividend_rate': 0.015, 'opt_type': 'PE', 'timestamp': '2022-06-14 09:30:00', 'underlying_spot': 3771.75, 'id': 318877, 'bid': 27.0, 'ask': 28.5, 'mid': 27.75, 'delta': -0.4856021655132991, 'theta': -25.823254479060243, 'gamma': 0.0055475273796901, 'vega': 0.5085078868715414, 'sigma': 0.5634525419177258, 'moneyness': 0.05}",0,0
2022-09-27 09:30:00,1,1,1,straddle_component,149824,SPXW_3705_CE_20220927,50,23.25,trade,"{'detailed': True, 'instrument_type': 'option', 'underlying': 'SPXW', 'strike': 3705, 'expiry': '2022-09-27', 'dividend_rate': 0.015, 'opt_type': 'CE', 'timestamp': '2022-09-27 09:30:00', 'underlying_spot': 3704.75, 'id': 149824, 'bid': 22.75, 'ask': 23.25, 'mid': 23.0, 'delta': 0.5024688112101217, 'theta': -20.995726013256046, 'gamma': 0.0068960627430669, 'vega': 0.4997909498471706, 'sigma': 0.4617574423431929, 'moneyness': 0.01}",0,0
2022-09-27 09:30:00,2,1,1,straddle_component,746798,SPXW_3705_PE_20220927,50,19.75,trade,"{'detailed': True, 'instrument_type': 'option', 'underlying': 'SPXW', 'strike': 3705, 'expiry': '2022-09-27', 'dividend_rate': 0.015, 'opt_type': 'PE', 'timestamp': '2022-09-27 09:30:00', 'underlying_spot': 3704.75, 'id': 746798, 'bid': 19.25, 'ask': 19.75, 'mid': 19.5, 'delta': -0.4981464109189204, 'theta': -17.525091865730985, 'gamma': 0.0081947543861815, 'vega': 0.4997951250143142, 'sigma': 0.3885821038298659, 'moneyness': -0.01}",0,0
2022-07-12 09:30:00,1,1,1,straddle_component,184487,SPXW_3855_CE_20220712,50,14.0,trade,"{'detailed': True, 'instrument_type': 'option', 'underlying': 'SPXW', 'strike': 3855, 'expiry': '2022-07-12', 'dividend_rate': 0.015, 'opt_type': 'CE', 'timestamp': '2022-07-12 09:30:00', 'underlying_spot': 3856.0, 'id': 184487, 'bid': 13.0, 'ask': 14.0, 'mid': 13.5, 'delta': 0.5159696647500489, 'theta': -11.75755033019507, 'gamma': 0.0122834819116235, 'vega': 0.5197879756479944, 'sigma': 0.2488718727043838, 'moneyness': -0.03}",0,0
2022-07-12 09:30:00,2,1,1,straddle_component,176156,SPXW_3855_PE_20220712,50,18.25,trade,"{'detailed': True, 'instrument_type': 'option', 'underlying': 'SPXW', 'strike': 3855, 'expiry': '2022-07-12', 'dividend_rate': 0.015, 'opt_type': 'PE', 'timestamp': '2022-07-12 09:30:00', 'underlying_spot': 3856.0, 'id': 176156, 'bid': 17.0, 'ask': 18.25, 'mid': 17.62, 'delta': -0.4874608480072595, 'theta': -16.347689702008157, 'gamma': 0.0087544123061888, 'vega': 0.5199482423319584, 'sigma': 0.3493042942827199, 'moneyness': 0.03}",0,0
2022-05-10 09:30:00,1,1,1,straddle_component,528108,SPXW_4065_CE_20220510,50,21.25,trade,"{'detailed': True, 'instrument_type': 'option', 'underlying': 'SPXW', 'strike': 4065, 'expiry': '2022-05-10', 'dividend_rate': 0.015, 'opt_type': 'CE', 'timestamp': '2022-05-10 09:30:00', 'underlying_spot': 4063.0, 'id': 528108, 'bid': 19.5, 'ask': 21.25, 'mid': 20.38, 'delta': 0.4889679489009424, 'theta': -19.258025070944544, 'gamma': 0.0074670421312816, 'vega': 0.5479215172956149, 'sigma': 0.3887056144141543, 'moneyness': 0.05}",0,0
2022-05-10 09:30:00,2,1,1,straddle_component,525716,SPXW_4065_PE_20220510,50,36.25,trade,"{'detailed': True, 'instrument_type': 'option', 'underlying': 'SPXW', 'strike': 4065, 'expiry': '2022-05-10', 'dividend_rate': 0.015, 'opt_type': 'PE', 'timestamp': '2022-05-10 09:30:00', 'underlying_spot': 4063.0, 'id': 525716, 'bid': 35.5, 'ask': 36.25, 'mid': 35.88, 'delta': -0.5040376909470012, 'theta': -31.4783384163859, 'gamma': 0.0045586659780383, 'vega': 0.5481032183108887, 'sigma': 0.6369062309049599, 'moneyness': -0.05}",0,0
2022-09-13 09:30:00,1,1,1,straddle_component,461758,SPXW_4040_CE_20220913,50,10.5,trade,"{'detailed': True, 'instrument_type': 'option', 'underlying': 'SPXW', 'strike': 4040, 'expiry': '2022-09-13', 'dividend_rate': 0.015, 'opt_type': 'CE', 'timestamp': '2022-09-13 09:30:00', 'underlying_spot': 4042.25, 'id': 461758, 'bid': 10.0, 'ask': 10.5, 'mid': 10.25, 'delta': 0.5437098133810991, 'theta': -7.880403230133398, 'gamma': 0.0175220866083236, 'vega': 0.5420442098877167, 'sigma': 0.1655602763152345, 'moneyness': -0.06}",0,0
2022-09-13 09:30:00,2,1,1,straddle_component,456152,SPXW_4040_PE_20220913,50,32.0,trade,"{'detailed': True, 'instrument_type': 'option', 'underlying': 'SPXW', 'strike': 4040, 'expiry': '2022-09-13', 'dividend_rate': 0.015, 'opt_type': 'PE', 'timestamp': '2022-09-13 09:30:00', 'underlying_spot': 4042.25, 'id': 456152, 'bid': 30.5, 'ask': 32.0, 'mid': 31.25, 'delta': -0.4841086329477662, 'theta': -29.17896131778344, 'gamma': 0.0049048813366425, 'vega': 0.5448992078933124, 'sigma': 0.5945466212045682, 'moneyness': 0.06}",0,0
2022-04-26 09:30:00,1,1,1,straddle_component,738867,SPXW_4265_CE_20220426,50,21.75,trade,"{'detailed': True, 'instrument_type': 'option', 'underlying': 'SPXW', 'strike': 4265, 'expiry': '2022-04-26', 'dividend_rate': 0.015, 'opt_type': 'CE', 'timestamp': '2022-04-26 09:30:00', 'underlying_spot': 4264.25, 'id': 738867, 'bid': 20.75, 'ask': 21.75, 'mid': 21.25, 'delta': 0.4983231148804279, 'theta': -19.62143028930901, 'gamma': 0.0073788236321092, 'vega': 0.5752764578429339, 'sigma': 0.3749285974251696, 'moneyness': 0.02}",0,0
2022-04-26 09:30:00,2,1,1,straddle_component,323916,SPXW_4265_PE_20220426,50,21.25,trade,"{'detailed': True, 'instrument_type': 'option', 'underlying': 'SPXW', 'strike': 4265, 'expiry': '2022-04-26', 'dividend_rate': 0.015, 'opt_type': 'PE', 'timestamp': '2022-04-26 09:30:00', 'underlying_spot': 4264.25, 'id': 323916, 'bid': 20.5, 'ask': 21.25, 'mid': 20.88, 'delta': -0.5020046600444417, 'theta': -18.51897004879151, 'gamma': 0.0077443883483852, 'vega': 0.5752742720744024, 'sigma': 0.3572291869343956, 'moneyness': -0.02}",0,0
2022-06-07 09:30:00,1,1,1,straddle_component,771609,SPXW_4085_CE_20220607,50,18.25,trade,"{'detailed': True, 'instrument_type': 'option', 'underlying': 'SPXW', 'strike': 4085, 'expiry': '2022-06-07', 'dividend_rate': 0.015, 'opt_type': 'CE', 'timestamp': '2022-06-07 09:30:00', 'underlying_spot': 4085.25, 'id': 771609, 'bid': 17.75, 'ask': 18.25, 'mid': 18.0, 'delta': 0.5059528974358685, 'theta': -16.239891292504844, 'gamma': 0.0089280201720498, 'vega': 0.5510716438827821, 'sigma': 0.3234148540212239, 'moneyness': -0.01}",0,0
2022-06-07 09:30:00,2,1,1,straddle_component,628471,SPXW_4085_PE_20220607,50,20.75,trade,"{'detailed': True, 'instrument_type': 'option', 'underlying': 'SPXW', 'strike': 4085, 'expiry': '2022-06-07', 'dividend_rate': 0.015, 'opt_type': 'PE', 'timestamp': '2022-06-07 09:30:00', 'underlying_spot': 4085.25, 'id': 628471, 'bid': 20.25, 'ask': 20.75, 'mid': 20.5, 'delta': -0.4942182722368571, 'theta': -18.65498463966214, 'gamma': 0.0076963635464721, 'vega': 0.5510751323455967, 'sigma': 0.3751735858818678, 'moneyness': 0.01}",0,0
2022-10-04 09:30:00,1,1,1,straddle_component,253726,SPXW_3750_CE_20221004,50,17.5,trade,"{'detailed': True, 'instrument_type': 'option', 'underlying': 'SPXW', 'strike': 3750, 'expiry': '2022-10-04', 'dividend_rate': 0.015, 'opt_type': 'CE', 'timestamp': '2022-10-04 09:30:00', 'underlying_spot': 3748.5, 'id': 253726, 'bid': 17.0, 'ask': 17.5, 'mid': 17.25, 'delta': 0.4904935538686317, 'theta': -16.2473556397628, 'gamma': 0.0088683459154026, 'vega': 0.5055589851829083, 'sigma': 0.3547798670020299, 'moneyness': 0.04}",0,0
2022-10-04 09:30:00,2,1,1,straddle_component,624397,SPXW_3750_PE_20221004,50,18.25,trade,"{'detailed': True, 'instrument_type': 'option', 'underlying': 'SPXW', 'strike': 3750, 'expiry': '2022-10-04', 'dividend_rate': 0.015, 'opt_type': 'PE', 'timestamp': '2022-10-04 09:30:00', 'underlying_spot': 3748.5, 'id': 624397, 'bid': 17.75, 'ask': 18.25, 'mid': 18.0, 'delta': -0.5100456747422655, 'theta': -15.49187661020071, 'gamma': 0.0092047632804792, 'vega': 0.5055422048724676, 'sigma': 0.3418019800551574, 'moneyness': -0.04}",0,0
2022-12-27 09:30:00,1,1,1,straddle_component,299414,SPXW_3870_CE_20221227,50,14.0,trade,"{'detailed': True, 'instrument_type': 'option', 'underlying': 'SPXW', 'strike': 3870, 'expiry': '2022-12-27', 'dividend_rate': 0.015, 'opt_type': 'CE', 'timestamp': '2022-12-27 09:30:00', 'underlying_spot': 3868.5, 'id': 299414, 'bid': 13.5, 'ask': 14.0, 'mid': 13.75, 'delta': 0.4871363864548783, 'theta': -13.050935290404382, 'gamma': 0.0110173303369265, 'vega': 0.521619917537615, 'sigma': 0.2766544089260787, 'moneyness': 0.04}",0,0
2022-12-27 09:30:00,2,1,1,straddle_component,141823,SPXW_3870_PE_20221227,50,14.5,trade,"{'detailed': True, 'instrument_type': 'option', 'underlying': 'SPXW', 'strike': 3870, 'expiry': '2022-12-27', 'dividend_rate': 0.015, 'opt_type': 'PE', 'timestamp': '2022-12-27 09:30:00', 'underlying_spot': 3868.5, 'id': 141823, 'bid': 14.0, 'ask': 14.5, 'mid': 14.25, 'delta': -0.5139633640619756, 'theta': -12.062062110956552, 'gamma': 0.0117518096764968, 'vega': 0.5215713989451469, 'sigma': 0.2593396545503039, 'moneyness': -0.04}",0,0
2022-11-15 09:30:00,1,1,1,straddle_component,297302,SPXW_4030_CE_20221115,50,15.75,trade,"{'detailed': True, 'instrument_type': 'option', 'underlying': 'SPXW', 'strike': 4030, 'expiry': '2022-11-15', 'dividend_rate': 0.015, 'opt_type': 'CE', 'timestamp': '2022-11-15 09:30:00', 'underlying_spot': 4028.25, 'id': 297302, 'bid': 15.0, 'ask': 15.75, 'mid': 15.38, 'delta': 0.4864762023326641, 'theta': -14.611234297615722, 'gamma': 0.0098289352301605, 'vega': 0.5431305239564272, 'sigma': 0.2977898589927589, 'moneyness': 0.04}",0,0
2022-11-15 09:30:00,2,1,1,straddle_component,376753,SPXW_4030_PE_20221115,50,19.0,trade,"{'detailed': True, 'instrument_type': 'option', 'underlying': 'SPXW', 'strike': 4030, 'expiry': '2022-11-15', 'dividend_rate': 0.015, 'opt_type': 'PE', 'timestamp': '2022-11-15 09:30:00', 'underlying_spot': 4028.25, 'id': 376753, 'bid': 18.5, 'ask': 19.0, 'mid': 18.75, 'delta': -0.5118123727472224, 'theta': -16.02199357294528, 'gamma': 0.0088824141997179, 'vega': 0.5432047205504382, 'sigma': 0.329567646714599, 'moneyness': -0.04}",0,0
2022-09-06 09:30:00,1,1,1,straddle_component,798428,SPXW_3940_CE_20220906,50,14.0,trade,"{'detailed': True, 'instrument_type': 'option', 'underlying': 'SPXW', 'strike': 3940, 'expiry': '2022-09-06', 'dividend_rate': 0.015, 'opt_type': 'CE', 'timestamp': '2022-09-06 09:30:00', 'underlying_spot': 3942.5, 'id': 798428, 'bid': 13.5, 'ask': 14.0, 'mid': 13.75, 'delta': 0.535726966689154, 'theta': -10.970652449372052, 'gamma': 0.0127714885778118, 'vega': 0.5297370961350163, 'sigma': 0.2333581985821871, 'moneyness': -0.06}",0,0
2022-09-06 09:30:00,2,1,1,straddle_component,164638,SPXW_3940_PE_20220906,50,20.25,trade,"{'detailed': True, 'instrument_type': 'option', 'underlying': 'SPXW', 'strike': 3940, 'expiry': '2022-09-06', 'dividend_rate': 0.015, 'opt_type': 'PE', 'timestamp': '2022-09-06 09:30:00', 'underlying_spot': 3942.5, 'id': 164638, 'bid': 19.75, 'ask': 20.25, 'mid': 20.0, 'delta': -0.4773667783377178, 'theta': -18.983784167312287, 'gamma': 0.0074664888316533, 'vega': 0.5310183026915531, 'sigma': 0.4001241675525975, 'moneyness': 0.06}",0,0
2022-10-25 09:30:00,1,1,1,straddle_component,772832,SPXW_3815_CE_20221025,50,15.25,trade,"{'detailed': True, 'instrument_type': 'option', 'underlying': 'SPXW', 'strike': 3815, 'expiry': '2022-10-25', 'dividend_rate': 0.015, 'opt_type': 'CE', 'timestamp': '2022-10-25 09:30:00', 'underlying_spot': 3814.25, 'id': 772832, 'bid': 14.75, 'ask': 15.25, 'mid': 15.0, 'delta': 0.4958917594944267, 'theta': -13.942577767550755, 'gamma': 0.010385434556781, 'vega': 0.5145455970388939, 'sigma': 0.297800593279676, 'moneyness': 0.02}",0,0
2022-10-25 09:30:00,2,1,1,straddle_component,531319,SPXW_3815_PE_20221025,50,22.0,trade,"{'detailed': True, 'instrument_type': 'option', 'underlying': 'SPXW', 'strike': 3815, 'expiry': '2022-10-25', 'dividend_rate': 0.015, 'opt_type': 'PE', 'timestamp': '2022-10-25 09:30:00', 'underlying_spot': 3814.25, 'id': 531319, 'bid': 21.5, 'ask': 22.0, 'mid': 21.75, 'delta': -0.5015683539918214, 'theta': -19.317416139667376, 'gamma': 0.0074301851427094, 'vega': 0.5145689553532939, 'sigma': 0.4162654012298176, 'moneyness': -0.02}",0,0
2022-06-28 09:30:00,1,1,1,straddle_component,237669,SPXW_3925_CE_20220628,50,15.5,trade,"{'detailed': True, 'instrument_type': 'option', 'underlying': 'SPXW', 'strike': 3925, 'expiry': '2022-06-28', 'dividend_rate': 0.015, 'opt_type': 'CE', 'timestamp': '2022-06-28 09:30:00', 'underlying_spot': 3926.75, 'id': 237669, 'bid': 14.75, 'ask': 15.5, 'mid': 15.12, 'delta': 0.5232908865962393, 'theta': -12.778357043390155, 'gamma': 0.0112005557006966, 'vega': 0.5288459719218803, 'sigma': 0.267774071959629, 'moneyness': -0.04}",0,0
2022-06-28 09:30:00,2,1,1,straddle_component,624493,SPXW_3925_PE_20220628,50,20.25,trade,"{'detailed': True, 'instrument_type': 'option', 'underlying': 'SPXW', 'strike': 3925, 'expiry': '2022-06-28', 'dividend_rate': 0.015, 'opt_type': 'PE', 'timestamp': '2022-06-28 09:30:00', 'underlying_spot': 3926.75, 'id': 624493, 'bid': 19.75, 'ask': 20.25, 'mid': 20.0, 'delta': -0.4827624461366753, 'theta': -18.76413516036729, 'gamma': 0.0076019365025103, 'vega': 0.529255292400066, 'sigma': 0.3948384380060051, 'moneyness': 0.04}",0,0
2022-08-09 09:30:00,1,1,1,straddle_component,298593,SPXW_4135_CE_20220809,50,13.25,trade,"{'detailed': True, 'instrument_type': 'option', 'underlying': 'SPXW', 'strike': 4135, 'expiry': '2022-08-09', 'dividend_rate': 0.015, 'opt_type': 'CE', 'timestamp': '2022-08-09 09:30:00', 'underlying_spot': 4135.0, 'id': 298593, 'bid': 12.75, 'ask': 13.25, 'mid': 13.0, 'delta': 0.5037103203850535, 'theta': -11.82407262699225, 'gamma': 0.0122907777111436, 'vega': 0.5578205586877187, 'sigma': 0.2321179188412382, 'moneyness': 0.0}",0,0
2022-08-09 09:30:00,2,1,1,straddle_component,281196,SPXW_4135_PE_20220809,50,15.25,trade,"{'detailed': True, 'instrument_type': 'option', 'underlying': 'SPXW', 'strike': 4135, 'expiry': '2022-08-09', 'dividend_rate': 0.015, 'opt_type': 'PE', 'timestamp': '2022-08-09 09:30:00', 'underlying_spot': 4135.0, 'id': 281196, 'bid': 14.75, 'ask': 15.25, 'mid': 15.0, 'delta': -0.4963350351088635, 'theta': -13.55795334822689, 'gamma': 0.0105730742916421, 'vega': 0.5578211517153902, 'sigma': 0.2698281182459296, 'moneyness': 0.0}",0,0
2022-11-22 09:30:00,1,1,1,straddle_component,211836,SPXW_3975_CE_20221122,50,14.75,trade,"{'detailed': True, 'instrument_type': 'option', 'underlying': 'SPXW', 'strike': 3975, 'expiry': '2022-11-22', 'dividend_rate': 0.015, 'opt_type': 'CE', 'timestamp': '2022-11-22 09:30:00', 'underlying_spot': 3976.75, 'id': 211836, 'bid': 14.25, 'ask': 14.75, 'mid': 14.5, 'delta': 0.5242061927256181, 'theta': -12.204526702187083, 'gamma': 0.0117166944413327, 'vega': 0.5355062925569429, 'sigma': 0.2527251774334614, 'moneyness': -0.04}",0,0
2022-11-22 09:30:00,2,1,1,straddle_component,500488,SPXW_3975_PE_20221122,50,12.25,trade,"{'detailed': True, 'instrument_type': 'option', 'underlying': 'SPXW', 'strike': 3975, 'expiry': '2022-11-22', 'dividend_rate': 0.015, 'opt_type': 'PE', 'timestamp': '2022-11-22 09:30:00', 'underlying_spot': 3976.75, 'id': 500488, 'bid': 11.75, 'ask': 12.25, 'mid': 12.0, 'delta': -0.4747409294267868, 'theta': -11.439789699112527, 'gamma': 0.0123062467949353, 'vega': 0.5354181656995713, 'sigma': 0.2405784674175844, 'moneyness': 0.04}",0,0
2022-12-20 09:30:00,1,1,1,straddle_component,693879,SPXW_3835_CE_20221220,50,15.5,trade,"{'detailed': True, 'instrument_type': 'option', 'underlying': 'SPXW', 'strike': 3835, 'expiry': '2022-12-20', 'dividend_rate': 0.015, 'opt_type': 'CE', 'timestamp': '2022-12-20 09:30:00', 'underlying_spot': 3834.75, 'id': 693879, 'bid': 15.0, 'ask': 15.5, 'mid': 15.25, 'delta': 0.5010827856666289, 'theta': -13.97049139347129, 'gamma': 0.0103840061349558, 'vega': 0.5173366571246731, 'sigma': 0.2962639000405704, 'moneyness': 0.01}",0,0
2022-12-20 09:30:00,2,1,1,straddle_component,361044,SPXW_3835_PE_20221220,50,14.0,trade,"{'detailed': True, 'instrument_type': 'option', 'underlying': 'SPXW', 'strike': 3835, 'expiry': '2022-12-20', 'dividend_rate': 0.015, 'opt_type': 'PE', 'timestamp': '2022-12-20 09:30:00', 'underlying_spot': 3834.75, 'id': 361044, 'bid': 13.5, 'ask': 14.0, 'mid': 13.75, 'delta': -0.4992436331902716, 'theta': -12.310364086320554, 'gamma': 0.0116401622740625, 'vega': 0.5173376319281138, 'sigma': 0.2642928759003504, 'moneyness': -0.01}",0,0
2022-05-03 09:30:00,1,1,1,straddle_component,461191,SPXW_4150_CE_20220503,50,25.75,trade,"{'detailed': True, 'instrument_type': 'option', 'underlying': 'SPXW', 'strike': 4150, 'expiry': '2022-05-03', 'dividend_rate': 0.015, 'opt_type': 'CE', 'timestamp': '2022-05-03 09:30:00', 'underlying_spot': 4149.5, 'id': 461191, 'bid': 24.25, 'ask': 25.75, 'mid': 25.0, 'delta': 0.5009841119882452, 'theta': -22.9200999535288, 'gamma': 0.0063164029739937, 'vega': 0.5597991594245055, 'sigma': 0.4501066432396184, 'moneyness': 0.01}",0,0
2022-05-03 09:30:00,2,1,1,straddle_component,625158,SPXW_4150_PE_20220503,50,20.25,trade,"{'detailed': True, 'instrument_type': 'option', 'underlying': 'SPXW', 'strike': 4150, 'expiry': '2022-05-03', 'dividend_rate': 0.015, 'opt_type': 'PE', 'timestamp': '2022-05-03 09:30:00', 'underlying_spot': 4149.5, 'id': 625158, 'bid': 18.25, 'ask': 20.25, 'mid': 19.25, 'delta': -0.5004185062949418, 'theta': -17.172430700572267, 'gamma': 0.0083542189699414, 'vega': 0.5598005470879226, 'sigma': 0.3403145140553674, 'moneyness': -0.01}",0,0
2022-10-11 09:30:00,1,1,1,straddle_component,641578,SPXW_3605_CE_20221011,50,18.0,trade,"{'detailed': True, 'instrument_type': 'option', 'underlying': 'SPXW', 'strike': 3605, 'expiry': '2022-10-11', 'dividend_rate': 0.015, 'opt_type': 'CE', 'timestamp': '2022-10-11 09:30:00', 'underlying_spot': 3604.75, 'id': 641578, 'bid': 17.5, 'ask': 18.0, 'mid': 17.75, 'delta': 0.5015993628953552, 'theta': -16.235009026274867, 'gamma': 0.0089262885794028, 'vega': 0.486305808620644, 'sigma': 0.366634025160946, 'moneyness': 0.01}",0,0
2022-10-11 09:30:00,2,1,1,straddle_component,364091,SPXW_3605_PE_20221011,50,18.5,trade,"{'detailed': True, 'instrument_type': 'option', 'underlying': 'SPXW', 'strike': 3605, 'expiry': '2022-10-11', 'dividend_rate': 0.015, 'opt_type': 'PE', 'timestamp': '2022-10-11 09:30:00', 'underlying_spot': 3604.75, 'id': 364091, 'bid': 18.0, 'ask': 18.5, 'mid': 18.25, 'delta': -0.4983370739592985, 'theta': -16.392743263859852, 'gamma': 0.0087591101660677, 'vega': 0.486305491878932, 'sigma': 0.3736314478938208, 'moneyness': -0.01}",0,0
2022-08-02 09:30:00,1,1,1,straddle_component,781314,SPXW_4100_CE_20220802,50,19.0,trade,"{'detailed': True, 'instrument_type': 'option', 'underlying': 'SPXW', 'strike': 4100, 'expiry': '2022-08-02', 'dividend_rate': 0.015, 'opt_type': 'CE', 'timestamp': '2022-08-02 09:30:00', 'underlying_spot': 4101.75, 'id': 781314, 'bid': 18.5, 'ask': 19.0, 'mid': 18.75, 'delta': 0.5193496173228951, 'theta': -16.100914656225342, 'gamma': 0.00892437316935, 'vega': 0.5527075041023366, 'sigma': 0.3219023783403185, 'moneyness': -0.04}",0,0
2022-08-02 09:30:00,2,1,1,straddle_component,287509,SPXW_4100_PE_20220802,50,15.0,trade,"{'detailed': True, 'instrument_type': 'option', 'underlying': 'SPXW', 'strike': 4100, 'expiry': '2022-08-02', 'dividend_rate': 0.015, 'opt_type': 'PE', 'timestamp': '2022-08-02 09:30:00', 'underlying_spot': 4101.75, 'id': 287509, 'bid': 14.75, 'ask': 15.0, 'mid': 14.88, 'delta': -0.4786956258376662, 'theta': -14.078619782201216, 'gamma': 0.0100664276203588, 'vega': 0.5525689864805337, 'sigma': 0.2853106100308473, 'moneyness': 0.04}",0,0
2022-11-30 09:30:00,1,1,1,straddle_component,336360,SPXW_3965_CE_20221130,50,21.5,trade,"{'detailed': True, 'instrument_type': 'option', 'underlying': 'SPXW', 'strike': 3965, 'expiry': '2022-11-30', 'dividend_rate': 0.015, 'opt_type': 'CE', 'timestamp': '2022-11-30 09:30:00', 'underlying_spot': 3966.75, 'id': 336360, 'bid': 21.0, 'ask': 21.5, 'mid': 21.25, 'delta': 0.5175781244002309, 'theta': -18.38287927919129, 'gamma': 0.007825904262404, 'vega': 0.5346265983857297, 'sigma': 0.3796567446871008, 'moneyness': -0.04}",0,0
2022-11-30 09:30:00,2,1,1,straddle_component,665893,SPXW_3965_PE_20221130,50,23.75,trade,"{'detailed': True, 'instrument_type': 'option', 'underlying': 'SPXW', 'strike': 3965, 'expiry': '2022-11-30', 'dividend_rate': 0.015, 'opt_type': 'PE', 'timestamp': '2022-11-30 09:30:00', 'underlying_spot': 3966.75, 'id': 665893, 'bid': 23.5, 'ask': 23.75, 'mid': 23.62, 'delta': -0.4844748206995319, 'theta': -22.06742293027084, 'gamma': 0.0064793175624799, 'vega': 0.5347410247839282, 'sigma': 0.4586582462728664, 'moneyness': 0.04}",0,0
2022-07-13 09:30:00,1,1,1,straddle_component,372050,SPXW_3775_CE_20220713,50,17.0,trade,"{'detailed': True, 'instrument_type': 'option', 'underlying': 'SPXW', 'strike': 3775, 'expiry': '2022-07-13', 'dividend_rate': 0.015, 'opt_type': 'CE', 'timestamp': '2022-07-13 09:30:00', 'underlying_spot': 3775.25, 'id': 372050, 'bid': 16.25, 'ask': 17.0, 'mid': 16.62, 'delta': 0.5061381960196343, 'theta': -14.990247039951566, 'gamma': 0.0096720022213503, 'vega': 0.5092512254315622, 'sigma': 0.3230493097825748, 'moneyness': -0.01}",0,0
2022-07-13 09:30:00,2,1,1,straddle_component,376619,SPXW_3775_PE_20220713,50,26.75,trade,"{'detailed': True, 'instrument_type': 'option', 'underlying': 'SPXW', 'strike': 3775, 'expiry': '2022-07-13', 'dividend_rate': 0.015, 'opt_type': 'PE', 'timestamp': '2022-07-13 09:30:00', 'underlying_spot': 3775.25, 'id': 376619, 'bid': 25.75, 'ask': 26.75, 'mid': 26.25, 'delta': -0.4940352509571255, 'theta': -23.87075855632417, 'gamma': 0.0060224687103982, 'vega': 0.5092546048562951, 'sigma': 0.5188161843616125, 'moneyness': 0.01}",0,0
2022-12-14 09:30:00,1,1,1,straddle_component,507838,SPXW_4055_CE_20221214,50,17.5,trade,"{'detailed': True, 'instrument_type': 'option', 'underlying': 'SPXW', 'strike': 4055, 'expiry': '2022-12-14', 'dividend_rate': 0.015, 'opt_type': 'CE', 'timestamp': '2022-12-14 09:30:00', 'underlying_spot': 4056.5, 'id': 507838, 'bid': 17.0, 'ask': 17.5, 'mid': 17.25, 'delta': 0.5182009296861523, 'theta': -14.882914332110948, 'gamma': 0.009670633396297, 'vega': 0.5466842795277778, 'sigma': 0.3004164000119947, 'moneyness': -0.04}",0,0
2022-12-14 09:30:00,2,1,1,straddle_component,363679,SPXW_4055_PE_20221214,50,54.5,trade,"{'detailed': True, 'instrument_type': 'option', 'underlying': 'SPXW', 'strike': 4055, 'expiry': '2022-12-14', 'dividend_rate': 0.015, 'opt_type': 'PE', 'timestamp': '2022-12-14 09:30:00', 'underlying_spot': 4056.5, 'id': 363679, 'bid': 53.5, 'ask': 54.5, 'mid': 54.0, 'delta': -0.4883922809284513, 'theta': -49.5571566031805, 'gamma': 0.0029024529624166, 'vega': 0.5470227488977812, 'sigma': 1.00157102220024, 'moneyness': 0.04}",0,0
2022-12-28 09:30:00,1,1,1,straddle_component,751462,SPXW_3855_CE_20221228,50,12.75,trade,"{'detailed': True, 'instrument_type': 'option', 'underlying': 'SPXW', 'strike': 3855, 'expiry': '2022-12-28', 'dividend_rate': 0.015, 'opt_type': 'CE', 'timestamp': '2022-12-28 09:30:00', 'underlying_spot': 3852.75, 'id': 751462, 'bid': 12.25, 'ask': 12.75, 'mid': 12.5, 'delta': 0.4772523527369898, 'theta': -12.083795911511627, 'gamma': 0.0117301347302145, 'vega': 0.5189202855315589, 'sigma': 0.2606163490338856, 'moneyness': 0.06}",0,0
2022-12-28 09:30:00,2,1,1,straddle_component,165010,SPXW_3855_PE_20221228,50,13.5,trade,"{'detailed': True, 'instrument_type': 'option', 'underlying': 'SPXW', 'strike': 3855, 'expiry': '2022-12-28', 'dividend_rate': 0.015, 'opt_type': 'PE', 'timestamp': '2022-12-28 09:30:00', 'underlying_spot': 3852.75, 'id': 165010, 'bid': 13.0, 'ask': 13.5, 'mid': 13.25, 'delta': -0.5257645953636647, 'theta': -10.618395697747028, 'gamma': 0.0130828691347062, 'vega': 0.5186803554665289, 'sigma': 0.2335616215066916, 'moneyness': -0.06}",0,0
2022-08-03 09:30:00,1,1,1,straddle_component,492311,SPXW_4120_CE_20220803,50,13.25,trade,"{'detailed': True, 'instrument_type': 'option', 'underlying': 'SPXW', 'strike': 4120, 'expiry': '2022-08-03', 'dividend_rate': 0.015, 'opt_type': 'CE', 'timestamp': '2022-08-03 09:30:00', 'underlying_spot': 4117.75, 'id': 492311, 'bid': 12.75, 'ask': 13.25, 'mid': 13.0, 'delta': 0.4781937617088339, 'theta': -12.549447848271647, 'gamma': 0.0113157259384877, 'vega': 0.5546859521023926, 'sigma': 0.2528077736857955, 'moneyness': 0.05}",0,0
2022-08-03 09:30:00,2,1,1,straddle_component,351599,SPXW_4120_PE_20220803,50,17.75,trade,"{'detailed': True, 'instrument_type': 'option', 'underlying': 'SPXW', 'strike': 4120, 'expiry': '2022-08-03', 'dividend_rate': 0.015, 'opt_type': 'PE', 'timestamp': '2022-08-03 09:30:00', 'underlying_spot': 4117.75, 'id': 351599, 'bid': 17.25, 'ask': 17.75, 'mid': 17.5, 'delta': -0.5181449974820396, 'theta': -14.550043349502811, 'gamma': 0.0096943323057985, 'vega': 0.5549420309534572, 'sigma': 0.2952261570926937, 'moneyness': -0.05}",0,0
2022-06-08 09:30:00,1,1,1,straddle_component,130221,SPXW_4135_CE_20220608,50,21.0,trade,"{'detailed': True, 'instrument_type': 'option', 'underlying': 'SPXW', 'strike': 4135, 'expiry': '2022-06-08', 'dividend_rate': 0.015, 'opt_type': 'CE', 'timestamp': '2022-06-08 09:30:00', 'underlying_spot': 4136.25, 'id': 130221, 'bid': 20.5, 'ask': 21.0, 'mid': 20.75, 'delta': 0.513721596098371, 'theta': -18.218134092768217, 'gamma': 0.0079254157370201, 'vega': 0.557683061169552, 'sigma': 0.3596638240116057, 'moneyness': -0.03}",0,0
2022-06-08 09:30:00,2,1,1,straddle_component,524382,SPXW_4135_PE_20220608,50,15.0,trade,"{'detailed': True, 'instrument_type': 'option', 'underlying': 'SPXW', 'strike': 4135, 'expiry': '2022-06-08', 'dividend_rate': 0.015, 'opt_type': 'PE', 'timestamp': '2022-06-08 09:30:00', 'underlying_spot': 4136.25, 'id': 524382, 'bid': 14.5, 'ask': 15.0, 'mid': 14.75, 'delta': -0.4834358094255364, 'theta': -13.81407163388266, 'gamma': 0.0103123356609557, 'vega': 0.5575317806641298, 'sigma': 0.2763402444422499, 'moneyness': 0.03}",0,0
2022-03-02 09:30:00,1,1,1,straddle_component,595924,SPXW_4330_CE_20220302,50,23.5,trade,"{'detailed': True, 'instrument_type': 'option', 'underlying': 'SPXW', 'strike': 4330, 'expiry': '2022-03-02', 'dividend_rate': 0.015, 'opt_type': 'CE', 'timestamp': '2022-03-02 09:30:00', 'underlying_spot': 4329.0, 'id': 595924, 'bid': 22.75, 'ask': 23.5, 'mid': 23.12, 'delta': 0.4972028659929961, 'theta': -21.42120369250946, 'gamma': 0.0067533457226431, 'vega': 0.5840024681596834, 'sigma': 0.4035200279508354, 'moneyness': 0.02}",0,0
2022-03-02 09:30:00,2,1,1,straddle_component,596569,SPXW_4330_PE_20220302,50,26.25,trade,"{'detailed': True, 'instrument_type': 'option', 'underlying': 'SPXW', 'strike': 4330, 'expiry': '2022-03-02', 'dividend_rate': 0.015, 'opt_type': 'PE', 'timestamp': '2022-03-02 09:30:00', 'underlying_spot': 4329.0, 'id': 596569, 'bid': 25.75, 'ask': 26.25, 'mid': 26.0, 'delta': -0.5021395785901106, 'theta': -23.04086061783533, 'gamma': 0.0062291174529605, 'vega': 0.5840084335591023, 'sigma': 0.4374838027989912, 'moneyness': -0.02}",0,0
2022-08-17 09:30:00,1,1,1,straddle_component,560385,SPXW_4275_CE_20220817,50,11.5,trade,"{'detailed': True, 'instrument_type': 'option', 'underlying': 'SPXW', 'strike': 4275, 'expiry': '2022-08-17', 'dividend_rate': 0.015, 'opt_type': 'CE', 'timestamp': '2022-08-17 09:30:00', 'underlying_spot': 4273.0, 'id': 560385, 'bid': 11.0, 'ask': 11.5, 'mid': 11.25, 'delta': 0.4776457949166257, 'theta': -10.877509205565364, 'gamma': 0.0130564907507846, 'vega': 0.5755544925026452, 'sigma': 0.2111253885329231, 'moneyness': 0.05}",0,0
2022-08-17 09:30:00,2,1,1,straddle_component,372683,SPXW_4275_PE_20220817,50,17.5,trade,"{'detailed': True, 'instrument_type': 'option', 'underlying': 'SPXW', 'strike': 4275, 'expiry': '2022-08-17', 'dividend_rate': 0.015, 'opt_type': 'PE', 'timestamp': '2022-08-17 09:30:00', 'underlying_spot': 4273.0, 'id': 372683, 'bid': 16.75, 'ask': 17.5, 'mid': 17.12, 'delta': -0.5160245950218467, 'theta': -14.371091426563462, 'gamma': 0.0098421725880371, 'vega': 0.5759961605693125, 'sigma': 0.2802902038163321, 'moneyness': -0.05}",0,0
2022-05-04 09:30:00,1,1,1,straddle_component,554115,SPXW_4175_CE_20220504,50,33.5,trade,"{'detailed': True, 'instrument_type': 'option', 'underlying': 'SPXW', 'strike': 4175, 'expiry': '2022-05-04', 'dividend_rate': 0.015, 'opt_type': 'CE', 'timestamp': '2022-05-04 09:30:00', 'underlying_spot': 4174.75, 'id': 554115, 'bid': 33.0, 'ask': 33.5, 'mid': 33.25, 'delta': 0.5036383713282078, 'theta': -30.29245846811485, 'gamma': 0.0047759013455106, 'vega': 0.563183871373294, 'sigma': 0.5916687727466446, 'moneyness': 0.01}",0,0
2022-05-04 09:30:00,2,1,1,straddle_component,671232,SPXW_4175_PE_20220504,50,31.75,trade,"{'detailed': True, 'instrument_type': 'option', 'underlying': 'SPXW', 'strike': 4175, 'expiry': '2022-05-04', 'dividend_rate': 0.015, 'opt_type': 'PE', 'timestamp': '2022-05-04 09:30:00', 'underlying_spot': 4174.75, 'id': 671232, 'bid': 31.25, 'ask': 31.75, 'mid': 31.5, 'delta': -0.4966099106358257, 'theta': -28.399537814295257, 'gamma': 0.0050639741999702, 'vega': 0.5631869590147236, 'sigma': 0.5580127243136361, 'moneyness': -0.01}",0,0
2022-03-09 09:30:00,1,1,1,straddle_component,479576,SPXW_4250_CE_20220309,50,27.25,trade,"{'detailed': True, 'instrument_type': 'option', 'underlying': 'SPXW', 'strike': 4250, 'expiry': '2022-03-09', 'dividend_rate': 0.015, 'opt_type': 'CE', 'timestamp': '2022-03-09 09:30:00', 'underlying_spot': 4250.5, 'id': 479576, 'bid': 26.0, 'ask': 27.25, 'mid': 26.62, 'delta': 0.5072037934109375, 'theta': -23.94162689172843, 'gamma': 0.0060451881012113, 'vega': 0.5733330734900388, 'sigma': 0.4590521365352275, 'moneyness': -0.01}",0,0
2022-03-09 09:30:00,2,1,1,straddle_component,338761,SPXW_4250_PE_20220309,50,22.25,trade,"{'detailed': True, 'instrument_type': 'option', 'underlying': 'SPXW', 'strike': 4250, 'expiry': '2022-03-09', 'dividend_rate': 0.015, 'opt_type': 'PE', 'timestamp': '2022-03-09 09:30:00', 'underlying_spot': 4250.5, 'id': 338761, 'bid': 21.5, 'ask': 22.25, 'mid': 21.88, 'delta': -0.4925162137203287, 'theta': -20.006305651641057, 'gamma': 0.0071746673668826, 'vega': 0.5733256504563577, 'sigma': 0.3867803486140986, 'moneyness': 0.01}",0,0
2022-05-18 09:30:00,1,1,1,straddle_component,581118,SPXW_4035_CE_20220518,50,23.5,trade,"{'detailed': True, 'instrument_type': 'option', 'underlying': 'SPXW', 'strike': 4035, 'expiry': '2022-05-18', 'dividend_rate': 0.015, 'opt_type': 'CE', 'timestamp': '2022-05-18 09:30:00', 'underlying_spot': 4036.75, 'id': 581118, 'bid': 23.0, 'ask': 23.5, 'mid': 23.25, 'delta': 0.5164568034345507, 'theta': -20.20751728703536, 'gamma': 0.0071251843536401, 'vega': 0.5441263778908905, 'sigma': 0.4098119871877958, 'moneyness': -0.04}",0,0
2022-05-18 09:30:00,2,1,1,straddle_component,523992,SPXW_4035_PE_20220518,50,20.25,trade,"{'detailed': True, 'instrument_type': 'option', 'underlying': 'SPXW', 'strike': 4035, 'expiry': '2022-05-18', 'dividend_rate': 0.015, 'opt_type': 'PE', 'timestamp': '2022-05-18 09:30:00', 'underlying_spot': 4036.75, 'id': 523992, 'bid': 19.75, 'ask': 20.25, 'mid': 20.0, 'delta': -0.4828004404496155, 'theta': -18.76311849566212, 'gamma': 0.0076015259153905, 'vega': 0.5440835393166079, 'sigma': 0.3841013465449024, 'moneyness': 0.04}",0,0
2022-10-05 09:30:00,1,1,1,straddle_component,290301,SPXW_3765_CE_20221005,50,16.75,trade,"{'detailed': True, 'instrument_type': 'option', 'underlying': 'SPXW', 'strike': 3765, 'expiry': '2022-10-05', 'dividend_rate': 0.015, 'opt_type': 'CE', 'timestamp': '2022-10-05 09:30:00', 'underlying_spot': 3762.75, 'id': 290301, 'bid': 16.25, 'ask': 16.75, 'mid': 16.5, 'delta': 0.4833810030225649, 'theta': -15.77449101356764, 'gamma': 0.0090596765645045, 'vega': 0.5071841872975806, 'sigma': 0.3457699304252015, 'moneyness': 0.06}",0,0
2022-10-05 09:30:00,2,1,1,straddle_component,372015,SPXW_3765_PE_20221005,50,22.75,trade,"{'detailed': True, 'instrument_type': 'option', 'underlying': 'SPXW', 'strike': 3765, 'expiry': '2022-10-05', 'dividend_rate': 0.015, 'opt_type': 'PE', 'timestamp': '2022-10-05 09:30:00', 'underlying_spot': 3762.75, 'id': 372015, 'bid': 22.25, 'ask': 22.75, 'mid': 22.5, 'delta': -0.5127025151825393, 'theta': -19.143163492309267, 'gamma': 0.0074336168864874, 'vega': 0.5073676281295416, 'sigma': 0.4215572563544547, 'moneyness': -0.06}",0,0
2022-08-24 09:30:00,1,1,1,straddle_component,763302,SPXW_4130_CE_20220824,50,12.5,trade,"{'detailed': True, 'instrument_type': 'option', 'underlying': 'SPXW', 'strike': 4130, 'expiry': '2022-08-24', 'dividend_rate': 0.015, 'opt_type': 'CE', 'timestamp': '2022-08-24 09:30:00', 'underlying_spot': 4129.25, 'id': 763302, 'bid': 12.25, 'ask': 12.5, 'mid': 12.38, 'delta': 0.4943200169311268, 'theta': -11.55961827709781, 'gamma': 0.0125356343261273, 'vega': 0.5570123403572094, 'sigma': 0.2278876629847065, 'moneyness': 0.02}",0,0
2022-08-24 09:30:00,2,1,1,straddle_component,363764,SPXW_4130_PE_20220824,50,14.25,trade,"{'detailed': True, 'instrument_type': 'option', 'underlying': 'SPXW', 'strike': 4130, 'expiry': '2022-08-24', 'dividend_rate': 0.015, 'opt_type': 'PE', 'timestamp': '2022-08-24 09:30:00', 'underlying_spot': 4129.25, 'id': 363764, 'bid': 13.75, 'ask': 14.25, 'mid': 14.0, 'delta': -0.5050450191000699, 'theta': -12.276490221657983, 'gamma': 0.0116387407267382, 'vega': 0.5570243039889569, 'sigma': 0.2454541779418734, 'moneyness': -0.02}",0,0
2022-01-12 09:30:00,1,1,1,straddle_component,687237,SPXW_4725_CE_20220112,50,12.0,trade,"{'detailed': True, 'instrument_type': 'option', 'underlying': 'SPXW', 'strike': 4725, 'expiry': '2022-01-12', 'dividend_rate': 0.015, 'opt_type': 'CE', 'timestamp': '2022-01-12 09:30:00', 'underlying_spot': 4723.0, 'id': 687237, 'bid': 11.5, 'ask': 12.0, 'mid': 11.75, 'delta': 0.4787300810829009, 'theta': -11.344623349124436, 'gamma': 0.0125473610879112, 'vega': 0.6362622123137731, 'sigma': 0.1987898210379059, 'moneyness': 0.04}",0,0
2022-01-12 09:30:00,2,1,1,straddle_component,724479,SPXW_4725_PE_20220112,50,13.5,trade,"{'detailed': True, 'instrument_type': 'option', 'underlying': 'SPXW', 'strike': 4725, 'expiry': '2022-01-12', 'dividend_rate': 0.015, 'opt_type': 'PE', 'timestamp': '2022-01-12 09:30:00', 'underlying_spot': 4723.0, 'id': 724479, 'bid': 13.0, 'ask': 13.5, 'mid': 13.25, 'delta': -0.5220132212761186, 'theta': -10.79360168242044, 'gamma': 0.0129365064438502, 'vega': 0.6361974420901007, 'sigma': 0.1927904643731439, 'moneyness': -0.04}",0,0
2022-11-16 09:30:00,1,1,1,straddle_component,756353,SPXW_3985_CE_20221116,50,16.0,trade,"{'detailed': True, 'instrument_type': 'option', 'underlying': 'SPXW', 'strike': 3985, 'expiry': '2022-11-16', 'dividend_rate': 0.015, 'opt_type': 'CE', 'timestamp': '2022-11-16 09:30:00', 'underlying_spot': 3985.75, 'id': 756353, 'bid': 15.5, 'ask': 16.0, 'mid': 15.75, 'delta': 0.5114581273810259, 'theta': -13.945163137063115, 'gamma': 0.0103821774644075, 'vega': 0.5374876906243786, 'sigma': 0.2849737317577102, 'moneyness': -0.02}",0,0
2022-11-16 09:30:00,2,1,1,straddle_component,653783,SPXW_3985_PE_20221116,50,18.5,trade,"{'detailed': True, 'instrument_type': 'option', 'underlying': 'SPXW', 'strike': 3985, 'expiry': '2022-11-16', 'dividend_rate': 0.015, 'opt_type': 'PE', 'timestamp': '2022-11-16 09:30:00', 'underlying_spot': 3985.75, 'id': 653783, 'bid': 17.75, 'ask': 18.5, 'mid': 18.12, 'delta': -0.4897953845931724, 'theta': -16.706955442229372, 'gamma': 0.0085773512026321, 'vega': 0.5375336686169234, 'sigma': 0.3449667170349108, 'moneyness': 0.02}",0,0
2022-04-06 09:30:00,1,1,1,straddle_component,256146,SPXW_4485_CE_20220406,50,13.75,trade,"{'detailed': True, 'instrument_type': 'option', 'underlying': 'SPXW', 'strike': 4485, 'expiry': '2022-04-06', 'dividend_rate': 0.015, 'opt_type': 'CE', 'timestamp': '2022-04-06 09:30:00', 'underlying_spot': 4483.5, 'id': 256146, 'bid': 12.75, 'ask': 13.75, 'mid': 13.25, 'delta': 0.4865835555198927, 'theta': -12.598855740623677, 'gamma': 0.0114180965837817, 'vega': 0.604517269772364, 'sigma': 0.230316876044212, 'moneyness': 0.03}",0,0
2022-04-06 09:30:00,2,1,1,straddle_component,171841,SPXW_4485_PE_20220406,50,22.25,trade,"{'detailed': True, 'instrument_type': 'option', 'underlying': 'SPXW', 'strike': 4485, 'expiry': '2022-04-06', 'dividend_rate': 0.015, 'opt_type': 'PE', 'timestamp': '2022-04-06 09:30:00', 'underlying_spot': 4483.5, 'id': 171841, 'bid': 17.25, 'ask': 22.25, 'mid': 19.75, 'delta': -0.5088270267943784, 'theta': -17.080998125438434, 'gamma': 0.0083544758666675, 'vega': 0.604711853322808, 'sigma': 0.3148760473312965, 'moneyness': -0.03}",0,0
2022-11-02 09:30:00,1,1,1,straddle_component,262206,SPXW_3855_CE_20221102,50,32.75,trade,"{'detailed': True, 'instrument_type': 'option', 'underlying': 'SPXW', 'strike': 3855, 'expiry': '2022-11-02', 'dividend_rate': 0.015, 'opt_type': 'CE', 'timestamp': '2022-11-02 09:30:00', 'underlying_spot': 3856.75, 'id': 262206, 'bid': 32.25, 'ask': 32.75, 'mid': 32.5, 'delta': 0.5137336962310002, 'theta': -28.623789388530493, 'gamma': 0.0050372619142535, 'vega': 0.519998161655824, 'sigma': 0.6068884915683245, 'moneyness': -0.05}",0,0
2022-11-02 09:30:00,2,1,1,straddle_component,656300,SPXW_3855_PE_20221102,50,29.5,trade,"{'detailed': True, 'instrument_type': 'option', 'underlying': 'SPXW', 'strike': 3855, 'expiry': '2022-11-02', 'dividend_rate': 0.015, 'opt_type': 'PE', 'timestamp': '2022-11-02 09:30:00', 'underlying_spot': 3856.75, 'id': 656300, 'bid': 29.0, 'ask': 29.5, 'mid': 29.25, 'delta': -0.4859997239437419, 'theta': -27.186573571547704, 'gamma': 0.0052715844489625, 'vega': 0.5199860659379922, 'sigma': 0.5798982465311392, 'moneyness': 0.05}",0,0
2022-10-26 09:30:00,1,1,1,straddle_component,683726,SPXW_3835_CE_20221026,50,19.75,trade,"{'detailed': True, 'instrument_type': 'option', 'underlying': 'SPXW', 'strike': 3835, 'expiry': '2022-10-26', 'dividend_rate': 0.015, 'opt_type': 'CE', 'timestamp': '2022-10-26 09:30:00', 'underlying_spot': 3837.0, 'id': 683726, 'bid': 19.25, 'ask': 19.75, 'mid': 19.5, 'delta': 0.5210583179332318, 'theta': -16.62809563992053, 'gamma': 0.0086196329718291, 'vega': 0.5169203417040009, 'sigma': 0.3562016740315992, 'moneyness': -0.05}",0,0
2022-10-26 09:30:00,2,1,1,straddle_component,667484,SPXW_3835_PE_20221026,50,17.5,trade,"{'detailed': True, 'instrument_type': 'option', 'underlying': 'SPXW', 'strike': 3835, 'expiry': '2022-10-26', 'dividend_rate': 0.015, 'opt_type': 'PE', 'timestamp': '2022-10-26 09:30:00', 'underlying_spot': 3837.0, 'id': 667484, 'bid': 17.0, 'ask': 17.5, 'mid': 17.25, 'delta': -0.4788045530970564, 'theta': -16.326641106910007, 'gamma': 0.0086921687270091, 'vega': 0.5169108993937943, 'sigma': 0.3532227484648622, 'moneyness': 0.05}",0,0
2022-07-06 09:30:00,1,1,1,straddle_component,132833,SPXW_3835_CE_20220706,50,20.75,trade,"{'detailed': True, 'instrument_type': 'option', 'underlying': 'SPXW', 'strike': 3835, 'expiry': '2022-07-06', 'dividend_rate': 0.015, 'opt_type': 'CE', 'timestamp': '2022-07-06 09:30:00', 'underlying_spot': 3834.75, 'id': 132833, 'bid': 20.25, 'ask': 20.75, 'mid': 20.5, 'delta': 0.50200094081152, 'theta': -18.73046266203457, 'gamma': 0.0077345135807149, 'vega': 0.5173320565057722, 'sigma': 0.3977469019615432, 'moneyness': 0.01}",0,0
2022-07-06 09:30:00,2,1,1,straddle_component,449802,SPXW_3835_PE_20220706,50,19.0,trade,"{'detailed': True, 'instrument_type': 'option', 'underlying': 'SPXW', 'strike': 3835, 'expiry': '2022-07-06', 'dividend_rate': 0.015, 'opt_type': 'PE', 'timestamp': '2022-07-06 09:30:00', 'underlying_spot': 3834.75, 'id': 449802, 'bid': 18.5, 'ask': 19.0, 'mid': 18.75, 'delta': -0.4983168535126481, 'theta': -16.843871363618003, 'gamma': 0.008523197934096, 'vega': 0.5173339591188562, 'sigma': 0.3609431754343686, 'moneyness': -0.01}",0,0
2022-08-10 09:30:00,1,1,1,straddle_component,408674,SPXW_4195_CE_20220810,50,18.75,trade,"{'detailed': True, 'instrument_type': 'option', 'underlying': 'SPXW', 'strike': 4195, 'expiry': '2022-08-10', 'dividend_rate': 0.015, 'opt_type': 'CE', 'timestamp': '2022-08-10 09:30:00', 'underlying_spot': 4197.0, 'id': 408674, 'bid': 18.0, 'ask': 18.75, 'mid': 18.38, 'delta': 0.5220757049825053, 'theta': -15.60063077266616, 'gamma': 0.0091819952174887, 'vega': 0.5653411401639623, 'sigma': 0.3056614752713956, 'moneyness': -0.05}",0,0
2022-08-10 09:30:00,2,1,1,straddle_component,54809,SPXW_4195_PE_20220810,50,14.75,trade,"{'detailed': True, 'instrument_type': 'option', 'underlying': 'SPXW', 'strike': 4195, 'expiry': '2022-08-10', 'dividend_rate': 0.015, 'opt_type': 'PE', 'timestamp': '2022-08-10 09:30:00', 'underlying_spot': 4197.0, 'id': 54809, 'bid': 14.25, 'ask': 14.75, 'mid': 14.5, 'delta': -0.4758536319904749, 'theta': -13.800051674156633, 'gamma': 0.0102267954105172, 'vega': 0.5651703832345136, 'sigma': 0.2743514912294287, 'moneyness': 0.05}",0,0
2022-07-27 09:30:00,1,1,1,straddle_component,356401,SPXW_3960_CE_20220727,50,24.25,trade,"{'detailed': True, 'instrument_type': 'option', 'underlying': 'SPXW', 'strike': 3960, 'expiry': '2022-07-27', 'dividend_rate': 0.015, 'opt_type': 'CE', 'timestamp': '2022-07-27 09:30:00', 'underlying_spot': 3960.0, 'id': 356401, 'bid': 23.75, 'ask': 24.25, 'mid': 24.0, 'delta': 0.5041344526375724, 'theta': -21.79373715621664, 'gamma': 0.0066445722524122, 'vega': 0.5342071042973497, 'sigma': 0.4483286666184725, 'moneyness': 0.0}",0,0
2022-07-27 09:30:00,2,1,1,straddle_component,336673,SPXW_3960_PE_20220727,50,27.0,trade,"{'detailed': True, 'instrument_type': 'option', 'underlying': 'SPXW', 'strike': 3960, 'expiry': '2022-07-27', 'dividend_rate': 0.015, 'opt_type': 'PE', 'timestamp': '2022-07-27 09:30:00', 'underlying_spot': 3960.0, 'id': 336673, 'bid': 25.5, 'ask': 27.0, 'mid': 26.25, 'delta': -0.4956681118445161, 'theta': -23.757595097799925, 'gamma': 0.0060510104660238, 'vega': 0.5342042991073139, 'sigma': 0.4923039549988743, 'moneyness': 0.0}",0,0
2022-12-21 09:30:00,1,1,1,straddle_component,452861,SPXW_3875_CE_20221221,50,14.25,trade,"{'detailed': True, 'instrument_type': 'option', 'underlying': 'SPXW', 'strike': 3875, 'expiry': '2022-12-21', 'dividend_rate': 0.015, 'opt_type': 'CE', 'timestamp': '2022-12-21 09:30:00', 'underlying_spot': 3877.5, 'id': 452861, 'bid': 13.75, 'ask': 14.25, 'mid': 14.0, 'delta': 0.535073846209233, 'theta': -11.203649602508804, 'gamma': 0.0125192866029522, 'vega': 0.5210797962493894, 'sigma': 0.2420852443848978, 'moneyness': -0.06}",0,0
2022-12-21 09:30:00,2,1,1,straddle_component,275922,SPXW_3875_PE_20221221,50,12.5,trade,"{'detailed': True, 'instrument_type': 'option', 'underlying': 'SPXW', 'strike': 3875, 'expiry': '2022-12-21', 'dividend_rate': 0.015, 'opt_type': 'PE', 'timestamp': '2022-12-21 09:30:00', 'underlying_spot': 3877.5, 'id': 275922, 'bid': 12.0, 'ask': 12.5, 'mid': 12.25, 'delta': -0.4669154502509265, 'theta': -11.831477434185754, 'gamma': 0.0117368806051842, 'vega': 0.5213036053886935, 'sigma': 0.2583337348103293, 'moneyness': 0.06}",0,0
2022-06-15 09:30:00,1,1,1,straddle_component,239164,SPXW_3770_CE_20220615,50,40.25,trade,"{'detailed': True, 'instrument_type': 'option', 'underlying': 'SPXW', 'strike': 3770, 'expiry': '2022-06-15', 'dividend_rate': 0.015, 'opt_type': 'CE', 'timestamp': '2022-06-15 09:30:00', 'underlying_spot': 3772.25, 'id': 239164, 'bid': 39.75, 'ask': 40.25, 'mid': 40.0, 'delta': 0.5150206000543278, 'theta': -35.167006874489104, 'gamma': 0.0040958234137633, 'vega': 0.5085460292151609, 'sigma': 0.763015062037015, 'moneyness': -0.06}",0,0
2022-06-15 09:30:00,2,1,1,straddle_component,346720,SPXW_3770_PE_20220615,50,37.25,trade,"{'detailed': True, 'instrument_type': 'option', 'underlying': 'SPXW', 'strike': 3770, 'expiry': '2022-06-15', 'dividend_rate': 0.015, 'opt_type': 'PE', 'timestamp': '2022-06-15 09:30:00', 'underlying_spot': 3772.25, 'id': 346720, 'bid': 36.5, 'ask': 37.25, 'mid': 36.88, 'delta': -0.4848802250702277, 'theta': -34.29948082502644, 'gamma': 0.0041798740113563, 'vega': 0.5085412467941168, 'sigma': 0.747664952242772, 'moneyness': 0.06}",0,0
2022-09-07 09:30:00,1,1,1,straddle_component,407091,SPXW_3905_CE_20220907,50,18.0,trade,"{'detailed': True, 'instrument_type': 'option', 'underlying': 'SPXW', 'strike': 3905, 'expiry': '2022-09-07', 'dividend_rate': 0.015, 'opt_type': 'CE', 'timestamp': '2022-09-07 09:30:00', 'underlying_spot': 3906.0, 'id': 407091, 'bid': 17.5, 'ask': 18.0, 'mid': 17.75, 'delta': 0.5129797857900797, 'theta': -15.626190261806949, 'gamma': 0.009249187726823, 'vega': 0.5266716518405374, 'sigma': 0.3263746013526322, 'moneyness': -0.03}",0,0
2022-09-07 09:30:00,2,1,1,straddle_component,270181,SPXW_3905_PE_20220907,50,16.5,trade,"{'detailed': True, 'instrument_type': 'option', 'underlying': 'SPXW', 'strike': 3905, 'expiry': '2022-09-07', 'dividend_rate': 0.015, 'opt_type': 'PE', 'timestamp': '2022-09-07 09:30:00', 'underlying_spot': 3906.0, 'id': 270181, 'bid': 16.0, 'ask': 16.5, 'mid': 16.25, 'delta': -0.4868135392323225, 'theta': -15.097101346148763, 'gamma': 0.0094706358666485, 'vega': 0.5266626796832146, 'sigma': 0.3187376980493361, 'moneyness': 0.03}",0,0
2022-05-11 09:30:00,1,1,1,straddle_component,261960,SPXW_3985_CE_20220511,50,32.75,trade,"{'detailed': True, 'instrument_type': 'option', 'underlying': 'SPXW', 'strike': 3985, 'expiry': '2022-05-11', 'dividend_rate': 0.015, 'opt_type': 'CE', 'timestamp': '2022-05-11 09:30:00', 'underlying_spot': 3985.25, 'id': 261960, 'bid': 30.5, 'ask': 32.75, 'mid': 31.62, 'delta': 0.5060618930619043, 'theta': -28.59103544729905, 'gamma': 0.0050596325351648, 'vega': 0.5375801522810502, 'sigma': 0.5850029170525453, 'moneyness': -0.01}",0,0
2022-05-11 09:30:00,2,1,1,straddle_component,369836,SPXW_3985_PE_20220511,50,32.25,trade,"{'detailed': True, 'instrument_type': 'option', 'underlying': 'SPXW', 'strike': 3985, 'expiry': '2022-05-11', 'dividend_rate': 0.015, 'opt_type': 'PE', 'timestamp': '2022-05-11 09:30:00', 'underlying_spot': 3985.25, 'id': 369836, 'bid': 31.5, 'ask': 32.25, 'mid': 31.88, 'delta': -0.4939024529685198, 'theta': -28.96808776503801, 'gamma': 0.0049649333178081, 'vega': 0.5375794201541648, 'sigma': 0.5961602337978241, 'moneyness': 0.01}",0,0
2022-11-09 09:30:00,1,1,1,straddle_component,82377,SPXW_3810_CE_20221109,50,22.5,trade,"{'detailed': True, 'instrument_type': 'option', 'underlying': 'SPXW', 'strike': 3810, 'expiry': '2022-11-09', 'dividend_rate': 0.015, 'opt_type': 'CE', 'timestamp': '2022-11-09 09:30:00', 'underlying_spot': 3811.5, 'id': 82377, 'bid': 22.0, 'ask': 22.5, 'mid': 22.25, 'delta': 0.5151364170506767, 'theta': -19.438899339371595, 'gamma': 0.0074151929041477, 'vega': 0.5138316579717692, 'sigma': 0.4171103451673896, 'moneyness': -0.04}",0,0
2022-11-09 09:30:00,2,1,1,straddle_component,407807,SPXW_3810_PE_20221109,50,19.5,trade,"{'detailed': True, 'instrument_type': 'option', 'underlying': 'SPXW', 'strike': 3810, 'expiry': '2022-11-09', 'dividend_rate': 0.015, 'opt_type': 'PE', 'timestamp': '2022-11-09 09:30:00', 'underlying_spot': 3811.5, 'id': 407807, 'bid': 18.75, 'ask': 19.5, 'mid': 19.12, 'delta': -0.4841176081889387, 'theta': -17.886375393101986, 'gamma': 0.007984501380065, 'vega': 0.5137942204957344, 'sigma': 0.3873415038952475, 'moneyness': 0.04}",0,0
2022-02-02 09:30:00,1,1,1,straddle_component,508397,SPXW_4560_CE_20220202,50,16.25,trade,"{'detailed': True, 'instrument_type': 'option', 'underlying': 'SPXW', 'strike': 4560, 'expiry': '2022-02-02', 'dividend_rate': 0.015, 'opt_type': 'CE', 'timestamp': '2022-02-02 09:30:00', 'underlying_spot': 4558.5, 'id': 508397, 'bid': 15.5, 'ask': 16.25, 'mid': 15.88, 'delta': 0.4892494865221586, 'theta': -14.999926234282944, 'gamma': 0.0096093575585598, 'vega': 0.6147545259580598, 'sigma': 0.2692206693009342, 'moneyness': 0.03}",0,0
2022-02-02 09:30:00,2,1,1,straddle_component,577932,SPXW_4560_PE_20220202,50,16.5,trade,"{'detailed': True, 'instrument_type': 'option', 'underlying': 'SPXW', 'strike': 4560, 'expiry': '2022-02-02', 'dividend_rate': 0.015, 'opt_type': 'PE', 'timestamp': '2022-02-02 09:30:00', 'underlying_spot': 4558.5, 'id': 577932, 'bid': 16.0, 'ask': 16.5, 'mid': 16.25, 'delta': -0.5116786299543818, 'theta': -13.885708145120276, 'gamma': 0.0102337977025968, 'vega': 0.6147141814080506, 'sigma': 0.2527769695015288, 'moneyness': -0.03}",0,0
2022-02-16 09:30:00,1,1,1,straddle_component,525058,SPXW_4445_CE_20220216,50,18.75,trade,"{'detailed': True, 'instrument_type': 'option', 'underlying': 'SPXW', 'strike': 4445, 'expiry': '2022-02-16', 'dividend_rate': 0.015, 'opt_type': 'CE', 'timestamp': '2022-02-16 09:30:00', 'underlying_spot': 4445.75, 'id': 525058, 'bid': 18.0, 'ask': 18.75, 'mid': 18.38, 'delta': 0.51033385357524, 'theta': -16.333566376274245, 'gamma': 0.0088669645137429, 'vega': 0.5995659993307889, 'sigma': 0.2991689989469129, 'moneyness': -0.02}",0,0
2022-02-16 09:30:00,2,1,1,straddle_component,662231,SPXW_4445_PE_20220216,50,20.25,trade,"{'detailed': True, 'instrument_type': 'option', 'underlying': 'SPXW', 'strike': 4445, 'expiry': '2022-02-16', 'dividend_rate': 0.015, 'opt_type': 'PE', 'timestamp': '2022-02-16 09:30:00', 'underlying_spot': 4445.75, 'id': 662231, 'bid': 19.5, 'ask': 20.25, 'mid': 19.88, 'delta': -0.4903677514091598, 'theta': -18.29113449041922, 'gamma': 0.007835863904404, 'vega': 0.5995924537848545, 'sigma': 0.3385507639606612, 'moneyness': 0.02}",0,0
2022-10-12 09:30:00,1,1,1,straddle_component,587468,SPXW_3595_CE_20221012,50,26.75,trade,"{'detailed': True, 'instrument_type': 'option', 'underlying': 'SPXW', 'strike': 3595, 'expiry': '2022-10-12', 'dividend_rate': 0.015, 'opt_type': 'CE', 'timestamp': '2022-10-12 09:30:00', 'underlying_spot': 3597.0, 'id': 587468, 'bid': 26.0, 'ask': 26.75, 'mid': 26.38, 'delta': 0.5170417201576072, 'theta': -22.90535718709568, 'gamma': 0.0062789107602156, 'vega': 0.4848212642731511, 'sigma': 0.5218681904652606, 'moneyness': -0.06}",0,0
2022-10-12 09:30:00,2,1,1,straddle_component,369722,SPXW_3595_PE_20221012,50,17.75,trade,"{'detailed': True, 'instrument_type': 'option', 'underlying': 'SPXW', 'strike': 3595, 'expiry': '2022-10-12', 'dividend_rate': 0.015, 'opt_type': 'PE', 'timestamp': '2022-10-12 09:30:00', 'underlying_spot': 3597.0, 'id': 369722, 'bid': 17.25, 'ask': 17.75, 'mid': 17.5, 'delta': -0.4789492684722063, 'theta': -16.557804147504584, 'gamma': 0.0085761202228695, 'vega': 0.4845881090084898, 'sigma': 0.3818964999478915, 'moneyness': 0.06}",0,0
2022-11-23 09:30:00,1,1,1,straddle_component,646468,SPXW_4010_CE_20221123,50,11.75,trade,"{'detailed': True, 'instrument_type': 'option', 'underlying': 'SPXW', 'strike': 4010, 'expiry': '2022-11-23', 'dividend_rate': 0.015, 'opt_type': 'CE', 'timestamp': '2022-11-23 09:30:00', 'underlying_spot': 4009.0, 'id': 646468, 'bid': 11.25, 'ask': 11.75, 'mid': 11.5, 'delta': 0.4904205582602294, 'theta': -10.845672820960308, 'gamma': 0.0133220524567434, 'vega': 0.5406899322793146, 'sigma': 0.2208258109621677, 'moneyness': 0.02}",0,0
2022-11-23 09:30:00,2,1,1,straddle_component,627966,SPXW_4010_PE_20221123,50,16.0,trade,"{'detailed': True, 'instrument_type': 'option', 'underlying': 'SPXW', 'strike': 4010, 'expiry': '2022-11-23', 'dividend_rate': 0.015, 'opt_type': 'PE', 'timestamp': '2022-11-23 09:30:00', 'underlying_spot': 4009.0, 'id': 627966, 'bid': 15.5, 'ask': 16.0, 'mid': 15.75, 'delta': -0.506736441915212, 'theta': -13.730332445531264, 'gamma': 0.0104044606352715, 'vega': 0.5407690220723067, 'sigma': 0.2827904181324353, 'moneyness': -0.02}",0,0
2022-01-05 09:30:00,1,1,1,straddle_component,574327,SPXW_4780_CE_20220105,50,10.5,trade,"{'detailed': True, 'instrument_type': 'option', 'underlying': 'SPXW', 'strike': 4780, 'expiry': '2022-01-05', 'dividend_rate': 0.015, 'opt_type': 'CE', 'timestamp': '2022-01-05 09:30:00', 'underlying_spot': 4782.25, 'id': 574327, 'bid': 10.0, 'ask': 10.5, 'mid': 10.25, 'delta': 0.5441323366561335, 'theta': -7.887624075913419, 'gamma': 0.0175404040447801, 'vega': 0.6411929434735537, 'sigma': 0.1397791300874877, 'moneyness': -0.05}",0,0
2022-01-05 09:30:00,2,1,1,straddle_component,546752,SPXW_4780_PE_20220105,50,10.25,trade,"{'detailed': True, 'instrument_type': 'option', 'underlying': 'SPXW', 'strike': 4780, 'expiry': '2022-01-05', 'dividend_rate': 0.015, 'opt_type': 'PE', 'timestamp': '2022-01-05 09:30:00', 'underlying_spot': 4782.25, 'id': 546752, 'bid': 9.75, 'ask': 10.25, 'mid': 10.0, 'delta': -0.4638723974553116, 'theta': -9.680719257715246, 'gamma': 0.0142183140994234, 'vega': 0.642508374358921, 'sigma': 0.1727891314552813, 'moneyness': 0.05}",0,0
2022-10-19 09:30:00,1,1,1,straddle_component,90972,SPXW_3715_CE_20221019,50,19.5,trade,"{'detailed': True, 'instrument_type': 'option', 'underlying': 'SPXW', 'strike': 3715, 'expiry': '2022-10-19', 'dividend_rate': 0.015, 'opt_type': 'CE', 'timestamp': '2022-10-19 09:30:00', 'underlying_spot': 3716.75, 'id': 90972, 'bid': 19.0, 'ask': 19.5, 'mid': 19.25, 'delta': 0.5190274999719691, 'theta': -16.55417420134796, 'gamma': 0.0086782194586021, 'vega': 0.5008486702369712, 'sigma': 0.3653371297886095, 'moneyness': -0.05}",0,0
2022-10-19 09:30:00,2,1,1,straddle_component,292741,SPXW_3715_PE_20221019,50,22.5,trade,"{'detailed': True, 'instrument_type': 'option', 'underlying': 'SPXW', 'strike': 3715, 'expiry': '2022-10-19', 'dividend_rate': 0.015, 'opt_type': 'PE', 'timestamp': '2022-10-19 09:30:00', 'underlying_spot': 3716.75, 'id': 292741, 'bid': 21.75, 'ask': 22.5, 'mid': 22.12, 'delta': -0.4837306917877981, 'theta': -20.703366739670923, 'gamma': 0.0069016854098435, 'vega': 0.5010022745512313, 'sigma': 0.4595176862529064, 'moneyness': 0.05}",0,0
2022-12-07 09:30:00,1,1,1,straddle_component,700417,SPXW_3935_CE_20221207,50,15.25,trade,"{'detailed': True, 'instrument_type': 'option', 'underlying': 'SPXW', 'strike': 3935, 'expiry': '2022-12-07', 'dividend_rate': 0.015, 'opt_type': 'CE', 'timestamp': '2022-12-07 09:30:00', 'underlying_spot': 3937.25, 'id': 700417, 'bid': 14.75, 'ask': 15.25, 'mid': 15.0, 'delta': 0.5296011083120611, 'theta': -12.319397386952136, 'gamma': 0.0115025908620225, 'vega': 0.5297018836854201, 'sigma': 0.2597741678730417, 'moneyness': -0.06}",0,0
2022-12-07 09:30:00,2,1,1,straddle_component,550535,SPXW_3935_PE_20221207,50,16.5,trade,"{'detailed': True, 'instrument_type': 'option', 'underlying': 'SPXW', 'strike': 3935, 'expiry': '2022-12-07', 'dividend_rate': 0.015, 'opt_type': 'PE', 'timestamp': '2022-12-07 09:30:00', 'underlying_spot': 3937.25, 'id': 550535, 'bid': 16.0, 'ask': 16.5, 'mid': 16.25, 'delta': -0.4757047241710666, 'theta': -15.474678648096976, 'gamma': 0.0091274498004167, 'vega': 0.5301806018068511, 'sigma': 0.3276676375801715, 'moneyness': 0.06}",0,0
2022-02-23 09:30:00,1,1,1,straddle_component,638701,SPXW_4330_CE_20220223,50,21.75,trade,"{'detailed': True, 'instrument_type': 'option', 'underlying': 'SPXW', 'strike': 4330, 'expiry': '2022-02-23', 'dividend_rate': 0.015, 'opt_type': 'CE', 'timestamp': '2022-02-23 09:30:00', 'underlying_spot': 4331.25, 'id': 638701, 'bid': 21.0, 'ask': 21.75, 'mid': 21.38, 'delta': 0.513407661244436, 'theta': -18.78851517761188, 'gamma': 0.0076871219434337, 'vega': 0.5839901969829882, 'sigma': 0.3541279531898216, 'moneyness': -0.03}",0,0
2022-02-23 09:30:00,2,1,1,straddle_component,771004,SPXW_4330_PE_20220223,50,21.5,trade,"{'detailed': True, 'instrument_type': 'option', 'underlying': 'SPXW', 'strike': 4330, 'expiry': '2022-02-23', 'dividend_rate': 0.015, 'opt_type': 'PE', 'timestamp': '2022-02-23 09:30:00', 'underlying_spot': 4331.25, 'id': 771004, 'bid': 21.0, 'ask': 21.5, 'mid': 21.25, 'delta': -0.4870699218743723, 'theta': -19.728970754013687, 'gamma': 0.0072547672758105, 'vega': 0.5840133281934943, 'sigma': 0.3752474004795556, 'moneyness': 0.03}",0,0
2022-02-09 09:30:00,1,1,1,straddle_component,329747,SPXW_4555_CE_20220209,50,16.0,trade,"{'detailed': True, 'instrument_type': 'option', 'underlying': 'SPXW', 'strike': 4555, 'expiry': '2022-02-09', 'dividend_rate': 0.015, 'opt_type': 'CE', 'timestamp': '2022-02-09 09:30:00', 'underlying_spot': 4557.25, 'id': 329747, 'bid': 15.5, 'ask': 16.0, 'mid': 15.75, 'delta': 0.5283084738966437, 'theta': -13.019510840318803, 'gamma': 0.0109173398854522, 'vega': 0.6132586715414448, 'sigma': 0.2365197630302996, 'moneyness': -0.05}",0,0
2022-02-09 09:30:00,2,1,1,straddle_component,129422,SPXW_4555_PE_20220209,50,14.25,trade,"{'detailed': True, 'instrument_type': 'option', 'underlying': 'SPXW', 'strike': 4555, 'expiry': '2022-02-09', 'dividend_rate': 0.015, 'opt_type': 'PE', 'timestamp': '2022-02-09 09:30:00', 'underlying_spot': 4557.25, 'id': 129422, 'bid': 13.75, 'ask': 14.25, 'mid': 14.0, 'delta': -0.4727071824380147, 'theta': -13.396276133775336, 'gamma': 0.0104759041263946, 'vega': 0.6133682101952997, 'sigma': 0.2465301566817526, 'moneyness': 0.05}",0,0
2022-03-16 09:30:00,1,1,1,straddle_component,687968,SPXW_4295_CE_20220316,50,29.25,trade,"{'detailed': True, 'instrument_type': 'option', 'underlying': 'SPXW', 'strike': 4295, 'expiry': '2022-03-16', 'dividend_rate': 0.015, 'opt_type': 'CE', 'timestamp': '2022-03-16 09:30:00', 'underlying_spot': 4294.75, 'id': 687968, 'bid': 28.75, 'ask': 29.25, 'mid': 29.0, 'delta': 0.5030080419681227, 'theta': -26.440796526119648, 'gamma': 0.0054744453237276, 'vega': 0.5793797873497404, 'sigma': 0.501755529854935, 'moneyness': 0.01}",0,0
2022-03-16 09:30:00,2,1,1,straddle_component,457283,SPXW_4295_PE_20220316,50,22.25,trade,"{'detailed': True, 'instrument_type': 'option', 'underlying': 'SPXW', 'strike': 4295, 'expiry': '2022-03-16', 'dividend_rate': 0.015, 'opt_type': 'PE', 'timestamp': '2022-03-16 09:30:00', 'underlying_spot': 4294.75, 'id': 457283, 'bid': 21.5, 'ask': 22.25, 'mid': 21.88, 'delta': -0.4979635337745591, 'theta': -19.672675338817577, 'gamma': 0.0072992977706576, 'vega': 0.5793887083439344, 'sigma': 0.3763204743730058, 'moneyness': -0.01}",0,0
2022-07-20 09:30:00,1,1,1,straddle_component,546970,SPXW_3935_CE_20220720,50,19.25,trade,"{'detailed': True, 'instrument_type': 'option', 'underlying': 'SPXW', 'strike': 3935, 'expiry': '2022-07-20', 'dividend_rate': 0.015, 'opt_type': 'CE', 'timestamp': '2022-07-20 09:30:00', 'underlying_spot': 3933.75, 'id': 546970, 'bid': 18.75, 'ask': 19.25, 'mid': 19.0, 'delta': 0.4936723333241133, 'theta': -17.76005300093421, 'gamma': 0.0081324393619297, 'vega': 0.5306276076545764, 'sigma': 0.3687229946402707, 'moneyness': 0.03}",0,0
2022-07-20 09:30:00,2,1,1,straddle_component,686025,SPXW_3935_PE_20220720,50,15.25,trade,"{'detailed': True, 'instrument_type': 'option', 'underlying': 'SPXW', 'strike': 3935, 'expiry': '2022-07-20', 'dividend_rate': 0.015, 'opt_type': 'PE', 'timestamp': '2022-07-20 09:30:00', 'underlying_spot': 3933.75, 'id': 686025, 'bid': 14.75, 'ask': 15.25, 'mid': 15.0, 'delta': -0.510132795236995, 'theta': -12.90208149036261, 'gamma': 0.0110372484307674, 'vega': 0.5305229460729635, 'sigma': 0.2716281181403672, 'moneyness': -0.03}",0,0
2022-04-13 09:30:00,1,1,1,straddle_component,504917,SPXW_4390_CE_20220413,50,15.25,trade,"{'detailed': True, 'instrument_type': 'option', 'underlying': 'SPXW', 'strike': 4390, 'expiry': '2022-04-13', 'dividend_rate': 0.015, 'opt_type': 'CE', 'timestamp': '2022-04-13 09:30:00', 'underlying_spot': 4388.75, 'id': 504917, 'bid': 14.75, 'ask': 15.25, 'mid': 15.0, 'delta': 0.4908853370923616, 'theta': -14.121300062552548, 'gamma': 0.0102247008548772, 'vega': 0.5919227570830463, 'sigma': 0.2628316206026362, 'moneyness': 0.03}",0,0
2022-04-13 09:30:00,2,1,1,straddle_component,582028,SPXW_4390_PE_20220413,50,16.0,trade,"{'detailed': True, 'instrument_type': 'option', 'underlying': 'SPXW', 'strike': 4390, 'expiry': '2022-04-13', 'dividend_rate': 0.015, 'opt_type': 'PE', 'timestamp': '2022-04-13 09:30:00', 'underlying_spot': 4388.75, 'id': 582028, 'bid': 15.5, 'ask': 16.0, 'mid': 15.75, 'delta': -0.5094390458260101, 'theta': -13.581978409912502, 'gamma': 0.0104874541939636, 'vega': 0.5919115270764399, 'sigma': 0.2562417693075253, 'moneyness': -0.03}",0,0
2022-09-28 09:30:00,1,1,1,straddle_component,665144,SPXW_3670_CE_20220928,50,24.25,trade,"{'detailed': True, 'instrument_type': 'option', 'underlying': 'SPXW', 'strike': 3670, 'expiry': '2022-09-28', 'dividend_rate': 0.015, 'opt_type': 'CE', 'timestamp': '2022-09-28 09:30:00', 'underlying_spot': 3667.75, 'id': 665144, 'bid': 23.75, 'ask': 24.25, 'mid': 24.0, 'delta': 0.4901133360412757, 'theta': -22.641611483852955, 'gamma': 0.0063496133861917, 'vega': 0.494656863123259, 'sigma': 0.5064097600236958, 'moneyness': 0.06}",0,0
2022-09-28 09:30:00,2,1,1,straddle_component,787117,SPXW_3670_PE_20220928,50,24.0,trade,"{'detailed': True, 'instrument_type': 'option', 'underlying': 'SPXW', 'strike': 3670, 'expiry': '2022-09-28', 'dividend_rate': 0.015, 'opt_type': 'PE', 'timestamp': '2022-09-28 09:30:00', 'underlying_spot': 3667.75, 'id': 787117, 'bid': 23.5, 'ask': 24.0, 'mid': 23.75, 'delta': -0.5116294895049833, 'theta': -20.287749904440847, 'gamma': 0.0070241685534711, 'vega': 0.494598510990043, 'sigma': 0.4577235219304949, 'moneyness': -0.06}",0,0
2022-04-20 09:30:00,1,1,1,straddle_component,391284,SPXW_4480_CE_20220420,50,13.75,trade,"{'detailed': True, 'instrument_type': 'option', 'underlying': 'SPXW', 'strike': 4480, 'expiry': '2022-04-20', 'dividend_rate': 0.015, 'opt_type': 'CE', 'timestamp': '2022-04-20 09:30:00', 'underlying_spot': 4478.5, 'id': 391284, 'bid': 13.0, 'ask': 13.75, 'mid': 13.38, 'delta': 0.4867300922451356, 'theta': -12.713281088892913, 'gamma': 0.0113165793003133, 'vega': 0.603850565691153, 'sigma': 0.2326452253001931, 'moneyness': 0.03}",0,0
2022-04-20 09:30:00,2,1,1,straddle_component,503692,SPXW_4480_PE_20220420,50,16.0,trade,"{'detailed': True, 'instrument_type': 'option', 'underlying': 'SPXW', 'strike': 4480, 'expiry': '2022-04-20', 'dividend_rate': 0.015, 'opt_type': 'PE', 'timestamp': '2022-04-20 09:30:00', 'underlying_spot': 4478.5, 'id': 503692, 'bid': 15.25, 'ask': 16.0, 'mid': 15.62, 'delta': -0.5123158056521859, 'theta': -13.314986248263764, 'gamma': 0.0106629739704544, 'vega': 0.6038970729824715, 'sigma': 0.2469245608216712, 'moneyness': -0.03}",0,0
2022-01-26 09:30:00,1,1,1,straddle_component,386318,SPXW_4415_CE_20220126,50,36.5,trade,"{'detailed': True, 'instrument_type': 'option', 'underlying': 'SPXW', 'strike': 4415, 'expiry': '2022-01-26', 'dividend_rate': 0.015, 'opt_type': 'CE', 'timestamp': '2022-01-26 09:30:00', 'underlying_spot': 4413.5, 'id': 386318, 'bid': 35.5, 'ask': 36.5, 'mid': 36.0, 'delta': 0.4984577287899583, 'theta': -33.303765548363664, 'gamma': 0.0043382625847243, 'vega': 0.5954121206480885, 'sigma': 0.6161406520266862, 'moneyness': 0.03}",0,0
2022-01-26 09:30:00,2,1,1,straddle_component,256730,SPXW_4415_PE_20220126,50,38.75,trade,"{'detailed': True, 'instrument_type': 'option', 'underlying': 'SPXW', 'strike': 4415, 'expiry': '2022-01-26', 'dividend_rate': 0.015, 'opt_type': 'PE', 'timestamp': '2022-01-26 09:30:00', 'underlying_spot': 4413.5, 'id': 256730, 'bid': 38.0, 'ask': 38.75, 'mid': 38.38, 'delta': -0.5012815245006408, 'theta': -34.01387811144919, 'gamma': 0.0042247689435725, 'vega': 0.5954134995435751, 'sigma': 0.6326940522747727, 'moneyness': -0.03}",0,0
2022-09-21 09:30:00,1,1,1,straddle_component,392037,SPXW_3895_CE_20220921,50,34.75,trade,"{'detailed': True, 'instrument_type': 'option', 'underlying': 'SPXW', 'strike': 3895, 'expiry': '2022-09-21', 'dividend_rate': 0.015, 'opt_type': 'CE', 'timestamp': '2022-09-21 09:30:00', 'underlying_spot': 3897.5, 'id': 392037, 'bid': 34.25, 'ask': 34.75, 'mid': 34.5, 'delta': 0.51703145775015, 'theta': -30.02136958648968, 'gamma': 0.0047898388544354, 'vega': 0.5253247460389971, 'sigma': 0.6313632560066007, 'moneyness': -0.06}",0,0
2022-09-21 09:30:00,2,1,1,straddle_component,396531,SPXW_3895_PE_20220921,50,36.5,trade,"{'detailed': True, 'instrument_type': 'option', 'underlying': 'SPXW', 'strike': 3895, 'expiry': '2022-09-21', 'dividend_rate': 0.015, 'opt_type': 'PE', 'timestamp': '2022-09-21 09:30:00', 'underlying_spot': 3897.5, 'id': 396531, 'bid': 36.0, 'ask': 36.5, 'mid': 36.25, 'delta': -0.4838902602095629, 'theta': -33.81730313134356, 'gamma': 0.0042351916818006, 'vega': 0.5253752460203458, 'sigma': 0.7141161479937299, 'moneyness': 0.06}",0,0
2022-03-30 09:30:00,1,1,1,straddle_component,761409,SPXW_4615_CE_20220330,50,12.5,trade,"{'detailed': True, 'instrument_type': 'option', 'underlying': 'SPXW', 'strike': 4615, 'expiry': '2022-03-30', 'dividend_rate': 0.015, 'opt_type': 'CE', 'timestamp': '2022-03-30 09:30:00', 'underlying_spot': 4616.0, 'id': 761409, 'bid': 12.0, 'ask': 12.5, 'mid': 12.25, 'delta': 0.517534504958661, 'theta': -10.625190315018914, 'gamma': 0.0136068490519392, 'vega': 0.6221323846671698, 'sigma': 0.1876459524807747, 'moneyness': -0.02}",0,0
2022-03-30 09:30:00,2,1,1,straddle_component,141014,SPXW_4615_PE_20220330,50,13.75,trade,"{'detailed': True, 'instrument_type': 'option', 'underlying': 'SPXW', 'strike': 4615, 'expiry': '2022-03-30', 'dividend_rate': 0.015, 'opt_type': 'PE', 'timestamp': '2022-03-30 09:30:00', 'underlying_spot': 4616.0, 'id': 141014, 'bid': 13.25, 'ask': 13.75, 'mid': 13.5, 'delta': -0.484948586216305, 'theta': -12.588144621566146, 'gamma': 0.0113175127580689, 'vega': 0.622291496545671, 'sigma': 0.2256608900111871, 'moneyness': 0.02}",0,0
2022-09-14 09:30:00,1,1,1,straddle_component,280912,SPXW_3960_CE_20220914,50,12.5,trade,"{'detailed': True, 'instrument_type': 'option', 'underlying': 'SPXW', 'strike': 3960, 'expiry': '2022-09-14', 'dividend_rate': 0.015, 'opt_type': 'CE', 'timestamp': '2022-09-14 09:30:00', 'underlying_spot': 3961.5, 'id': 280912, 'bid': 11.75, 'ask': 12.5, 'mid': 12.12, 'delta': 0.5248758850147972, 'theta': -10.187216566709328, 'gamma': 0.0140447682817068, 'vega': 0.5333967841204279, 'sigma': 0.2116229208979503, 'moneyness': -0.04}",0,0
2022-09-14 09:30:00,2,1,1,straddle_component,499309,SPXW_3960_PE_20220914,50,27.5,trade,"{'detailed': True, 'instrument_type': 'option', 'underlying': 'SPXW', 'strike': 3960, 'expiry': '2022-09-14', 'dividend_rate': 0.015, 'opt_type': 'PE', 'timestamp': '2022-09-14 09:30:00', 'underlying_spot': 3961.5, 'id': 499309, 'bid': 26.5, 'ask': 27.5, 'mid': 27.0, 'delta': -0.4869471408955661, 'theta': -25.04985940266852, 'gamma': 0.0057222015215074, 'vega': 0.5341520138044622, 'sigma': 0.5201480508715919, 'moneyness': 0.04}",0,0
2022-01-19 09:30:00,1,1,1,straddle_component,594536,SPXW_4590_CE_20220119,50,17.25,trade,"{'detailed': True, 'instrument_type': 'option', 'underlying': 'SPXW', 'strike': 4590, 'expiry': '2022-01-19', 'dividend_rate': 0.015, 'opt_type': 'CE', 'timestamp': '2022-01-19 09:30:00', 'underlying_spot': 4588.25, 'id': 594536, 'bid': 16.0, 'ask': 17.25, 'mid': 16.62, 'delta': 0.4876906327380581, 'theta': -15.760505483183758, 'gamma': 0.0091280169911556, 'vega': 0.6186965952321497, 'sigma': 0.2815476483108957, 'moneyness': 0.04}",0,0
2022-01-19 09:30:00,2,1,1,straddle_component,594831,SPXW_4590_PE_20220119,50,20.5,trade,"{'detailed': True, 'instrument_type': 'option', 'underlying': 'SPXW', 'strike': 4590, 'expiry': '2022-01-19', 'dividend_rate': 0.015, 'opt_type': 'PE', 'timestamp': '2022-01-19 09:30:00', 'underlying_spot': 4588.25, 'id': 594831, 'bid': 17.75, 'ask': 20.5, 'mid': 19.12, 'delta': -0.5115431159373074, 'theta': -16.359374302939916, 'gamma': 0.0086966780443731, 'vega': 0.6187322296895577, 'sigma': 0.2955288624018706, 'moneyness': -0.04}",0,0
2022-06-29 09:30:00,1,1,1,straddle_component,364904,SPXW_3830_CE_20220629,50,20.0,trade,"{'detailed': True, 'instrument_type': 'option', 'underlying': 'SPXW', 'strike': 3830, 'expiry': '2022-06-29', 'dividend_rate': 0.015, 'opt_type': 'CE', 'timestamp': '2022-06-29 09:30:00', 'underlying_spot': 3828.25, 'id': 364904, 'bid': 19.5, 'ask': 20.0, 'mid': 19.75, 'delta': 0.4903948894458665, 'theta': -18.60803819700328, 'gamma': 0.0077378111740245, 'vega': 0.5163118101412429, 'sigma': 0.3981420141549182, 'moneyness': 0.05}",0,0
2022-06-29 09:30:00,2,1,1,straddle_component,295011,SPXW_3830_PE_20220629,50,20.0,trade,"{'detailed': True, 'instrument_type': 'option', 'underlying': 'SPXW', 'strike': 3830, 'expiry': '2022-06-29', 'dividend_rate': 0.015, 'opt_type': 'PE', 'timestamp': '2022-06-29 09:30:00', 'underlying_spot': 3828.25, 'id': 295011, 'bid': 19.5, 'ask': 20.0, 'mid': 19.75, 'delta': -0.5108964837685193, 'theta': -16.937785384855573, 'gamma': 0.0084142728695724, 'vega': 0.5162687873845009, 'sigma': 0.3661031044388979, 'moneyness': -0.05}",0,0
2022-04-27 09:30:00,1,1,1,straddle_component,332296,SPXW_4185_CE_20220427,50,22.5,trade,"{'detailed': True, 'instrument_type': 'option', 'underlying': 'SPXW', 'strike': 4185, 'expiry': '2022-04-27', 'dividend_rate': 0.015, 'opt_type': 'CE', 'timestamp': '2022-04-27 09:30:00', 'underlying_spot': 4187.5, 'id': 332296, 'bid': 22.0, 'ask': 22.5, 'mid': 22.25, 'delta': 0.5228473210870277, 'theta': -18.831089643711422, 'gamma': 0.0075921070674667, 'vega': 0.5640001518949092, 'sigma': 0.3704692765010546, 'moneyness': -0.06}",0,0
2022-04-27 09:30:00,2,1,1,straddle_component,330006,SPXW_4185_PE_20220427,50,28.0,trade,"{'detailed': True, 'instrument_type': 'option', 'underlying': 'SPXW', 'strike': 4185, 'expiry': '2022-04-27', 'dividend_rate': 0.015, 'opt_type': 'PE', 'timestamp': '2022-04-27 09:30:00', 'underlying_spot': 4187.5, 'id': 330006, 'bid': 27.5, 'ask': 28.0, 'mid': 27.75, 'delta': -0.48186634900933, 'theta': -26.06962573464268, 'gamma': 0.0054741849098149, 'vega': 0.5643435295592614, 'sigma': 0.5141136029417237, 'moneyness': 0.06}",0,0
2022-03-23 09:30:00,1,1,1,straddle_component,599679,SPXW_4480_CE_20220323,50,14.5,trade,"{'detailed': True, 'instrument_type': 'option', 'underlying': 'SPXW', 'strike': 4480, 'expiry': '2022-03-23', 'dividend_rate': 0.015, 'opt_type': 'CE', 'timestamp': '2022-03-23 09:30:00', 'underlying_spot': 4479.25, 'id': 599679, 'bid': 14.0, 'ask': 14.5, 'mid': 14.25, 'delta': 0.4954970567762728, 'theta': -13.267408641983437, 'gamma': 0.0109258264657796, 'vega': 0.6042481721593296, 'sigma': 0.2410432994599382, 'moneyness': 0.02}",0,0
2022-03-23 09:30:00,2,1,1,straddle_component,625269,SPXW_4480_PE_20220323,50,17.5,trade,"{'detailed': True, 'instrument_type': 'option', 'underlying': 'SPXW', 'strike': 4480, 'expiry': '2022-03-23', 'dividend_rate': 0.015, 'opt_type': 'PE', 'timestamp': '2022-03-23 09:30:00', 'underlying_spot': 4479.25, 'id': 625269, 'bid': 17.0, 'ask': 17.5, 'mid': 17.25, 'delta': -0.5033839718908695, 'theta': -15.225902752990628, 'gamma': 0.0094013485352206, 'vega': 0.6042649820356907, 'sigma': 0.2801375016968628, 'moneyness': -0.02}",0,0
2022-05-25 09:30:00,1,1,1,straddle_component,751990,SPXW_3930_CE_20220525,50,22.25,trade,"{'detailed': True, 'instrument_type': 'option', 'underlying': 'SPXW', 'strike': 3930, 'expiry': '2022-05-25', 'dividend_rate': 0.015, 'opt_type': 'CE', 'timestamp': '2022-05-25 09:30:00', 'underlying_spot': 3928.5, 'id': 751990, 'bid': 21.5, 'ask': 22.25, 'mid': 21.88, 'delta': 0.4934639419779785, 'theta': -20.46283949642292, 'gamma': 0.0070521028305847, 'vega': 0.529914980067975, 'sigma': 0.4257735175414494, 'moneyness': 0.04}",0,0
2022-05-25 09:30:00,2,1,1,straddle_component,727899,SPXW_3930_PE_20220525,50,27.25,trade,"{'detailed': True, 'instrument_type': 'option', 'underlying': 'SPXW', 'strike': 3930, 'expiry': '2022-05-25', 'dividend_rate': 0.015, 'opt_type': 'PE', 'timestamp': '2022-05-25 09:30:00', 'underlying_spot': 3928.5, 'id': 727899, 'bid': 26.5, 'ask': 27.25, 'mid': 26.88, 'delta': -0.5047840540523651, 'theta': -23.57185918144643, 'gamma': 0.0060824593361985, 'vega': 0.5299480392944336, 'sigma': 0.493679552306327, 'moneyness': -0.04}",0,0
2022-08-31 09:30:00,1,1,1,straddle_component,675422,SPXW_4000_CE_20220831,50,19.25,trade,"{'detailed': True, 'instrument_type': 'option', 'underlying': 'SPXW', 'strike': 4000, 'expiry': '2022-08-31', 'dividend_rate': 0.015, 'opt_type': 'CE', 'timestamp': '2022-08-31 09:30:00', 'underlying_spot': 3998.0, 'id': 675422, 'bid': 18.75, 'ask': 19.25, 'mid': 19.0, 'delta': 0.4878752337962311, 'theta': -18.00046865388618, 'gamma': 0.0079815168874119, 'vega': 0.5391129135796877, 'sigma': 0.3695332027717373, 'moneyness': 0.05}",0,0
2022-08-31 09:30:00,2,1,1,straddle_component,674997,SPXW_4000_PE_20220831,50,15.25,trade,"{'detailed': True, 'instrument_type': 'option', 'underlying': 'SPXW', 'strike': 4000, 'expiry': '2022-08-31', 'dividend_rate': 0.015, 'opt_type': 'PE', 'timestamp': '2022-08-31 09:30:00', 'underlying_spot': 3998.0, 'id': 674997, 'bid': 14.75, 'ask': 15.25, 'mid': 15.0, 'delta': -0.5190120187141822, 'theta': -12.418053398675196, 'gamma': 0.0113337726226347, 'vega': 0.5387486303608151, 'sigma': 0.2600587718780826, 'moneyness': -0.05}",0,0
2022-06-22 09:30:00,1,1,1,straddle_component,282995,SPXW_3725_CE_20220622,50,21.0,trade,"{'detailed': True, 'instrument_type': 'option', 'underlying': 'SPXW', 'strike': 3725, 'expiry': '2022-06-22', 'dividend_rate': 0.015, 'opt_type': 'CE', 'timestamp': '2022-06-22 09:30:00', 'underlying_spot': 3725.0, 'id': 282995, 'bid': 19.5, 'ask': 21.0, 'mid': 20.25, 'delta': 0.5039500876556247, 'theta': -18.39215195060674, 'gamma': 0.0078769768663278, 'vega': 0.5025077727281229, 'sigma': 0.4020452777566766, 'moneyness': 0.0}",0,0
2022-06-22 09:30:00,2,1,1,straddle_component,272175,SPXW_3725_PE_20220622,50,22.25,trade,"{'detailed': True, 'instrument_type': 'option', 'underlying': 'SPXW', 'strike': 3725, 'expiry': '2022-06-22', 'dividend_rate': 0.015, 'opt_type': 'PE', 'timestamp': '2022-06-22 09:30:00', 'underlying_spot': 3725.0, 'id': 272175, 'bid': 21.0, 'ask': 22.25, 'mid': 21.62, 'delta': -0.4959367128845926, 'theta': -19.56732795823154, 'gamma': 0.0073432688552088, 'vega': 0.5025063409691679, 'sigma': 0.4312646388308309, 'moneyness': 0.0}",0,0
2022-06-01 09:30:00,1,1,1,straddle_component,533420,SPXW_4160_CE_20220601,50,16.25,trade,"{'detailed': True, 'instrument_type': 'option', 'underlying': 'SPXW', 'strike': 4160, 'expiry': '2022-06-01', 'dividend_rate': 0.015, 'opt_type': 'CE', 'timestamp': '2022-06-01 09:30:00', 'underlying_spot': 4158.75, 'id': 533420, 'bid': 15.75, 'ask': 16.25, 'mid': 16.0, 'delta': 0.4916699252294876, 'theta': -15.03065779693137, 'gamma': 0.0096060045251533, 'vega': 0.5609262393862062, 'sigma': 0.2952446557290085, 'moneyness': 0.03}",0,0
2022-06-01 09:30:00,2,1,1,straddle_component,425783,SPXW_4160_PE_20220601,50,22.25,trade,"{'detailed': True, 'instrument_type': 'option', 'underlying': 'SPXW', 'strike': 4160, 'expiry': '2022-06-01', 'dividend_rate': 0.015, 'opt_type': 'PE', 'timestamp': '2022-06-01 09:30:00', 'underlying_spot': 4158.75, 'id': 425783, 'bid': 21.75, 'ask': 22.25, 'mid': 22.0, 'delta': -0.505407100181543, 'theta': -19.274767365903795, 'gamma': 0.0074295933671919, 'vega': 0.5609971554207469, 'sigma': 0.3817812336091247, 'moneyness': -0.03}",0,0
2022-10-13 09:30:00,1,1,1,straddle_component,759169,SPXW_3515_CE_20221013,50,21.5,trade,"{'detailed': True, 'instrument_type': 'option', 'underlying': 'SPXW', 'strike': 3515, 'expiry': '2022-10-13', 'dividend_rate': 0.015, 'opt_type': 'CE', 'timestamp': '2022-10-13 09:30:00', 'underlying_spot': 3513.25, 'id': 759169, 'bid': 20.75, 'ask': 21.5, 'mid': 21.12, 'delta': 0.4915079229357744, 'theta': -19.85920097630127, 'gamma': 0.007252003690894, 'vega': 0.4738581547743763, 'sigma': 0.4629316305500742, 'moneyness': 0.05}",0,0
2022-10-13 09:30:00,2,1,1,straddle_component,763739,SPXW_3515_PE_20221013,50,23.25,trade,"{'detailed': True, 'instrument_type': 'option', 'underlying': 'SPXW', 'strike': 3515, 'expiry': '2022-10-13', 'dividend_rate': 0.015, 'opt_type': 'PE', 'timestamp': '2022-10-13 09:30:00', 'underlying_spot': 3513.25, 'id': 763739, 'bid': 22.5, 'ask': 23.25, 'mid': 22.88, 'delta': -0.5084331136002262, 'theta': -19.792460486106965, 'gamma': 0.0072230308845178, 'vega': 0.4738596423575831, 'sigma': 0.4647899858578817, 'moneyness': -0.05}",0,0
2022-06-09 09:30:00,1,1,1,straddle_component,695751,SPXW_4100_CE_20220609,50,16.75,trade,"{'detailed': True, 'instrument_type': 'option', 'underlying': 'SPXW', 'strike': 4100, 'expiry': '2022-06-09', 'dividend_rate': 0.015, 'opt_type': 'CE', 'timestamp': '2022-06-09 09:30:00', 'underlying_spot': 4098.0, 'id': 695751, 'bid': 15.25, 'ask': 16.75, 'mid': 16.0, 'delta': 0.4848958500243583, 'theta': -15.253323299666764, 'gamma': 0.0093950400525955, 'vega': 0.5524562748411812, 'sigma': 0.3061966488272308, 'moneyness': 0.05}",0,0
2022-06-09 09:30:00,2,1,1,straddle_component,245311,SPXW_4100_PE_20220609,50,22.5,trade,"{'detailed': True, 'instrument_type': 'option', 'underlying': 'SPXW', 'strike': 4100, 'expiry': '2022-06-09', 'dividend_rate': 0.015, 'opt_type': 'PE', 'timestamp': '2022-06-09 09:30:00', 'underlying_spot': 4098.0, 'id': 245311, 'bid': 20.75, 'ask': 22.5, 'mid': 21.62, 'delta': -0.511550269085248, 'theta': -18.4953070947084, 'gamma': 0.0077009737253774, 'vega': 0.5526211308175135, 'sigma': 0.3736653220070898, 'moneyness': -0.05}",0,0
2022-09-22 09:30:00,1,1,1,straddle_component,336863,SPXW_3805_CE_20220922,50,17.75,trade,"{'detailed': True, 'instrument_type': 'option', 'underlying': 'SPXW', 'strike': 3805, 'expiry': '2022-09-22', 'dividend_rate': 0.015, 'opt_type': 'CE', 'timestamp': '2022-09-22 09:30:00', 'underlying_spot': 3805.0, 'id': 336863, 'bid': 17.0, 'ask': 17.75, 'mid': 17.38, 'delta': 0.5037516602801162, 'theta': -15.78677033384453, 'gamma': 0.009184476965629, 'vega': 0.513302348980968, 'sigma': 0.3375623718105535, 'moneyness': 0.0}",0,0
2022-09-22 09:30:00,2,1,1,straddle_component,389981,SPXW_3805_PE_20220922,50,27.0,trade,"{'detailed': True, 'instrument_type': 'option', 'underlying': 'SPXW', 'strike': 3805, 'expiry': '2022-09-22', 'dividend_rate': 0.015, 'opt_type': 'PE', 'timestamp': '2022-09-22 09:30:00', 'underlying_spot': 3805.0, 'id': 389981, 'bid': 26.5, 'ask': 27.0, 'mid': 26.75, 'delta': -0.495525028179955, 'theta': -24.212314228293625, 'gamma': 0.0059385181572224, 'vega': 0.5132927553617055, 'sigma': 0.5220621998958762, 'moneyness': 0.0}",0,0
2022-07-14 09:30:00,1,1,1,straddle_component,560597,SPXW_3755_CE_20220714,50,18.0,trade,"{'detailed': True, 'instrument_type': 'option', 'underlying': 'SPXW', 'strike': 3755, 'expiry': '2022-07-14', 'dividend_rate': 0.015, 'opt_type': 'CE', 'timestamp': '2022-07-14 09:30:00', 'underlying_spot': 3757.5, 'id': 560597, 'bid': 17.25, 'ask': 18.0, 'mid': 17.62, 'delta': 0.5281105693669019, 'theta': -14.568914873752426, 'gamma': 0.0097391754394493, 'vega': 0.5056569414775147, 'sigma': 0.3215742202906111, 'moneyness': -0.07}",0,0
2022-07-14 09:30:00,2,1,1,straddle_component,682310,SPXW_3755_PE_20220714,50,22.5,trade,"{'detailed': True, 'instrument_type': 'option', 'underlying': 'SPXW', 'strike': 3755, 'expiry': '2022-07-14', 'dividend_rate': 0.015, 'opt_type': 'PE', 'timestamp': '2022-07-14 09:30:00', 'underlying_spot': 3757.5, 'id': 682310, 'bid': 21.75, 'ask': 22.5, 'mid': 22.12, 'delta': -0.4788134039658942, 'theta': -20.93292877189655, 'gamma': 0.0067896258926225, 'vega': 0.5062016667139542, 'sigma': 0.4617686990898257, 'moneyness': 0.07}",0,0
2022-06-16 09:30:00,1,1,1,straddle_component,128773,SPXW_3705_CE_20220616,50,27.25,trade,"{'detailed': True, 'instrument_type': 'option', 'underlying': 'SPXW', 'strike': 3705, 'expiry': '2022-06-16', 'dividend_rate': 0.015, 'opt_type': 'CE', 'timestamp': '2022-06-16 09:30:00', 'underlying_spot': 3707.5, 'id': 128773, 'bid': 25.0, 'ask': 27.25, 'mid': 26.12, 'delta': 0.5203798582272157, 'theta': -22.37614142724512, 'gamma': 0.0064049145720446, 'vega': 0.4995185541814297, 'sigma': 0.4961590621018352, 'moneyness': -0.07}",0,0
2022-06-16 09:30:00,2,1,1,straddle_component,393284,SPXW_3705_PE_20220616,50,28.5,trade,"{'detailed': True, 'instrument_type': 'option', 'underlying': 'SPXW', 'strike': 3705, 'expiry': '2022-06-16', 'dividend_rate': 0.015, 'opt_type': 'PE', 'timestamp': '2022-06-16 09:30:00', 'underlying_spot': 3707.5, 'id': 393284, 'bid': 26.5, 'ask': 28.5, 'mid': 27.5, 'delta': -0.4814337412204494, 'theta': -25.845916183397065, 'gamma': 0.005522379318279, 'vega': 0.4996296688345403, 'sigma': 0.5755785448380584, 'moneyness': 0.07}",0,0
2022-05-05 09:30:00,1,1,1,straddle_component,655623,SPXW_4250_CE_20220505,50,21.25,trade,"{'detailed': True, 'instrument_type': 'option', 'underlying': 'SPXW', 'strike': 4250, 'expiry': '2022-05-05', 'dividend_rate': 0.015, 'opt_type': 'CE', 'timestamp': '2022-05-05 09:30:00', 'underlying_spot': 4248.75, 'id': 655623, 'bid': 20.5, 'ask': 21.25, 'mid': 20.88, 'delta': 0.4945761936969717, 'theta': -19.46853062700576, 'gamma': 0.0074227451563047, 'vega': 0.5731374327214116, 'sigma': 0.3740387485926143, 'moneyness': 0.03}",0,0
2022-05-05 09:30:00,2,1,1,straddle_component,504471,SPXW_4250_PE_20220505,50,20.0,trade,"{'detailed': True, 'instrument_type': 'option', 'underlying': 'SPXW', 'strike': 4250, 'expiry': '2022-05-05', 'dividend_rate': 0.015, 'opt_type': 'PE', 'timestamp': '2022-05-05 09:30:00', 'underlying_spot': 4248.75, 'id': 504471, 'bid': 19.75, 'ask': 20.0, 'mid': 19.88, 'delta': -0.506558936167778, 'theta': -17.340888587177393, 'gamma': 0.0082471066065181, 'vega': 0.5731128956668048, 'sigma': 0.3366363156636037, 'moneyness': -0.03}",0,0
2022-08-25 09:30:00,1,1,1,straddle_component,114448,SPXW_4155_CE_20220825,50,15.25,trade,"{'detailed': True, 'instrument_type': 'option', 'underlying': 'SPXW', 'strike': 4155, 'expiry': '2022-08-25', 'dividend_rate': 0.015, 'opt_type': 'CE', 'timestamp': '2022-08-25 09:30:00', 'underlying_spot': 4156.25, 'id': 114448, 'bid': 14.75, 'ask': 15.25, 'mid': 15.0, 'delta': 0.5175655748862695, 'theta': -12.980567747720052, 'gamma': 0.0111069541830488, 'vega': 0.5601672105914401, 'sigma': 0.2553080073866727, 'moneyness': -0.03}",0,0
2022-08-25 09:30:00,2,1,1,straddle_component,589991,SPXW_4155_PE_20220825,50,11.25,trade,"{'detailed': True, 'instrument_type': 'option', 'underlying': 'SPXW', 'strike': 4155, 'expiry': '2022-08-25', 'dividend_rate': 0.015, 'opt_type': 'PE', 'timestamp': '2022-08-25 09:30:00', 'underlying_spot': 4156.25, 'id': 589991, 'bid': 10.75, 'ask': 11.25, 'mid': 11.0, 'delta': -0.479158525243939, 'theta': -10.388439581752952, 'gamma': 0.0136232688774384, 'vega': 0.5599446328507742, 'sigma': 0.2080684144894942, 'moneyness': 0.03}",0,0
2022-06-02 09:30:00,1,1,1,straddle_component,217942,SPXW_4090_CE_20220602,50,23.5,trade,"{'detailed': True, 'instrument_type': 'option', 'underlying': 'SPXW', 'strike': 4090, 'expiry': '2022-06-02', 'dividend_rate': 0.015, 'opt_type': 'CE', 'timestamp': '2022-06-02 09:30:00', 'underlying_spot': 4092.0, 'id': 217942, 'bid': 22.5, 'ask': 23.5, 'mid': 23.0, 'delta': 0.5184392110381353, 'theta': -19.831048613453213, 'gamma': 0.0072467019052169, 'vega': 0.5514536083928689, 'sigma': 0.3974132584854948, 'moneyness': -0.05}",0,0
2022-06-02 09:30:00,2,1,1,straddle_component,769307,SPXW_4090_PE_20220602,50,17.25,trade,"{'detailed': True, 'instrument_type': 'option', 'underlying': 'SPXW', 'strike': 4090, 'expiry': '2022-06-02', 'dividend_rate': 0.015, 'opt_type': 'PE', 'timestamp': '2022-06-02 09:30:00', 'underlying_spot': 4092.0, 'id': 769307, 'bid': 16.0, 'ask': 17.25, 'mid': 16.62, 'delta': -0.4782691950971696, 'theta': -15.751617844042489, 'gamma': 0.0089981884343615, 'vega': 0.5512238199128596, 'sigma': 0.3199240575500915, 'moneyness': 0.05}",0,0
2022-09-15 09:30:00,1,1,1,straddle_component,555056,SPXW_3950_CE_20220915,50,9.5,trade,"{'detailed': True, 'instrument_type': 'option', 'underlying': 'SPXW', 'strike': 3950, 'expiry': '2022-09-15', 'dividend_rate': 0.015, 'opt_type': 'CE', 'timestamp': '2022-09-15 09:30:00', 'underlying_spot': 3949.0, 'id': 555056, 'bid': 9.0, 'ask': 9.5, 'mid': 9.25, 'delta': 0.4875478043850023, 'theta': -8.789582653532422, 'gamma': 0.0164116726253382, 'vega': 0.5324913194480416, 'sigma': 0.1819410607932454, 'moneyness': 0.03}",0,0
2022-09-15 09:30:00,2,1,1,straddle_component,622888,SPXW_3950_PE_20220915,50,31.25,trade,"{'detailed': True, 'instrument_type': 'option', 'underlying': 'SPXW', 'strike': 3950, 'expiry': '2022-09-15', 'dividend_rate': 0.015, 'opt_type': 'PE', 'timestamp': '2022-09-15 09:30:00', 'underlying_spot': 3949.0, 'id': 622888, 'bid': 29.75, 'ask': 31.25, 'mid': 30.5, 'delta': -0.5006097507841645, 'theta': -27.12867447509469, 'gamma': 0.0052972373509874, 'vega': 0.5327511739695243, 'sigma': 0.5639560649942376, 'moneyness': -0.03}",0,0
2022-11-03 09:30:00,1,1,1,straddle_component,592573,SPXW_3725_CE_20221103,50,23.0,trade,"{'detailed': True, 'instrument_type': 'option', 'underlying': 'SPXW', 'strike': 3725, 'expiry': '2022-11-03', 'dividend_rate': 0.015, 'opt_type': 'CE', 'timestamp': '2022-11-03 09:30:00', 'underlying_spot': 3725.75, 'id': 592573, 'bid': 22.25, 'ask': 23.0, 'mid': 22.62, 'delta': 0.5094822494541518, 'theta': -20.184109837187226, 'gamma': 0.0071658567435406, 'vega': 0.5024915691004246, 'sigma': 0.4417515159558204, 'moneyness': -0.02}",0,0
2022-11-03 09:30:00,2,1,1,straddle_component,275960,SPXW_3725_PE_20221103,50,15.75,trade,"{'detailed': True, 'instrument_type': 'option', 'underlying': 'SPXW', 'strike': 3725, 'expiry': '2022-11-03', 'dividend_rate': 0.015, 'opt_type': 'PE', 'timestamp': '2022-11-03 09:30:00', 'underlying_spot': 3725.75, 'id': 275960, 'bid': 15.25, 'ask': 15.75, 'mid': 15.5, 'delta': -0.4887947496407641, 'theta': -14.325750564958897, 'gamma': 0.0099930843155959, 'vega': 0.5024351821365292, 'sigma': 0.3167363370709974, 'moneyness': 0.02}",0,0
2022-08-11 09:30:00,1,1,1,straddle_component,357582,SPXW_4240_CE_20220811,50,14.25,trade,"{'detailed': True, 'instrument_type': 'option', 'underlying': 'SPXW', 'strike': 4240, 'expiry': '2022-08-11', 'dividend_rate': 0.015, 'opt_type': 'CE', 'timestamp': '2022-08-11 09:30:00', 'underlying_spot': 4240.25, 'id': 357582, 'bid': 13.75, 'ask': 14.25, 'mid': 14.0, 'delta': 0.5065685508825801, 'theta': -12.614634821077836, 'gamma': 0.0115130188937939, 'vega': 0.5719661543263044, 'sigma': 0.2416255057043152, 'moneyness': -0.01}",0,0
2022-08-11 09:30:00,2,1,1,straddle_component,575789,SPXW_4240_PE_20220811,50,13.75,trade,"{'detailed': True, 'instrument_type': 'option', 'underlying': 'SPXW', 'strike': 4240, 'expiry': '2022-08-11', 'dividend_rate': 0.015, 'opt_type': 'PE', 'timestamp': '2022-08-11 09:30:00', 'underlying_spot': 4240.25, 'id': 575789, 'bid': 13.25, 'ask': 13.75, 'mid': 13.5, 'delta': -0.4933964769408661, 'theta': -12.30687764608681, 'gamma': 0.0116340724432006, 'vega': 0.5719653232136395, 'sigma': 0.239111025707284, 'moneyness': 0.01}",0,0
2022-10-27 09:30:00,1,1,1,straddle_component,67829,SPXW_3860_CE_20221027,50,14.0,trade,"{'detailed': True, 'instrument_type': 'option', 'underlying': 'SPXW', 'strike': 3860, 'expiry': '2022-10-27', 'dividend_rate': 0.015, 'opt_type': 'CE', 'timestamp': '2022-10-27 09:30:00', 'underlying_spot': 3859.5, 'id': 67829, 'bid': 13.75, 'ask': 14.0, 'mid': 13.88, 'delta': 0.4980116542904866, 'theta': -12.82592424898354, 'gamma': 0.01130725369336, 'vega': 0.5206710383253901, 'sigma': 0.2703265831052339, 'moneyness': 0.01}",0,0
2022-10-27 09:30:00,2,1,1,straddle_component,505060,SPXW_3860_PE_20221027,50,23.5,trade,"{'detailed': True, 'instrument_type': 'option', 'underlying': 'SPXW', 'strike': 3860, 'expiry': '2022-10-27', 'dividend_rate': 0.015, 'opt_type': 'PE', 'timestamp': '2022-10-27 09:30:00', 'underlying_spot': 3859.5, 'id': 505060, 'bid': 23.0, 'ask': 23.5, 'mid': 23.25, 'delta': -0.4993421664206465, 'theta': -20.803116639388705, 'gamma': 0.0069056045504112, 'vega': 0.5206768255085521, 'sigma': 0.4426382962894689, 'moneyness': -0.01}",0,0
2022-05-19 09:30:00,1,1,1,straddle_component,571672,SPXW_3890_CE_20220519,50,23.5,trade,"{'detailed': True, 'instrument_type': 'option', 'underlying': 'SPXW', 'strike': 3890, 'expiry': '2022-05-19', 'dividend_rate': 0.015, 'opt_type': 'CE', 'timestamp': '2022-05-19 09:30:00', 'underlying_spot': 3892.25, 'id': 571672, 'bid': 22.75, 'ask': 23.5, 'mid': 23.12, 'delta': 0.5203284909054418, 'theta': -19.789469463895298, 'gamma': 0.0072451725685596, 'vega': 0.5244136301349105, 'sigma': 0.4177998713609241, 'moneyness': -0.06}",0,0
2022-05-19 09:30:00,2,1,1,straddle_component,331594,SPXW_3890_PE_20220519,50,25.5,trade,"{'detailed': True, 'instrument_type': 'option', 'underlying': 'SPXW', 'strike': 3890, 'expiry': '2022-05-19', 'dividend_rate': 0.015, 'opt_type': 'PE', 'timestamp': '2022-05-19 09:30:00', 'underlying_spot': 3892.25, 'id': 331594, 'bid': 24.75, 'ask': 25.5, 'mid': 25.12, 'delta': -0.4820098547506646, 'theta': -23.59839356099064, 'gamma': 0.0060474988217151, 'vega': 0.5245616475207271, 'sigma': 0.5006839102253133, 'moneyness': 0.06}",0,0
2022-12-01 09:30:00,1,1,1,straddle_component,420561,SPXW_4090_CE_20221201,50,17.25,trade,"{'detailed': True, 'instrument_type': 'option', 'underlying': 'SPXW', 'strike': 4090, 'expiry': '2022-12-01', 'dividend_rate': 0.015, 'opt_type': 'CE', 'timestamp': '2022-12-01 09:30:00', 'underlying_spot': 4090.75, 'id': 420561, 'bid': 16.75, 'ask': 17.25, 'mid': 17.0, 'delta': 0.510885371894787, 'theta': -15.081565238315946, 'gamma': 0.0096000518112759, 'vega': 0.5516694195135603, 'sigma': 0.3002923779071597, 'moneyness': -0.02}",0,0
2022-12-01 09:30:00,2,1,1,straddle_component,198402,SPXW_4090_PE_20221201,50,12.25,trade,"{'detailed': True, 'instrument_type': 'option', 'underlying': 'SPXW', 'strike': 4090, 'expiry': '2022-12-01', 'dividend_rate': 0.015, 'opt_type': 'PE', 'timestamp': '2022-12-01 09:30:00', 'underlying_spot': 4090.75, 'id': 198402, 'bid': 11.75, 'ask': 12.25, 'mid': 12.0, 'delta': -0.4866633114057883, 'theta': -11.141483520388675, 'gamma': 0.0128040658786687, 'vega': 0.5515661319395635, 'sigma': 0.2251069328191597, 'moneyness': 0.02}",0,0
2022-08-18 09:30:00,1,1,1,straddle_component,439872,SPXW_4280_CE_20220818,50,12.0,trade,"{'detailed': True, 'instrument_type': 'option', 'underlying': 'SPXW', 'strike': 4280, 'expiry': '2022-08-18', 'dividend_rate': 0.015, 'opt_type': 'CE', 'timestamp': '2022-08-18 09:30:00', 'underlying_spot': 4279.0, 'id': 439872, 'bid': 11.5, 'ask': 12.0, 'mid': 11.75, 'delta': 0.4907281682797304, 'theta': -11.076240735804422, 'gamma': 0.013052488760934, 'vega': 0.5771150774987168, 'sigma': 0.2111685916385564, 'moneyness': 0.02}",0,0
2022-08-18 09:30:00,2,1,1,straddle_component,444598,SPXW_4280_PE_20220818,50,14.25,trade,"{'detailed': True, 'instrument_type': 'option', 'underlying': 'SPXW', 'strike': 4280, 'expiry': '2022-08-18', 'dividend_rate': 0.015, 'opt_type': 'PE', 'timestamp': '2022-08-18 09:30:00', 'underlying_spot': 4279.0, 'id': 444598, 'bid': 13.75, 'ask': 14.25, 'mid': 14.0, 'delta': -0.5080415371852887, 'theta': -12.134330176379237, 'gamma': 0.0117452930759043, 'vega': 0.5771538708874182, 'sigma': 0.2346863639968454, 'moneyness': -0.02}",0,0
2022-11-17 09:30:00,1,1,1,straddle_component,785743,SPXW_3920_CE_20221117,50,17.0,trade,"{'detailed': True, 'instrument_type': 'option', 'underlying': 'SPXW', 'strike': 3920, 'expiry': '2022-11-17', 'dividend_rate': 0.015, 'opt_type': 'CE', 'timestamp': '2022-11-17 09:30:00', 'underlying_spot': 3921.5, 'id': 785743, 'bid': 16.5, 'ask': 17.0, 'mid': 16.75, 'delta': 0.5186559772720756, 'theta': -14.424897488038315, 'gamma': 0.0099725958335739, 'vega': 0.5284627608582912, 'sigma': 0.3013328625013799, 'moneyness': -0.04}",0,0
2022-11-17 09:30:00,2,1,1,straddle_component,220504,SPXW_3920_PE_20221117,50,20.0,trade,"{'detailed': True, 'instrument_type': 'option', 'underlying': 'SPXW', 'strike': 3920, 'expiry': '2022-11-17', 'dividend_rate': 0.015, 'opt_type': 'PE', 'timestamp': '2022-11-17 09:30:00', 'underlying_spot': 3921.5, 'id': 220504, 'bid': 19.5, 'ask': 20.0, 'mid': 19.75, 'delta': -0.4844797334307316, 'theta': -18.45471656245869, 'gamma': 0.0077412121157749, 'vega': 0.5286412531708251, 'sigma': 0.3883220883111329, 'moneyness': 0.04}",0,0
2022-10-20 09:30:00,1,1,1,straddle_component,599159,SPXW_3705_CE_20221020,50,17.5,trade,"{'detailed': True, 'instrument_type': 'option', 'underlying': 'SPXW', 'strike': 3705, 'expiry': '2022-10-20', 'dividend_rate': 0.015, 'opt_type': 'CE', 'timestamp': '2022-10-20 09:30:00', 'underlying_spot': 3703.25, 'id': 599159, 'bid': 17.0, 'ask': 17.5, 'mid': 17.25, 'delta': 0.4884014175303264, 'theta': -16.323800138179813, 'gamma': 0.0088074372683877, 'vega': 0.4993867619826595, 'sigma': 0.3615481448730664, 'moneyness': 0.05}",0,0
2022-10-20 09:30:00,2,1,1,straddle_component,446629,SPXW_3705_PE_20221020,50,22.0,trade,"{'detailed': True, 'instrument_type': 'option', 'underlying': 'SPXW', 'strike': 3705, 'expiry': '2022-10-20', 'dividend_rate': 0.015, 'opt_type': 'PE', 'timestamp': '2022-10-20 09:30:00', 'underlying_spot': 3703.25, 'id': 446629, 'bid': 21.5, 'ask': 22.0, 'mid': 21.75, 'delta': -0.5093056824321707, 'theta': -18.764667600764383, 'gamma': 0.0076105164481532, 'vega': 0.4994621054184591, 'sigma': 0.4184725705916031, 'moneyness': -0.05}",0,0
2022-12-08 09:30:00,1,1,1,straddle_component,799140,SPXW_3955_CE_20221208,50,13.75,trade,"{'detailed': True, 'instrument_type': 'option', 'underlying': 'SPXW', 'strike': 3955, 'expiry': '2022-12-08', 'dividend_rate': 0.015, 'opt_type': 'CE', 'timestamp': '2022-12-08 09:30:00', 'underlying_spot': 3953.5, 'id': 799140, 'bid': 13.25, 'ask': 13.75, 'mid': 13.5, 'delta': 0.4868440566094811, 'theta': -12.822877780432922, 'gamma': 0.0112120749129474, 'vega': 0.5330683263487686, 'sigma': 0.2659979449836096, 'moneyness': 0.04}",0,0
2022-12-08 09:30:00,2,1,1,straddle_component,606656,SPXW_3955_PE_20221208,50,14.0,trade,"{'detailed': True, 'instrument_type': 'option', 'underlying': 'SPXW', 'strike': 3955, 'expiry': '2022-12-08', 'dividend_rate': 0.015, 'opt_type': 'PE', 'timestamp': '2022-12-08 09:30:00', 'underlying_spot': 3953.5, 'id': 606656, 'bid': 13.5, 'ask': 14.0, 'mid': 13.75, 'delta': -0.5146218206009578, 'theta': -11.60287901558663, 'gamma': 0.0122011344672046, 'vega': 0.5329998707244119, 'sigma': 0.2444040869834812, 'moneyness': -0.04}",0,0
2022-04-28 09:30:00,1,1,1,straddle_component,312080,SPXW_4235_CE_20220428,50,20.75,trade,"{'detailed': True, 'instrument_type': 'option', 'underlying': 'SPXW', 'strike': 4235, 'expiry': '2022-04-28', 'dividend_rate': 0.015, 'opt_type': 'CE', 'timestamp': '2022-04-28 09:30:00', 'underlying_spot': 4235.25, 'id': 312080, 'bid': 18.75, 'ask': 20.75, 'mid': 19.75, 'delta': 0.505796629821198, 'theta': -17.8279402936932, 'gamma': 0.0081306069787956, 'vega': 0.5713088961672241, 'sigma': 0.3425582772211478, 'moneyness': -0.01}",0,0
2022-04-28 09:30:00,2,1,1,straddle_component,438373,SPXW_4235_PE_20220428,50,25.75,trade,"{'detailed': True, 'instrument_type': 'option', 'underlying': 'SPXW', 'strike': 4235, 'expiry': '2022-04-28', 'dividend_rate': 0.015, 'opt_type': 'PE', 'timestamp': '2022-04-28 09:30:00', 'underlying_spot': 4235.25, 'id': 438373, 'bid': 24.0, 'ask': 25.75, 'mid': 24.88, 'delta': -0.4943189457787156, 'theta': -22.61986639548972, 'gamma': 0.0063517469328644, 'vega': 0.5713112890786469, 'sigma': 0.4384964185119775, 'moneyness': 0.01}",0,0
2022-09-08 09:30:00,1,1,1,straddle_component,651186,SPXW_3950_CE_20220908,50,20.5,trade,"{'detailed': True, 'instrument_type': 'option', 'underlying': 'SPXW', 'strike': 3950, 'expiry': '2022-09-08', 'dividend_rate': 0.015, 'opt_type': 'CE', 'timestamp': '2022-09-08 09:30:00', 'underlying_spot': 3948.0, 'id': 651186, 'bid': 20.0, 'ask': 20.5, 'mid': 20.25, 'delta': 0.4889125053047394, 'theta': -19.14274324078116, 'gamma': 0.0075106556352011, 'vega': 0.5324109858531205, 'sigma': 0.3977037504632945, 'moneyness': 0.05}",0,0
2022-09-08 09:30:00,2,1,1,straddle_component,528967,SPXW_3950_PE_20220908,50,16.0,trade,"{'detailed': True, 'instrument_type': 'option', 'underlying': 'SPXW', 'strike': 3950, 'expiry': '2022-09-08', 'dividend_rate': 0.015, 'opt_type': 'PE', 'timestamp': '2022-09-08 09:30:00', 'underlying_spot': 3948.0, 'id': 528967, 'bid': 15.5, 'ask': 16.0, 'mid': 15.75, 'delta': -0.5178640582877314, 'theta': -13.109672287506854, 'gamma': 0.0107598172682799, 'vega': 0.5320819823106566, 'sigma': 0.277437189164816, 'moneyness': -0.05}",0,0
2022-06-23 09:30:00,1,1,1,straddle_component,372117,SPXW_3785_CE_20220623,50,19.0,trade,"{'detailed': True, 'instrument_type': 'option', 'underlying': 'SPXW', 'strike': 3785, 'expiry': '2022-06-23', 'dividend_rate': 0.015, 'opt_type': 'CE', 'timestamp': '2022-06-23 09:30:00', 'underlying_spot': 3787.0, 'id': 372117, 'bid': 18.25, 'ask': 19.0, 'mid': 18.62, 'delta': 0.5218846468036276, 'theta': -15.825851611858866, 'gamma': 0.0090483082715309, 'vega': 0.5101272839476856, 'sigma': 0.3437680626842949, 'moneyness': -0.05}",0,0
2022-06-23 09:30:00,2,1,1,straddle_component,372376,SPXW_3785_PE_20220623,50,20.75,trade,"{'detailed': True, 'instrument_type': 'option', 'underlying': 'SPXW', 'strike': 3785, 'expiry': '2022-06-23', 'dividend_rate': 0.015, 'opt_type': 'PE', 'timestamp': '2022-06-23 09:30:00', 'underlying_spot': 3787.0, 'id': 372376, 'bid': 20.0, 'ask': 20.75, 'mid': 20.38, 'delta': -0.4811226655585088, 'theta': -19.185452752082835, 'gamma': 0.0074244702474857, 'vega': 0.510324405442109, 'sigma': 0.4191167244259843, 'moneyness': 0.05}",0,0
2022-10-06 09:30:00,1,1,1,straddle_component,442087,SPXW_3780_CE_20221006,50,18.25,trade,"{'detailed': True, 'instrument_type': 'option', 'underlying': 'SPXW', 'strike': 3780, 'expiry': '2022-10-06', 'dividend_rate': 0.015, 'opt_type': 'CE', 'timestamp': '2022-10-06 09:30:00', 'underlying_spot': 3782.0, 'id': 442087, 'bid': 17.75, 'ask': 18.25, 'mid': 18.0, 'delta': 0.5225253971314459, 'theta': -15.252608803315509, 'gamma': 0.009381814791709, 'vega': 0.5094080447514653, 'sigma': 0.3319561740102708, 'moneyness': -0.05}",0,0
2022-10-06 09:30:00,2,1,1,straddle_component,411449,SPXW_3780_PE_20221006,50,17.75,trade,"{'detailed': True, 'instrument_type': 'option', 'underlying': 'SPXW', 'strike': 3780, 'expiry': '2022-10-06', 'dividend_rate': 0.015, 'opt_type': 'PE', 'timestamp': '2022-10-06 09:30:00', 'underlying_spot': 3782.0, 'id': 411449, 'bid': 17.25, 'ask': 17.75, 'mid': 17.5, 'delta': -0.4790100977421829, 'theta': -16.556113656621793, 'gamma': 0.0085752765599522, 'vega': 0.5095153814479385, 'sigma': 0.3632543277772219, 'moneyness': 0.05}",0,0
2022-12-29 09:30:00,1,1,1,straddle_component,400232,SPXW_3835_CE_20221229,50,13.5,trade,"{'detailed': True, 'instrument_type': 'option', 'underlying': 'SPXW', 'strike': 3835, 'expiry': '2022-12-29', 'dividend_rate': 0.015, 'opt_type': 'CE', 'timestamp': '2022-12-29 09:30:00', 'underlying_spot': 3833.75, 'id': 400232, 'bid': 13.0, 'ask': 13.5, 'mid': 13.25, 'delta': 0.4892711418270856, 'theta': -12.519289609482971, 'gamma': 0.0115141889089898, 'vega': 0.517016253972586, 'sigma': 0.2671579484765574, 'moneyness': 0.03}",0,0
2022-12-29 09:30:00,2,1,1,straddle_component,137286,SPXW_3835_PE_20221229,50,13.75,trade,"{'detailed': True, 'instrument_type': 'option', 'underlying': 'SPXW', 'strike': 3835, 'expiry': '2022-12-29', 'dividend_rate': 0.015, 'opt_type': 'PE', 'timestamp': '2022-12-29 09:30:00', 'underlying_spot': 3833.75, 'id': 137286, 'bid': 13.25, 'ask': 13.75, 'mid': 13.5, 'delta': -0.5117240984163551, 'theta': -11.532997937544945, 'gamma': 0.0123197122015028, 'vega': 0.5169798289790837, 'sigma': 0.2496723127918114, 'moneyness': -0.03}",0,0
2022-05-12 09:30:00,1,1,1,straddle_component,447656,SPXW_3905_CE_20220512,50,24.0,trade,"{'detailed': True, 'instrument_type': 'option', 'underlying': 'SPXW', 'strike': 3905, 'expiry': '2022-05-12', 'dividend_rate': 0.015, 'opt_type': 'CE', 'timestamp': '2022-05-12 09:30:00', 'underlying_spot': 3905.0, 'id': 447656, 'bid': 23.0, 'ask': 24.0, 'mid': 23.5, 'delta': 0.504121003470992, 'theta': -21.33996511862849, 'gamma': 0.0067860536390185, 'vega': 0.5267877449136193, 'sigma': 0.445164817336342, 'moneyness': 0.0}",0,0
2022-05-12 09:30:00,2,1,1,straddle_component,533956,SPXW_3905_PE_20220512,50,31.75,trade,"{'detailed': True, 'instrument_type': 'option', 'underlying': 'SPXW', 'strike': 3905, 'expiry': '2022-05-12', 'dividend_rate': 0.015, 'opt_type': 'PE', 'timestamp': '2022-05-12 09:30:00', 'underlying_spot': 3905.0, 'id': 533956, 'bid': 31.0, 'ask': 31.75, 'mid': 31.38, 'delta': -0.4951418572217037, 'theta': -28.4038645226391, 'gamma': 0.0050641663662531, 'vega': 0.5267767908822591, 'sigma': 0.5965146502538939, 'moneyness': 0.0}",0,0
2022-07-07 09:30:00,1,1,1,straddle_component,736218,SPXW_3875_CE_20220707,50,12.75,trade,"{'detailed': True, 'instrument_type': 'option', 'underlying': 'SPXW', 'strike': 3875, 'expiry': '2022-07-07', 'dividend_rate': 0.015, 'opt_type': 'CE', 'timestamp': '2022-07-07 09:30:00', 'underlying_spot': 3874.25, 'id': 736218, 'bid': 12.0, 'ask': 12.75, 'mid': 12.38, 'delta': 0.4942885267144703, 'theta': -11.557210449669752, 'gamma': 0.0125325896505046, 'vega': 0.5226137160517599, 'sigma': 0.2429457788403184, 'moneyness': 0.02}",0,0
2022-07-07 09:30:00,2,1,1,straddle_component,777530,SPXW_3875_PE_20220707,50,21.0,trade,"{'detailed': True, 'instrument_type': 'option', 'underlying': 'SPXW', 'strike': 3875, 'expiry': '2022-07-07', 'dividend_rate': 0.015, 'opt_type': 'PE', 'timestamp': '2022-07-07 09:30:00', 'underlying_spot': 3874.25, 'id': 777530, 'bid': 20.25, 'ask': 21.0, 'mid': 20.62, 'delta': -0.5019794990314352, 'theta': -18.29580312827335, 'gamma': 0.0078417328097657, 'vega': 0.522660974198546, 'sigma': 0.3883088596041892, 'moneyness': -0.02}",0,0
2022-06-30 09:30:00,1,1,1,straddle_component,278342,SPXW_3780_CE_20220630,50,22.25,trade,"{'detailed': True, 'instrument_type': 'option', 'underlying': 'SPXW', 'strike': 3780, 'expiry': '2022-06-30', 'dividend_rate': 0.015, 'opt_type': 'CE', 'timestamp': '2022-06-30 09:30:00', 'underlying_spot': 3782.0, 'id': 278342, 'bid': 21.75, 'ask': 22.25, 'mid': 22.0, 'delta': 0.5191774871851962, 'theta': -18.914515825959548, 'gamma': 0.0075908874563879, 'vega': 0.5096322840147707, 'sigma': 0.4104552851806216, 'moneyness': -0.05}",0,0
2022-06-30 09:30:00,2,1,1,straddle_component,272133,SPXW_3780_PE_20220630,50,24.25,trade,"{'detailed': True, 'instrument_type': 'option', 'underlying': 'SPXW', 'strike': 3780, 'expiry': '2022-06-30', 'dividend_rate': 0.015, 'opt_type': 'PE', 'timestamp': '2022-06-30 09:30:00', 'underlying_spot': 3782.0, 'id': 272133, 'bid': 23.5, 'ask': 24.25, 'mid': 23.88, 'delta': -0.4829130641178736, 'theta': -22.37949138387975, 'gamma': 0.0063818196949227, 'vega': 0.5097539751335738, 'sigma': 0.488334506921962, 'moneyness': 0.05}",0,0
2022-07-28 09:30:00,1,1,1,straddle_component,461600,SPXW_4040_CE_20220728,50,12.25,trade,"{'detailed': True, 'instrument_type': 'option', 'underlying': 'SPXW', 'strike': 4040, 'expiry': '2022-07-28', 'dividend_rate': 0.015, 'opt_type': 'CE', 'timestamp': '2022-07-28 09:30:00', 'underlying_spot': 4038.5, 'id': 461600, 'bid': 11.5, 'ask': 12.25, 'mid': 11.88, 'delta': 0.4847144592870833, 'theta': -11.334139964981796, 'gamma': 0.0126621870322196, 'vega': 0.5444251952924475, 'sigma': 0.2305337443521256, 'moneyness': 0.04}",0,0
2022-07-28 09:30:00,2,1,1,straddle_component,249153,SPXW_4040_PE_20220728,50,20.5,trade,"{'detailed': True, 'instrument_type': 'option', 'underlying': 'SPXW', 'strike': 4040, 'expiry': '2022-07-28', 'dividend_rate': 0.015, 'opt_type': 'PE', 'timestamp': '2022-07-28 09:30:00', 'underlying_spot': 4038.5, 'id': 249153, 'bid': 19.25, 'ask': 20.5, 'mid': 19.88, 'delta': -0.5086660010148236, 'theta': -17.199238754440636, 'gamma': 0.0083026700892219, 'vega': 0.5446973593419564, 'sigma': 0.3517562885802183, 'moneyness': -0.04}",0,0
2022-05-26 09:30:00,1,1,1,straddle_component,613542,SPXW_3990_CE_20220526,50,21.5,trade,"{'detailed': True, 'instrument_type': 'option', 'underlying': 'SPXW', 'strike': 3990, 'expiry': '2022-05-26', 'dividend_rate': 0.015, 'opt_type': 'CE', 'timestamp': '2022-05-26 09:30:00', 'underlying_spot': 3989.5, 'id': 613542, 'bid': 20.75, 'ask': 21.5, 'mid': 21.12, 'delta': 0.5001973657922321, 'theta': -19.40437975216852, 'gamma': 0.0074636896130186, 'vega': 0.5382155092027006, 'sigma': 0.3961961400179529, 'moneyness': 0.01}",0,0
2022-05-26 09:30:00,2,1,1,straddle_component,722608,SPXW_3990_PE_20220526,50,22.0,trade,"{'detailed': True, 'instrument_type': 'option', 'underlying': 'SPXW', 'strike': 3990, 'expiry': '2022-05-26', 'dividend_rate': 0.015, 'opt_type': 'PE', 'timestamp': '2022-05-26 09:30:00', 'underlying_spot': 3989.5, 'id': 722608, 'bid': 21.25, 'ask': 22.0, 'mid': 21.62, 'delta': -0.4997785645278085, 'theta': -19.3281220580842, 'gamma': 0.0074288747597961, 'vega': 0.5382154922805569, 'sigma': 0.3980528675136499, 'moneyness': -0.01}",0,0
2022-09-29 09:30:00,1,1,1,straddle_component,165496,SPXW_3695_CE_20220929,50,22.5,trade,"{'detailed': True, 'instrument_type': 'option', 'underlying': 'SPXW', 'strike': 3695, 'expiry': '2022-09-29', 'dividend_rate': 0.015, 'opt_type': 'CE', 'timestamp': '2022-09-29 09:30:00', 'underlying_spot': 3695.0, 'id': 165496, 'bid': 22.0, 'ask': 22.5, 'mid': 22.25, 'delta': 0.5041221728571799, 'theta': -20.20483862085446, 'gamma': 0.0071672788948262, 'vega': 0.4984585553177449, 'sigma': 0.4454409583957723, 'moneyness': 0.0}",0,0
2022-09-29 09:30:00,2,1,1,straddle_component,277339,SPXW_3695_PE_20220929,50,23.0,trade,"{'detailed': True, 'instrument_type': 'option', 'underlying': 'SPXW', 'strike': 3695, 'expiry': '2022-09-29', 'dividend_rate': 0.015, 'opt_type': 'PE', 'timestamp': '2022-09-29 09:30:00', 'underlying_spot': 3695.0, 'id': 277339, 'bid': 22.5, 'ask': 23.0, 'mid': 22.75, 'delta': -0.4958266937178379, 'theta': -20.58741196053866, 'gamma': 0.0069809692249123, 'vega': 0.4984578911282753, 'sigma': 0.4573283651704574, 'moneyness': 0.0}",0,0
2022-11-10 09:30:00,1,1,1,straddle_component,251159,SPXW_3900_CE_20221110,50,18.25,trade,"{'detailed': True, 'instrument_type': 'option', 'underlying': 'SPXW', 'strike': 3900, 'expiry': '2022-11-10', 'dividend_rate': 0.015, 'opt_type': 'CE', 'timestamp': '2022-11-10 09:30:00', 'underlying_spot': 3898.0, 'id': 251159, 'bid': 17.75, 'ask': 18.25, 'mid': 18.0, 'delta': 0.487004250956069, 'theta': -17.08448090823994, 'gamma': 0.0084023060153981, 'vega': 0.5255921511136386, 'sigma': 0.3600074532965525, 'moneyness': 0.05}",0,0
2022-11-10 09:30:00,2,1,1,straddle_component,264115,SPXW_3900_PE_20221110,50,24.0,trade,"{'detailed': True, 'instrument_type': 'option', 'underlying': 'SPXW', 'strike': 3900, 'expiry': '2022-11-10', 'dividend_rate': 0.015, 'opt_type': 'PE', 'timestamp': '2022-11-10 09:30:00', 'underlying_spot': 3898.0, 'id': 264115, 'bid': 23.25, 'ask': 24.0, 'mid': 23.62, 'delta': -0.5099833253547459, 'theta': -20.324168191365708, 'gamma': 0.0070225840786974, 'vega': 0.5257066836334641, 'sigma': 0.4308315959589259, 'moneyness': -0.05}",0,0
2022-12-15 09:30:00,1,1,1,straddle_component,144288,SPXW_3980_CE_20221215,50,5.25,trade,"{'detailed': True, 'instrument_type': 'option', 'underlying': 'SPXW', 'strike': 3980, 'expiry': '2022-12-15', 'dividend_rate': 0.015, 'opt_type': 'CE', 'timestamp': '2022-12-15 09:30:00', 'underlying_spot': 3981.25, 'id': 144288, 'bid': 4.85, 'ask': 5.25, 'mid': 5.05, 'delta': 0.5523698680520717, 'theta': -3.782452756984342, 'gamma': 0.036333083297535, 'vega': 0.5323983771676959, 'sigma': 0.0808531600203381, 'moneyness': -0.03}",0,0
2022-12-15 09:30:00,2,1,1,straddle_component,411666,SPXW_3980_PE_20221215,50,41.75,trade,"{'detailed': True, 'instrument_type': 'option', 'underlying': 'SPXW', 'strike': 3980, 'expiry': '2022-12-15', 'dividend_rate': 0.015, 'opt_type': 'PE', 'timestamp': '2022-12-15 09:30:00', 'underlying_spot': 3981.25, 'id': 411666, 'bid': 40.5, 'ask': 41.75, 'mid': 41.12, 'delta': -0.489351856820619, 'theta': -37.776732591126205, 'gamma': 0.0038056895590443, 'vega': 0.5369112533701603, 'sigma': 0.7783497494700969, 'moneyness': 0.03}",0,0
2022-08-04 09:30:00,1,1,1,straddle_component,331318,SPXW_4155_CE_20220804,50,15.5,trade,"{'detailed': True, 'instrument_type': 'option', 'underlying': 'SPXW', 'strike': 4155, 'expiry': '2022-08-04', 'dividend_rate': 0.015, 'opt_type': 'CE', 'timestamp': '2022-08-04 09:30:00', 'underlying_spot': 4155.0, 'id': 331318, 'bid': 15.0, 'ask': 15.5, 'mid': 15.25, 'delta': 0.5036648877008609, 'theta': -13.86385296075412, 'gamma': 0.010471365943232, 'vega': 0.5605191995530934, 'sigma': 0.2711375289685588, 'moneyness': 0.0}",0,0
2022-08-04 09:30:00,2,1,1,straddle_component,329784,SPXW_4155_PE_20220804,50,15.25,trade,"{'detailed': True, 'instrument_type': 'option', 'underlying': 'SPXW', 'strike': 4155, 'expiry': '2022-08-04', 'dividend_rate': 0.015, 'opt_type': 'PE', 'timestamp': '2022-08-04 09:30:00', 'underlying_spot': 4155.0, 'id': 329784, 'bid': 14.5, 'ask': 15.25, 'mid': 14.88, 'delta': -0.4963343920499241, 'theta': -13.444452644334332, 'gamma': 0.010661438381021, 'vega': 0.560519189651286, 'sigma': 0.2663036770427839, 'moneyness': 0.0}",0,0
2022-07-21 09:30:00,1,1,1,straddle_component,424822,SPXW_3950_CE_20220721,50,20.25,trade,"{'detailed': True, 'instrument_type': 'option', 'underlying': 'SPXW', 'strike': 3950, 'expiry': '2022-07-21', 'dividend_rate': 0.015, 'opt_type': 'CE', 'timestamp': '2022-07-21 09:30:00', 'underlying_spot': 3952.0, 'id': 424822, 'bid': 19.25, 'ask': 20.25, 'mid': 19.75, 'delta': 0.5208130033400593, 'theta': -16.858150833356103, 'gamma': 0.008505197506281, 'vega': 0.5324303406491584, 'sigma': 0.3505009658094002, 'moneyness': -0.05}",0,0
2022-07-21 09:30:00,2,1,1,straddle_component,185619,SPXW_3950_PE_20220721,50,15.25,trade,"{'detailed': True, 'instrument_type': 'option', 'underlying': 'SPXW', 'strike': 3950, 'expiry': '2022-07-21', 'dividend_rate': 0.015, 'opt_type': 'PE', 'timestamp': '2022-07-21 09:30:00', 'underlying_spot': 3952.0, 'id': 185619, 'bid': 14.75, 'ask': 15.25, 'mid': 15.0, 'delta': -0.476470341956059, 'theta': -14.261778164581992, 'gamma': 0.0099099437633753, 'vega': 0.5322280721681167, 'sigma': 0.3007030008899967, 'moneyness': 0.05}",0,0
2022-12-22 09:30:00,1,1,1,straddle_component,694333,SPXW_3875_CE_20221222,50,11.25,trade,"{'detailed': True, 'instrument_type': 'option', 'underlying': 'SPXW', 'strike': 3875, 'expiry': '2022-12-22', 'dividend_rate': 0.015, 'opt_type': 'CE', 'timestamp': '2022-12-22 09:30:00', 'underlying_spot': 3873.5, 'id': 694333, 'bid': 11.0, 'ask': 11.25, 'mid': 11.12, 'delta': 0.4835234872855309, 'theta': -10.643725430368896, 'gamma': 0.0134633040005383, 'vega': 0.5221194659714463, 'sigma': 0.2260249813592903, 'moneyness': 0.04}",0,0
2022-12-22 09:30:00,2,1,1,straddle_component,145633,SPXW_3875_PE_20221222,50,14.0,trade,"{'detailed': True, 'instrument_type': 'option', 'underlying': 'SPXW', 'strike': 3875, 'expiry': '2022-12-22', 'dividend_rate': 0.015, 'opt_type': 'PE', 'timestamp': '2022-12-22 09:30:00', 'underlying_spot': 3873.5, 'id': 145633, 'bid': 13.5, 'ask': 14.0, 'mid': 13.75, 'delta': -0.5146304099823418, 'theta': -11.603651304207055, 'gamma': 0.0122021417858775, 'vega': 0.5222141061646282, 'sigma': 0.2494310149366214, 'moneyness': -0.04}",0,0
2022-03-31 09:30:00,1,1,1,straddle_component,534180,SPXW_4590_CE_20220331,50,13.75,trade,"{'detailed': True, 'instrument_type': 'option', 'underlying': 'SPXW', 'strike': 4590, 'expiry': '2022-03-31', 'dividend_rate': 0.015, 'opt_type': 'CE', 'timestamp': '2022-03-31 09:30:00', 'underlying_spot': 4589.5, 'id': 534180, 'bid': 13.25, 'ask': 13.75, 'mid': 13.5, 'delta': 0.4979309136795784, 'theta': -12.49252485824996, 'gamma': 0.011624332483251, 'vega': 0.6191520210946617, 'sigma': 0.2211277187022887, 'moneyness': 0.01}",0,0
2022-03-31 09:30:00,2,1,1,straddle_component,766724,SPXW_4590_PE_20220331,50,14.75,trade,"{'detailed': True, 'instrument_type': 'option', 'underlying': 'SPXW', 'strike': 4590, 'expiry': '2022-03-31', 'dividend_rate': 0.015, 'opt_type': 'PE', 'timestamp': '2022-03-31 09:30:00', 'underlying_spot': 4589.5, 'id': 766724, 'bid': 14.25, 'ask': 14.75, 'mid': 14.5, 'delta': -0.5018490277701737, 'theta': -12.85866080684084, 'gamma': 0.0111246708023315, 'vega': 0.6191537063902963, 'sigma': 0.2310602389542721, 'moneyness': -0.01}",0,0
2022-09-01 09:30:00,1,1,1,straddle_component,395781,SPXW_3935_CE_20220901,50,16.0,trade,"{'detailed': True, 'instrument_type': 'option', 'underlying': 'SPXW', 'strike': 3935, 'expiry': '2022-09-01', 'dividend_rate': 0.015, 'opt_type': 'CE', 'timestamp': '2022-09-01 09:30:00', 'underlying_spot': 3936.0, 'id': 395781, 'bid': 15.5, 'ask': 16.0, 'mid': 15.75, 'delta': 0.5141411632951787, 'theta': -13.807238740539908, 'gamma': 0.0104663091704537, 'vega': 0.5306640732577304, 'sigma': 0.2861942485467038, 'moneyness': -0.03}",0,0
2022-09-01 09:30:00,2,1,1,straddle_component,387185,SPXW_3935_PE_20220901,50,19.25,trade,"{'detailed': True, 'instrument_type': 'option', 'underlying': 'SPXW', 'strike': 3935, 'expiry': '2022-09-01', 'dividend_rate': 0.015, 'opt_type': 'PE', 'timestamp': '2022-09-01 09:30:00', 'underlying_spot': 3936.0, 'id': 387185, 'bid': 18.75, 'ask': 19.25, 'mid': 19.0, 'delta': -0.488023374769142, 'theta': -17.59654838844942, 'gamma': 0.0081382773942095, 'vega': 0.5307585902337717, 'sigma': 0.368128308722687, 'moneyness': 0.03}",0,0
2022-09-23 09:30:00,1,1,1,straddle_component,630335,SPXW_3730_CE_20220923,50,23.75,trade,"{'detailed': True, 'instrument_type': 'option', 'underlying': 'SPXW', 'strike': 3730, 'expiry': '2022-09-23', 'dividend_rate': 0.015, 'opt_type': 'CE', 'timestamp': '2022-09-23 09:30:00', 'underlying_spot': 3730.25, 'id': 630335, 'bid': 23.5, 'ask': 23.75, 'mid': 23.62, 'delta': 0.5059081936346743, 'theta': -21.336137023791427, 'gamma': 0.0067849056151203, 'vega': 0.5031854818003705, 'sigma': 0.4660716534923515, 'moneyness': -0.01}",0,0
2022-09-23 09:30:00,2,1,1,straddle_component,429135,SPXW_3730_PE_20220923,50,19.5,trade,"{'detailed': True, 'instrument_type': 'option', 'underlying': 'SPXW', 'strike': 3730, 'expiry': '2022-09-23', 'dividend_rate': 0.015, 'opt_type': 'PE', 'timestamp': '2022-09-23 09:30:00', 'underlying_spot': 3730.25, 'id': 429135, 'bid': 19.25, 'ask': 19.5, 'mid': 19.38, 'delta': -0.4940629433709986, 'theta': -17.638414363153572, 'gamma': 0.0081410121666181, 'vega': 0.5031849352889406, 'sigma': 0.3884343905451557, 'moneyness': 0.01}",0,0
2022-06-24 09:30:00,1,1,1,straddle_component,524705,SPXW_3835_CE_20220624,50,17.5,trade,"{'detailed': True, 'instrument_type': 'option', 'underlying': 'SPXW', 'strike': 3835, 'expiry': '2022-06-24', 'dividend_rate': 0.015, 'opt_type': 'CE', 'timestamp': '2022-06-24 09:30:00', 'underlying_spot': 3833.0, 'id': 524705, 'bid': 17.25, 'ask': 17.5, 'mid': 17.38, 'delta': 0.4864141200270566, 'theta': -16.511516031154702, 'gamma': 0.0086885843941786, 'vega': 0.5168022667994077, 'sigma': 0.3540321225865425, 'moneyness': 0.05}",0,0
2022-06-24 09:30:00,2,1,1,straddle_component,399386,SPXW_3835_PE_20220624,50,18.75,trade,"{'detailed': True, 'instrument_type': 'option', 'underlying': 'SPXW', 'strike': 3835, 'expiry': '2022-06-24', 'dividend_rate': 0.015, 'opt_type': 'PE', 'timestamp': '2022-06-24 09:30:00', 'underlying_spot': 3833.0, 'id': 399386, 'bid': 18.5, 'ask': 18.75, 'mid': 18.62, 'delta': -0.5142630642209767, 'theta': -15.751838042079394, 'gamma': 0.0090101274352605, 'vega': 0.5167715720472863, 'sigma': 0.3413775818040368, 'moneyness': -0.05}",0,0
2022-12-30 09:30:00,1,1,1,straddle_component,615762,SPXW_3845_CE_20221230,50,15.75,trade,"{'detailed': True, 'instrument_type': 'option', 'underlying': 'SPXW', 'strike': 3845, 'expiry': '2022-12-30', 'dividend_rate': 0.015, 'opt_type': 'CE', 'timestamp': '2022-12-30 09:30:00', 'underlying_spot': 3846.25, 'id': 615762, 'bid': 15.5, 'ask': 15.75, 'mid': 15.62, 'delta': 0.5169798264079262, 'theta': -13.547787775821575, 'gamma': 0.0106396223742422, 'vega': 0.518419497663146, 'sigma': 0.2880214485942384, 'moneyness': -0.03}",0,0
2022-12-30 09:30:00,2,1,1,straddle_component,295917,SPXW_3845_PE_20221230,50,14.25,trade,"{'detailed': True, 'instrument_type': 'option', 'underlying': 'SPXW', 'strike': 3845, 'expiry': '2022-12-30', 'dividend_rate': 0.015, 'opt_type': 'PE', 'timestamp': '2022-12-30 09:30:00', 'underlying_spot': 3846.25, 'id': 295917, 'bid': 14.0, 'ask': 14.25, 'mid': 14.12, 'delta': -0.4828838276825564, 'theta': -13.24672755618348, 'gamma': 0.0107501413992849, 'vega': 0.5184118982840715, 'sigma': 0.2850562194300162, 'moneyness': 0.03}",0,0
2022-11-04 09:30:00,1,1,1,straddle_component,717993,SPXW_3790_CE_20221104,50,18.5,trade,"{'detailed': True, 'instrument_type': 'option', 'underlying': 'SPXW', 'strike': 3790, 'expiry': '2022-11-04', 'dividend_rate': 0.015, 'opt_type': 'CE', 'timestamp': '2022-11-04 09:30:00', 'underlying_spot': 3787.75, 'id': 717993, 'bid': 18.25, 'ask': 18.5, 'mid': 18.38, 'delta': 0.4854509979287158, 'theta': -17.49646012572173, 'gamma': 0.0081864034129353, 'vega': 0.5106577145547391, 'sigma': 0.3802060814708545, 'moneyness': 0.06}",0,0
2022-11-04 09:30:00,2,1,1,straddle_component,104426,SPXW_3790_PE_20221104,50,20.75,trade,"{'detailed': True, 'instrument_type': 'option', 'underlying': 'SPXW', 'strike': 3790, 'expiry': '2022-11-04', 'dividend_rate': 0.015, 'opt_type': 'PE', 'timestamp': '2022-11-04 09:30:00', 'underlying_spot': 3787.75, 'id': 104426, 'bid': 20.5, 'ask': 20.75, 'mid': 20.62, 'delta': -0.514453214456978, 'theta': -17.4250197101655, 'gamma': 0.0081466313872624, 'vega': 0.5106621815603418, 'sigma': 0.3820655945454618, 'moneyness': -0.06}",0,0
2022-12-09 09:30:00,1,1,1,straddle_component,215639,SPXW_3955_CE_20221209,50,16.5,trade,"{'detailed': True, 'instrument_type': 'option', 'underlying': 'SPXW', 'strike': 3955, 'expiry': '2022-12-09', 'dividend_rate': 0.015, 'opt_type': 'CE', 'timestamp': '2022-12-09 09:30:00', 'underlying_spot': 3955.5, 'id': 215639, 'bid': 16.25, 'ask': 16.5, 'mid': 16.38, 'delta': 0.5086344717456726, 'theta': -14.642312955086542, 'gamma': 0.0098982944862768, 'vega': 0.5335036374106359, 'sigma': 0.3012444303044354, 'moneyness': -0.01}",0,0
2022-12-09 09:30:00,2,1,1,straddle_component,410462,SPXW_3955_PE_20221209,50,16.0,trade,"{'detailed': True, 'instrument_type': 'option', 'underlying': 'SPXW', 'strike': 3955, 'expiry': '2022-12-09', 'dividend_rate': 0.015, 'opt_type': 'PE', 'timestamp': '2022-12-09 09:30:00', 'underlying_spot': 3955.5, 'id': 410462, 'bid': 15.75, 'ask': 16.0, 'mid': 15.88, 'delta': -0.4913934403898423, 'theta': -14.566739999157916, 'gamma': 0.0098376883173045, 'vega': 0.5335044461922518, 'sigma': 0.3031007385711371, 'moneyness': 0.01}",0,0
2022-10-14 09:30:00,1,1,1,straddle_component,521757,SPXW_3705_CE_20221014,50,25.5,trade,"{'detailed': True, 'instrument_type': 'option', 'underlying': 'SPXW', 'strike': 3705, 'expiry': '2022-10-14', 'dividend_rate': 0.015, 'opt_type': 'CE', 'timestamp': '2022-10-14 09:30:00', 'underlying_spot': 3706.0, 'id': 521757, 'bid': 25.25, 'ask': 25.5, 'mid': 25.38, 'delta': 0.5107618288988647, 'theta': -22.55094774662985, 'gamma': 0.0064076669303858, 'vega': 0.499787195780792, 'sigma': 0.4966139733773099, 'moneyness': -0.03}",0,0
2022-10-14 09:30:00,2,1,1,straddle_component,740512,SPXW_3705_PE_20221014,50,25.25,trade,"{'detailed': True, 'instrument_type': 'option', 'underlying': 'SPXW', 'strike': 3705, 'expiry': '2022-10-14', 'dividend_rate': 0.015, 'opt_type': 'PE', 'timestamp': '2022-10-14 09:30:00', 'underlying_spot': 3706.0, 'id': 740512, 'bid': 25.0, 'ask': 25.25, 'mid': 25.12, 'delta': -0.4893678295744053, 'theta': -23.161031661858296, 'gamma': 0.0061972964005008, 'vega': 0.4997915576625793, 'sigma': 0.5134762620367348, 'moneyness': 0.03}",0,0
2022-09-09 09:30:00,1,1,1,straddle_component,738611,SPXW_4030_CE_20220909,50,16.5,trade,"{'detailed': True, 'instrument_type': 'option', 'underlying': 'SPXW', 'strike': 4030, 'expiry': '2022-09-09', 'dividend_rate': 0.015, 'opt_type': 'CE', 'timestamp': '2022-09-09 09:30:00', 'underlying_spot': 4032.25, 'id': 738611, 'bid': 16.25, 'ask': 16.5, 'mid': 16.38, 'delta': 0.5272490251233108, 'theta': -13.59179400262966, 'gamma': 0.0104632766095846, 'vega': 0.5427120656804432, 'sigma': 0.2789668085779199, 'moneyness': -0.06}",0,0
2022-09-09 09:30:00,2,1,1,straddle_component,58761,SPXW_4030_PE_20220909,50,14.75,trade,"{'detailed': True, 'instrument_type': 'option', 'underlying': 'SPXW', 'strike': 4030, 'expiry': '2022-09-09', 'dividend_rate': 0.015, 'opt_type': 'PE', 'timestamp': '2022-09-09 09:30:00', 'underlying_spot': 4032.25, 'id': 58761, 'bid': 14.5, 'ask': 14.75, 'mid': 14.62, 'delta': -0.473643292865944, 'theta': -13.977628540057148, 'gamma': 0.0100654395396304, 'vega': 0.5427940765607175, 'sigma': 0.290036698373339, 'moneyness': 0.06}",0,0
2022-02-25 09:30:00,1,1,1,straddle_component,632139,SPXW_4295_CE_20220225,50,25.0,trade,"{'detailed': True, 'instrument_type': 'option', 'underlying': 'SPXW', 'strike': 4295, 'expiry': '2022-02-25', 'dividend_rate': 0.015, 'opt_type': 'CE', 'timestamp': '2022-02-25 09:30:00', 'underlying_spot': 4293.25, 'id': 632139, 'bid': 24.5, 'ask': 25.0, 'mid': 24.75, 'delta': 0.4932099022436631, 'theta': -23.16891786818424, 'gamma': 0.0062261595701329, 'vega': 0.5791099112588451, 'sigma': 0.4412787383217974, 'moneyness': 0.04}",0,0
2022-02-25 09:30:00,2,1,1,straddle_component,552772,SPXW_4295_PE_20220225,50,24.5,trade,"{'detailed': True, 'instrument_type': 'option', 'underlying': 'SPXW', 'strike': 4295, 'expiry': '2022-02-25', 'dividend_rate': 0.015, 'opt_type': 'PE', 'timestamp': '2022-02-25 09:30:00', 'underlying_spot': 4293.25, 'id': 552772, 'bid': 24.0, 'ask': 24.5, 'mid': 24.25, 'delta': -0.5079332809819093, 'theta': -21.038101587317872, 'gamma': 0.0067955788196627, 'vega': 0.5790792456273071, 'sigma': 0.4042814522797543, 'moneyness': -0.04}",0,0
2022-02-18 09:30:00,1,1,1,straddle_component,734919,SPXW_4380_CE_20220218,50,20.0,trade,"{'detailed': True, 'instrument_type': 'option', 'underlying': 'SPXW', 'strike': 4380, 'expiry': '2022-02-18', 'dividend_rate': 0.015, 'opt_type': 'CE', 'timestamp': '2022-02-18 09:30:00', 'underlying_spot': 4381.0, 'id': 734919, 'bid': 19.75, 'ask': 20.0, 'mid': 19.88, 'delta': 0.5119656385749849, 'theta': -17.56234680132304, 'gamma': 0.0082349892593924, 'vega': 0.590766041814982, 'sigma': 0.3268514254468715, 'moneyness': -0.02}",0,0
2022-02-18 09:30:00,2,1,1,straddle_component,116282,SPXW_4380_PE_20220218,50,22.25,trade,"{'detailed': True, 'instrument_type': 'option', 'underlying': 'SPXW', 'strike': 4380, 'expiry': '2022-02-18', 'dividend_rate': 0.015, 'opt_type': 'PE', 'timestamp': '2022-02-18 09:30:00', 'underlying_spot': 4381.0, 'id': 116282, 'bid': 22.0, 'ask': 22.25, 'mid': 22.12, 'delta': -0.4890971484682538, 'theta': -20.43096223600921, 'gamma': 0.0070151176245758, 'vega': 0.5908112543415971, 'sigma': 0.3837174946135892, 'moneyness': 0.02}",0,0
2022-01-28 09:30:00,1,1,1,straddle_component,630262,SPXW_4335_CE_20220128,50,27.0,trade,"{'detailed': True, 'instrument_type': 'option', 'underlying': 'SPXW', 'strike': 4335, 'expiry': '2022-01-28', 'dividend_rate': 0.015, 'opt_type': 'CE', 'timestamp': '2022-01-28 09:30:00', 'underlying_spot': 4335.5, 'id': 630262, 'bid': 26.75, 'ask': 27.0, 'mid': 26.88, 'delta': 0.5071547996273296, 'theta': -24.169142257873155, 'gamma': 0.0059885611136678, 'vega': 0.5847996786302474, 'sigma': 0.4543080831975998, 'moneyness': -0.01}",0,0
2022-01-28 09:30:00,2,1,1,straddle_component,628134,SPXW_4335_PE_20220128,50,28.75,trade,"{'detailed': True, 'instrument_type': 'option', 'underlying': 'SPXW', 'strike': 4335, 'expiry': '2022-01-28', 'dividend_rate': 0.015, 'opt_type': 'PE', 'timestamp': '2022-01-28 09:30:00', 'underlying_spot': 4335.5, 'id': 628134, 'bid': 28.25, 'ask': 28.75, 'mid': 28.5, 'delta': -0.4929047935101849, 'theta': -26.01310815167454, 'gamma': 0.0055241640595227, 'vega': 0.5848012432336862, 'sigma': 0.4925014401599695, 'moneyness': 0.01}",0,0
2022-05-27 09:30:00,1,1,1,straddle_component,739089,SPXW_4085_CE_20220527,50,15.25,trade,"{'detailed': True, 'instrument_type': 'option', 'underlying': 'SPXW', 'strike': 4085, 'expiry': '2022-05-27', 'dividend_rate': 0.015, 'opt_type': 'CE', 'timestamp': '2022-05-27 09:30:00', 'underlying_spot': 4086.5, 'id': 739089, 'bid': 15.0, 'ask': 15.25, 'mid': 15.12, 'delta': 0.5203427181927012, 'theta': -12.940640699890752, 'gamma': 0.0111053965667906, 'vega': 0.5505838839410275, 'sigma': 0.2596162209896921, 'moneyness': -0.04}",0,0
2022-05-27 09:30:00,2,1,1,straddle_component,354848,SPXW_4085_PE_20220527,50,19.0,trade,"{'detailed': True, 'instrument_type': 'option', 'underlying': 'SPXW', 'strike': 4085, 'expiry': '2022-05-27', 'dividend_rate': 0.015, 'opt_type': 'PE', 'timestamp': '2022-05-27 09:30:00', 'underlying_spot': 4086.5, 'id': 354848, 'bid': 18.75, 'ask': 19.0, 'mid': 18.88, 'delta': -0.4840632239670128, 'theta': -17.65603209740329, 'gamma': 0.0080847745209666, 'vega': 0.55086146685918, 'sigma': 0.3567931020023384, 'moneyness': 0.04}",0,0
2022-08-19 09:30:00,1,1,1,straddle_component,425432,SPXW_4260_CE_20220819,50,14.25,trade,"{'detailed': True, 'instrument_type': 'option', 'underlying': 'SPXW', 'strike': 4260, 'expiry': '2022-08-19', 'dividend_rate': 0.015, 'opt_type': 'CE', 'timestamp': '2022-08-19 09:30:00', 'underlying_spot': 4259.0, 'id': 425432, 'bid': 14.0, 'ask': 14.25, 'mid': 14.12, 'delta': 0.4927489549350738, 'theta': -13.24008623475983, 'gamma': 0.0109246228063852, 'vega': 0.5744781604084848, 'sigma': 0.2535108716259495, 'moneyness': 0.02}",0,0
2022-08-19 09:30:00,2,1,1,straddle_component,317027,SPXW_4260_PE_20220819,50,13.75,trade,"{'detailed': True, 'instrument_type': 'option', 'underlying': 'SPXW', 'strike': 4260, 'expiry': '2022-08-19', 'dividend_rate': 0.015, 'opt_type': 'PE', 'timestamp': '2022-08-19 09:30:00', 'underlying_spot': 4259.0, 'id': 317027, 'bid': 13.5, 'ask': 13.75, 'mid': 13.62, 'delta': -0.5083625748151022, 'theta': -11.792841389508038, 'gamma': 0.0120797965763586, 'vega': 0.5744467193849916, 'sigma': 0.2292554791938838, 'moneyness': -0.02}",0,0
2022-01-07 09:30:00,1,1,1,straddle_component,551302,SPXW_4685_CE_20220107,50,14.0,trade,"{'detailed': True, 'instrument_type': 'option', 'underlying': 'SPXW', 'strike': 4685, 'expiry': '2022-01-07', 'dividend_rate': 0.015, 'opt_type': 'CE', 'timestamp': '2022-01-07 09:30:00', 'underlying_spot': 4685.25, 'id': 551302, 'bid': 13.75, 'ask': 14.0, 'mid': 13.88, 'delta': 0.5066652029936058, 'theta': -12.505594172601327, 'gamma': 0.0116228604518653, 'vega': 0.6319895099629429, 'sigma': 0.2166087114736933, 'moneyness': -0.01}",0,0
2022-01-07 09:30:00,2,1,1,straddle_component,760770,SPXW_4685_PE_20220107,50,12.75,trade,"{'detailed': True, 'instrument_type': 'option', 'underlying': 'SPXW', 'strike': 4685, 'expiry': '2022-01-07', 'dividend_rate': 0.015, 'opt_type': 'PE', 'timestamp': '2022-01-07 09:30:00', 'underlying_spot': 4685.25, 'id': 760770, 'bid': 12.5, 'ask': 12.75, 'mid': 12.62, 'delta': -0.4930703490251709, 'theta': -11.509253857874585, 'gamma': 0.0124237861420795, 'vega': 0.6319823355176926, 'sigma': 0.2026422816583273, 'moneyness': 0.01}",0,0
2022-06-10 09:30:00,1,1,1,straddle_component,364863,SPXW_3950_CE_20220610,50,26.25,trade,"{'detailed': True, 'instrument_type': 'option', 'underlying': 'SPXW', 'strike': 3950, 'expiry': '2022-06-10', 'dividend_rate': 0.015, 'opt_type': 'CE', 'timestamp': '2022-06-10 09:30:00', 'underlying_spot': 3949.25, 'id': 364863, 'bid': 26.0, 'ask': 26.25, 'mid': 26.12, 'delta': 0.4998384519481647, 'theta': -24.041659684484287, 'gamma': 0.0060176904526088, 'vega': 0.5327854814491406, 'sigma': 0.4964069156822313, 'moneyness': 0.02}",0,0
2022-06-10 09:30:00,2,1,1,straddle_component,657320,SPXW_3950_PE_20220610,50,24.5,trade,"{'detailed': True, 'instrument_type': 'option', 'underlying': 'SPXW', 'strike': 3950, 'expiry': '2022-06-10', 'dividend_rate': 0.015, 'opt_type': 'PE', 'timestamp': '2022-06-10 09:30:00', 'underlying_spot': 3949.25, 'id': 657320, 'bid': 24.25, 'ask': 24.5, 'mid': 24.38, 'delta': -0.5008160257119698, 'theta': -21.69809360243445, 'gamma': 0.0066185559433051, 'vega': 0.5327844066746792, 'sigma': 0.4513397209127226, 'moneyness': -0.02}",0,0
2022-02-11 09:30:00,1,1,1,straddle_component,247490,SPXW_4505_CE_20220211,50,19.25,trade,"{'detailed': True, 'instrument_type': 'option', 'underlying': 'SPXW', 'strike': 4505, 'expiry': '2022-02-11', 'dividend_rate': 0.015, 'opt_type': 'CE', 'timestamp': '2022-02-11 09:30:00', 'underlying_spot': 4503.25, 'id': 247490, 'bid': 19.0, 'ask': 19.25, 'mid': 19.12, 'delta': 0.4897589658337864, 'theta': -18.043937206645627, 'gamma': 0.0079831868049495, 'vega': 0.6073241242748111, 'sigma': 0.3280475932670587, 'moneyness': 0.04}",0,0
2022-02-11 09:30:00,2,1,1,straddle_component,190565,SPXW_4505_PE_20220211,50,21.25,trade,"{'detailed': True, 'instrument_type': 'option', 'underlying': 'SPXW', 'strike': 4505, 'expiry': '2022-02-11', 'dividend_rate': 0.015, 'opt_type': 'PE', 'timestamp': '2022-02-11 09:30:00', 'underlying_spot': 4503.25, 'id': 190565, 'bid': 21.0, 'ask': 21.25, 'mid': 21.12, 'delta': -0.5099780272374232, 'theta': -18.18668073931288, 'gamma': 0.0078405183501217, 'vega': 0.607334293968341, 'sigma': 0.3340224314356154, 'moneyness': -0.04}",0,0
2022-11-18 09:30:00,1,1,1,straddle_component,754090,SPXW_3985_CE_20221118,50,17.25,trade,"{'detailed': True, 'instrument_type': 'option', 'underlying': 'SPXW', 'strike': 3985, 'expiry': '2022-11-18', 'dividend_rate': 0.015, 'opt_type': 'CE', 'timestamp': '2022-11-18 09:30:00', 'underlying_spot': 3987.0, 'id': 754090, 'bid': 17.0, 'ask': 17.25, 'mid': 17.12, 'delta': 0.5234953390219843, 'theta': -14.451326999863424, 'gamma': 0.0098941644566252, 'vega': 0.536944348193666, 'sigma': 0.2985403965530631, 'moneyness': -0.05}",0,0
2022-11-18 09:30:00,2,1,1,straddle_component,552442,SPXW_3985_PE_20221118,50,13.75,trade,"{'detailed': True, 'instrument_type': 'option', 'underlying': 'SPXW', 'strike': 3985, 'expiry': '2022-11-18', 'dividend_rate': 0.015, 'opt_type': 'PE', 'timestamp': '2022-11-18 09:30:00', 'underlying_spot': 3987.0, 'id': 552442, 'bid': 13.5, 'ask': 13.75, 'mid': 13.62, 'delta': -0.4746266608560923, 'theta': -12.996851285921348, 'gamma': 0.0108380676699937, 'vega': 0.5367887836498904, 'sigma': 0.2724612994243756, 'moneyness': 0.05}",0,0
2022-08-12 09:30:00,1,1,1,straddle_component,569647,SPXW_4230_CE_20220812,50,13.0,trade,"{'detailed': True, 'instrument_type': 'option', 'underlying': 'SPXW', 'strike': 4230, 'expiry': '2022-08-12', 'dividend_rate': 0.015, 'opt_type': 'CE', 'timestamp': '2022-08-12 09:30:00', 'underlying_spot': 4230.5, 'id': 569647, 'bid': 12.75, 'ask': 13.0, 'mid': 12.88, 'delta': 0.5100754625543935, 'theta': -11.468741291854682, 'gamma': 0.0126565879376983, 'vega': 0.5705461178696432, 'sigma': 0.2202599092053641, 'moneyness': -0.01}",0,0
2022-08-12 09:30:00,2,1,1,straddle_component,260479,SPXW_4230_PE_20220812,50,12.0,trade,"{'detailed': True, 'instrument_type': 'option', 'underlying': 'SPXW', 'strike': 4230, 'expiry': '2022-08-12', 'dividend_rate': 0.015, 'opt_type': 'PE', 'timestamp': '2022-08-12 09:30:00', 'underlying_spot': 4230.5, 'id': 260479, 'bid': 11.75, 'ask': 12.0, 'mid': 11.88, 'delta': -0.4896930964211066, 'theta': -10.93406408737718, 'gamma': 0.0130661197417225, 'vega': 0.570537621653493, 'sigma': 0.2133531306470731, 'moneyness': 0.01}",0,0
2022-07-08 09:30:00,1,1,1,straddle_component,563165,SPXW_3890_CE_20220708,50,16.75,trade,"{'detailed': True, 'instrument_type': 'option', 'underlying': 'SPXW', 'strike': 3890, 'expiry': '2022-07-08', 'dividend_rate': 0.015, 'opt_type': 'CE', 'timestamp': '2022-07-08 09:30:00', 'underlying_spot': 3888.0, 'id': 563165, 'bid': 16.5, 'ask': 16.75, 'mid': 16.62, 'delta': 0.4856216601471175, 'theta': -15.824668123460553, 'gamma': 0.0090596817159394, 'vega': 0.5241813046609369, 'sigma': 0.3347039565982605, 'moneyness': 0.05}",0,0
2022-07-08 09:30:00,2,1,1,straddle_component,272816,SPXW_3890_PE_20220708,50,16.0,trade,"{'detailed': True, 'instrument_type': 'option', 'underlying': 'SPXW', 'strike': 3890, 'expiry': '2022-07-08', 'dividend_rate': 0.015, 'opt_type': 'PE', 'timestamp': '2022-07-08 09:30:00', 'underlying_spot': 3888.0, 'id': 272816, 'bid': 15.75, 'ask': 16.0, 'mid': 15.88, 'delta': -0.5176816593435163, 'theta': -13.225339841843814, 'gamma': 0.0106702774971267, 'vega': 0.524006366948373, 'sigma': 0.2840883556631247, 'moneyness': -0.05}",0,0
2022-10-21 09:30:00,1,1,1,straddle_component,348244,SPXW_3660_CE_20221021,50,25.0,trade,"{'detailed': True, 'instrument_type': 'option', 'underlying': 'SPXW', 'strike': 3660, 'expiry': '2022-10-21', 'dividend_rate': 0.015, 'opt_type': 'CE', 'timestamp': '2022-10-21 09:30:00', 'underlying_spot': 3660.75, 'id': 348244, 'bid': 24.75, 'ask': 25.0, 'mid': 24.88, 'delta': 0.5092261748702143, 'theta': -22.225006692094148, 'gamma': 0.0065062296883411, 'vega': 0.4937324702548142, 'sigma': 0.4951841145506528, 'moneyness': -0.02}",0,0
2022-10-21 09:30:00,2,1,1,straddle_component,368495,SPXW_3660_PE_20221021,50,18.5,trade,"{'detailed': True, 'instrument_type': 'option', 'underlying': 'SPXW', 'strike': 3660, 'expiry': '2022-10-21', 'dividend_rate': 0.015, 'opt_type': 'PE', 'timestamp': '2022-10-21 09:30:00', 'underlying_spot': 3660.75, 'id': 368495, 'bid': 18.25, 'ask': 18.5, 'mid': 18.38, 'delta': -0.4897744689346339, 'theta': -16.936965594291994, 'gamma': 0.008464962597543, 'vega': 0.4937022660182073, 'sigma': 0.380578741624001, 'moneyness': 0.02}",0,0
2022-04-01 09:30:00,1,1,1,straddle_component,617676,SPXW_4540_CE_20220401,50,14.75,trade,"{'detailed': True, 'instrument_type': 'option', 'underlying': 'SPXW', 'strike': 4540, 'expiry': '2022-04-01', 'dividend_rate': 0.015, 'opt_type': 'CE', 'timestamp': '2022-04-01 09:30:00', 'underlying_spot': 4541.0, 'id': 617676, 'bid': 14.5, 'ask': 14.75, 'mid': 14.62, 'delta': 0.5150318758710526, 'theta': -12.789044862135508, 'gamma': 0.0113091372355711, 'vega': 0.6121817672176642, 'sigma': 0.2295583546394256, 'moneyness': -0.02}",0,0
2022-04-01 09:30:00,2,1,1,straddle_component,542988,SPXW_4540_PE_20220401,50,13.5,trade,"{'detailed': True, 'instrument_type': 'option', 'underlying': 'SPXW', 'strike': 4540, 'expiry': '2022-04-01', 'dividend_rate': 0.015, 'opt_type': 'PE', 'timestamp': '2022-04-01 09:30:00', 'underlying_spot': 4541.0, 'id': 542988, 'bid': 13.25, 'ask': 13.5, 'mid': 13.38, 'delta': -0.4848511245667986, 'theta': -12.475010276075324, 'gamma': 0.0114197820799688, 'vega': 0.6121749431457779, 'sigma': 0.227331668418029, 'moneyness': 0.02}",0,0
2022-06-03 09:30:00,1,1,1,straddle_component,627815,SPXW_4125_CE_20220603,50,22.25,trade,"{'detailed': True, 'instrument_type': 'option', 'underlying': 'SPXW', 'strike': 4125, 'expiry': '2022-06-03', 'dividend_rate': 0.015, 'opt_type': 'CE', 'timestamp': '2022-06-03 09:30:00', 'underlying_spot': 4125.0, 'id': 627815, 'bid': 22.0, 'ask': 22.25, 'mid': 22.12, 'delta': 0.5039305844780628, 'theta': -20.09565822071987, 'gamma': 0.0072096709047286, 'vega': 0.5564686075474174, 'sigma': 0.3966631532050447, 'moneyness': 0.0}",0,0
2022-06-03 09:30:00,2,1,1,straddle_component,508007,SPXW_4125_PE_20220603,50,22.0,trade,"{'detailed': True, 'instrument_type': 'option', 'underlying': 'SPXW', 'strike': 4125, 'expiry': '2022-06-03', 'dividend_rate': 0.015, 'opt_type': 'PE', 'timestamp': '2022-06-03 09:30:00', 'underlying_spot': 4125.0, 'id': 508007, 'bid': 21.75, 'ask': 22.0, 'mid': 21.88, 'delta': -0.4960788010180295, 'theta': -19.79014182890948, 'gamma': 0.0072579088339352, 'vega': 0.5564687363378038, 'sigma': 0.3940269162523866, 'moneyness': 0.0}",0,0
2022-07-01 09:30:00,1,1,1,straddle_component,179554,SPXW_3790_CE_20220701,50,15.75,trade,"{'detailed': True, 'instrument_type': 'option', 'underlying': 'SPXW', 'strike': 3790, 'expiry': '2022-07-01', 'dividend_rate': 0.015, 'opt_type': 'CE', 'timestamp': '2022-07-01 09:30:00', 'underlying_spot': 3788.5, 'id': 179554, 'bid': 15.5, 'ask': 15.75, 'mid': 15.62, 'delta': 0.4890845009528632, 'theta': -14.764434404382106, 'gamma': 0.0097513339269994, 'vega': 0.5109074746794722, 'sigma': 0.3192186947973561, 'moneyness': 0.04}",0,0
2022-07-01 09:30:00,2,1,1,straddle_component,397814,SPXW_3790_PE_20220701,50,20.75,trade,"{'detailed': True, 'instrument_type': 'option', 'underlying': 'SPXW', 'strike': 3790, 'expiry': '2022-07-01', 'dividend_rate': 0.015, 'opt_type': 'PE', 'timestamp': '2022-07-01 09:30:00', 'underlying_spot': 3788.5, 'id': 397814, 'bid': 20.5, 'ask': 20.75, 'mid': 20.62, 'delta': -0.5080811392968343, 'theta': -17.885176133695584, 'gamma': 0.0079915250239537, 'vega': 0.5109940852301804, 'sigma': 0.3895795504094764, 'moneyness': -0.04}",0,0
2022-02-04 09:30:00,1,1,1,straddle_component,632618,SPXW_4470_CE_20220204,50,22.75,trade,"{'detailed': True, 'instrument_type': 'option', 'underlying': 'SPXW', 'strike': 4470, 'expiry': '2022-02-04', 'dividend_rate': 0.015, 'opt_type': 'CE', 'timestamp': '2022-02-04 09:30:00', 'underlying_spot': 4469.0, 'id': 632618, 'bid': 22.5, 'ask': 22.75, 'mid': 22.62, 'delta': 0.4969821662347939, 'theta': -20.96850792431363, 'gamma': 0.0069002144797991, 'vega': 0.6028866909207409, 'sigma': 0.3825578400574217, 'moneyness': 0.02}",0,0
2022-02-04 09:30:00,2,1,1,straddle_component,634274,SPXW_4470_PE_20220204,50,20.75,trade,"{'detailed': True, 'instrument_type': 'option', 'underlying': 'SPXW', 'strike': 4470, 'expiry': '2022-02-04', 'dividend_rate': 0.015, 'opt_type': 'PE', 'timestamp': '2022-02-04 09:30:00', 'underlying_spot': 4469.0, 'id': 634274, 'bid': 20.5, 'ask': 20.75, 'mid': 20.62, 'delta': -0.5041423384824384, 'theta': -18.15831745804008, 'gamma': 0.007887782231819, 'vega': 0.6028714115219511, 'sigma': 0.3346522726336646, 'moneyness': -0.02}",0,0
2022-07-22 09:30:00,1,1,1,straddle_component,769351,SPXW_4005_CE_20220722,50,14.5,trade,"{'detailed': True, 'instrument_type': 'option', 'underlying': 'SPXW', 'strike': 4005, 'expiry': '2022-07-22', 'dividend_rate': 0.015, 'opt_type': 'CE', 'timestamp': '2022-07-22 09:30:00', 'underlying_spot': 4006.25, 'id': 769351, 'bid': 14.25, 'ask': 14.5, 'mid': 14.38, 'delta': 0.5181999113411884, 'theta': -12.408535409222369, 'gamma': 0.0116119668369663, 'vega': 0.5399120489501561, 'sigma': 0.2533297831510309, 'moneyness': -0.03}",0,0
2022-07-22 09:30:00,2,1,1,straddle_component,520755,SPXW_4005_PE_20220722,50,14.75,trade,"{'detailed': True, 'instrument_type': 'option', 'underlying': 'SPXW', 'strike': 4005, 'expiry': '2022-07-22', 'dividend_rate': 0.015, 'opt_type': 'PE', 'timestamp': '2022-07-22 09:30:00', 'underlying_spot': 4006.25, 'id': 520755, 'bid': 14.5, 'ask': 14.75, 'mid': 14.62, 'delta': -0.4833265091114924, 'theta': -13.701290771619258, 'gamma': 0.0103975818177559, 'vega': 0.540002719852466, 'sigma': 0.282964798391775, 'moneyness': 0.03}",0,0
2022-10-28 09:30:00,1,1,1,straddle_component,784951,SPXW_3820_CE_20221028,50,18.0,trade,"{'detailed': True, 'instrument_type': 'option', 'underlying': 'SPXW', 'strike': 3820, 'expiry': '2022-10-28', 'dividend_rate': 0.015, 'opt_type': 'CE', 'timestamp': '2022-10-28 09:30:00', 'underlying_spot': 3819.75, 'id': 784951, 'bid': 17.75, 'ask': 18.0, 'mid': 17.88, 'delta': 0.5015625570072402, 'theta': -16.35039926572509, 'gamma': 0.0088654608632054, 'vega': 0.5153109902112583, 'sigma': 0.3483715992329719, 'moneyness': 0.01}",0,0
2022-10-28 09:30:00,2,1,1,straddle_component,524433,SPXW_3820_PE_20221028,50,19.0,trade,"{'detailed': True, 'instrument_type': 'option', 'underlying': 'SPXW', 'strike': 3820, 'expiry': '2022-10-28', 'dividend_rate': 0.015, 'opt_type': 'PE', 'timestamp': '2022-10-28 09:30:00', 'underlying_spot': 3819.75, 'id': 524433, 'bid': 18.75, 'ask': 19.0, 'mid': 18.88, 'delta': -0.4982913235446418, 'theta': -16.95734507551733, 'gamma': 0.008466603524937, 'vega': 0.5153102165242274, 'sigma': 0.3647826537582673, 'moneyness': -0.01}",0,0
2022-07-29 09:30:00,1,1,1,straddle_component,652991,SPXW_4090_CE_20220729,50,15.5,trade,"{'detailed': True, 'instrument_type': 'option', 'underlying': 'SPXW', 'strike': 4090, 'expiry': '2022-07-29', 'dividend_rate': 0.015, 'opt_type': 'CE', 'timestamp': '2022-07-29 09:30:00', 'underlying_spot': 4089.0, 'id': 652991, 'bid': 15.25, 'ask': 15.5, 'mid': 15.38, 'delta': 0.4936103629411548, 'theta': -14.376135211181516, 'gamma': 0.0100601386776588, 'vega': 0.5515680278564954, 'sigma': 0.2867513969419673, 'moneyness': 0.02}",0,0
2022-07-29 09:30:00,2,1,1,straddle_component,653032,SPXW_4090_PE_20220729,50,15.75,trade,"{'detailed': True, 'instrument_type': 'option', 'underlying': 'SPXW', 'strike': 4090, 'expiry': '2022-07-29', 'dividend_rate': 0.015, 'opt_type': 'PE', 'timestamp': '2022-07-29 09:30:00', 'underlying_spot': 4089.0, 'id': 653032, 'bid': 15.5, 'ask': 15.75, 'mid': 15.62, 'delta': -0.5068241567307119, 'theta': -13.615800686956552, 'gamma': 0.010489444814965, 'vega': 0.5515580503527246, 'sigma': 0.2750104342148571, 'moneyness': -0.02}",0,0
2022-08-26 09:30:00,1,1,1,straddle_component,121685,SPXW_4200_CE_20220826,50,24.75,trade,"{'detailed': True, 'instrument_type': 'option', 'underlying': 'SPXW', 'strike': 4200, 'expiry': '2022-08-26', 'dividend_rate': 0.015, 'opt_type': 'CE', 'timestamp': '2022-08-26 09:30:00', 'underlying_spot': 4198.0, 'id': 121685, 'bid': 24.5, 'ask': 24.75, 'mid': 24.62, 'delta': 0.4916952781524486, 'theta': -23.13747783056148, 'gamma': 0.0062263090683245, 'vega': 0.5662210786393302, 'sigma': 0.4512476469781848, 'moneyness': 0.05}",0,0
2022-08-26 09:30:00,2,1,1,straddle_component,71524,SPXW_4200_PE_20220826,50,23.0,trade,"{'detailed': True, 'instrument_type': 'option', 'underlying': 'SPXW', 'strike': 4200, 'expiry': '2022-08-26', 'dividend_rate': 0.015, 'opt_type': 'PE', 'timestamp': '2022-08-26 09:30:00', 'underlying_spot': 4198.0, 'id': 71524, 'bid': 22.75, 'ask': 23.0, 'mid': 22.88, 'delta': -0.5106268827713478, 'theta': -19.63645957896733, 'gamma': 0.0072613995882875, 'vega': 0.5661427568609163, 'sigma': 0.386870227436741, 'moneyness': -0.05}",0,0
2022-03-04 09:30:00,1,1,1,straddle_component,251343,SPXW_4325_CE_20220304,50,24.0,trade,"{'detailed': True, 'instrument_type': 'option', 'underlying': 'SPXW', 'strike': 4325, 'expiry': '2022-03-04', 'dividend_rate': 0.015, 'opt_type': 'CE', 'timestamp': '2022-03-04 09:30:00', 'underlying_spot': 4325.25, 'id': 251343, 'bid': 23.5, 'ask': 24.0, 'mid': 23.75, 'delta': 0.5056450566438997, 'theta': -21.455189688121965, 'gamma': 0.0067511947321463, 'vega': 0.5834525253499621, 'sigma': 0.4039680308323949, 'moneyness': -0.01}",0,0
2022-03-04 09:30:00,2,1,1,straddle_component,497538,SPXW_4325_PE_20220304,50,25.25,trade,"{'detailed': True, 'instrument_type': 'option', 'underlying': 'SPXW', 'strike': 4325, 'expiry': '2022-03-04', 'dividend_rate': 0.015, 'opt_type': 'PE', 'timestamp': '2022-03-04 09:30:00', 'underlying_spot': 4325.25, 'id': 497538, 'bid': 24.75, 'ask': 25.25, 'mid': 25.0, 'delta': -0.4943555471211169, 'theta': -22.73233272016536, 'gamma': 0.0063199442479344, 'vega': 0.5834525400699473, 'sigma': 0.4315333883479262, 'moneyness': 0.01}",0,0
2022-12-23 09:30:00,1,1,1,straddle_component,146533,SPXW_3840_CE_20221223,50,17.5,trade,"{'detailed': True, 'instrument_type': 'option', 'underlying': 'SPXW', 'strike': 3840, 'expiry': '2022-12-23', 'dividend_rate': 0.015, 'opt_type': 'CE', 'timestamp': '2022-12-23 09:30:00', 'underlying_spot': 3841.0, 'id': 146533, 'bid': 17.25, 'ask': 17.5, 'mid': 17.38, 'delta': 0.5131821366811451, 'theta': -15.284561808501698, 'gamma': 0.0094548247275838, 'vega': 0.5178986460243937, 'sigma': 0.3246740388375198, 'moneyness': -0.03}",0,0
2022-12-23 09:30:00,2,1,1,straddle_component,775256,SPXW_3840_PE_20221223,50,16.0,trade,"{'detailed': True, 'instrument_type': 'option', 'underlying': 'SPXW', 'strike': 3840, 'expiry': '2022-12-23', 'dividend_rate': 0.015, 'opt_type': 'PE', 'timestamp': '2022-12-23 09:30:00', 'underlying_spot': 3841.0, 'id': 775256, 'bid': 15.75, 'ask': 16.0, 'mid': 15.88, 'delta': -0.4866000306678053, 'theta': -14.756659687432965, 'gamma': 0.0096873125166041, 'vega': 0.5178891988407255, 'sigma': 0.3168763433843347, 'moneyness': 0.03}",0,0
2022-01-14 09:30:00,1,1,1,straddle_component,387546,SPXW_4620_CE_20220114,50,17.5,trade,"{'detailed': True, 'instrument_type': 'option', 'underlying': 'SPXW', 'strike': 4620, 'expiry': '2022-01-14', 'dividend_rate': 0.015, 'opt_type': 'CE', 'timestamp': '2022-01-14 09:30:00', 'underlying_spot': 4621.5, 'id': 387546, 'bid': 17.25, 'ask': 17.5, 'mid': 17.38, 'delta': 0.5180801003195512, 'theta': -15.002570072767943, 'gamma': 0.0096021801709866, 'vega': 0.6228363255601312, 'sigma': 0.2655725698415621, 'moneyness': -0.03}",0,0
2022-01-14 09:30:00,2,1,1,straddle_component,713395,SPXW_4620_PE_20220114,50,17.25,trade,"{'detailed': True, 'instrument_type': 'option', 'underlying': 'SPXW', 'strike': 4620, 'expiry': '2022-01-14', 'dividend_rate': 0.015, 'opt_type': 'PE', 'timestamp': '2022-01-14 09:30:00', 'underlying_spot': 4621.5, 'id': 713395, 'bid': 17.0, 'ask': 17.25, 'mid': 17.12, 'delta': -0.4830135734298579, 'theta': -16.055654818064664, 'gamma': 0.0088710069690023, 'vega': 0.6229116694793895, 'sigma': 0.2874964885769593, 'moneyness': 0.03}",0,0
2022-11-25 09:30:00,1,1,1,straddle_component,375328,SPXW_4030_CE_20221125,50,8.0,trade,"{'detailed': True, 'instrument_type': 'option', 'underlying': 'SPXW', 'strike': 4030, 'expiry': '2022-11-25', 'dividend_rate': 0.015, 'opt_type': 'CE', 'timestamp': '2022-11-25 09:30:00', 'underlying_spot': 4030.5, 'id': 375328, 'bid': 7.75, 'ask': 8.0, 'mid': 7.88, 'delta': 0.515021621488021, 'theta': -6.9237465744270015, 'gamma': 0.0210055048910362, 'vega': 0.5433595493341956, 'sigma': 0.139245848713088, 'moneyness': -0.01}",0,0
2022-11-25 09:30:00,2,1,1,straddle_component,544951,SPXW_4030_PE_20221125,50,7.5,trade,"{'detailed': True, 'instrument_type': 'option', 'underlying': 'SPXW', 'strike': 4030, 'expiry': '2022-11-25', 'dividend_rate': 0.015, 'opt_type': 'PE', 'timestamp': '2022-11-25 09:30:00', 'underlying_spot': 4030.5, 'id': 544951, 'bid': 7.25, 'ask': 7.5, 'mid': 7.38, 'delta': -0.4851511111207518, 'theta': -6.847009689680722, 'gamma': 0.0207293945475584, 'vega': 0.5433684559687149, 'sigma': 0.1411028577652027, 'moneyness': 0.01}",0,0
2022-04-08 09:30:00,1,1,1,straddle_component,780199,SPXW_4490_CE_20220408,50,15.25,trade,"{'detailed': True, 'instrument_type': 'option', 'underlying': 'SPXW', 'strike': 4490, 'expiry': '2022-04-08', 'dividend_rate': 0.015, 'opt_type': 'CE', 'timestamp': '2022-04-08 09:30:00', 'underlying_spot': 4488.5, 'id': 780199, 'bid': 15.0, 'ask': 15.25, 'mid': 15.12, 'delta': 0.4885689364506618, 'theta': -14.314131367415852, 'gamma': 0.010064531963394, 'vega': 0.605285607127847, 'sigma': 0.2610412773832997, 'moneyness': 0.03}",0,0
2022-04-08 09:30:00,2,1,1,straddle_component,777326,SPXW_4490_PE_20220408,50,15.25,trade,"{'detailed': True, 'instrument_type': 'option', 'underlying': 'SPXW', 'strike': 4490, 'expiry': '2022-04-08', 'dividend_rate': 0.015, 'opt_type': 'PE', 'timestamp': '2022-04-08 09:30:00', 'underlying_spot': 4488.5, 'id': 777326, 'bid': 15.0, 'ask': 15.25, 'mid': 15.12, 'delta': -0.5128553690006754, 'theta': -12.857400607905117, 'gamma': 0.0110323844282334, 'vega': 0.6052195762090706, 'sigma': 0.2381146719186003, 'moneyness': -0.03}",0,0
2022-05-20 09:30:00,1,1,1,straddle_component,140229,SPXW_3935_CE_20220520,50,23.25,trade,"{'detailed': True, 'instrument_type': 'option', 'underlying': 'SPXW', 'strike': 3935, 'expiry': '2022-05-20', 'dividend_rate': 0.015, 'opt_type': 'CE', 'timestamp': '2022-05-20 09:30:00', 'underlying_spot': 3933.0, 'id': 140229, 'bid': 23.0, 'ask': 23.25, 'mid': 23.12, 'delta': 0.4909299678230283, 'theta': -21.76723128193588, 'gamma': 0.0066135990905991, 'vega': 0.5304560238599461, 'sigma': 0.4534280762045089, 'moneyness': 0.05}",0,0
2022-05-20 09:30:00,2,1,1,straddle_component,694057,SPXW_3935_PE_20220520,50,25.75,trade,"{'detailed': True, 'instrument_type': 'option', 'underlying': 'SPXW', 'strike': 3935, 'expiry': '2022-05-20', 'dividend_rate': 0.015, 'opt_type': 'PE', 'timestamp': '2022-05-20 09:30:00', 'underlying_spot': 3933.0, 'id': 694057, 'bid': 25.5, 'ask': 25.75, 'mid': 25.62, 'delta': -0.5086994685070678, 'theta': -22.1485669391815, 'gamma': 0.0064531304033721, 'vega': 0.5304670120777573, 'sigma': 0.4647126598792942, 'moneyness': -0.05}",0,0
2022-04-22 09:30:00,1,1,1,straddle_component,173906,SPXW_4375_CE_20220422,50,17.75,trade,"{'detailed': True, 'instrument_type': 'option', 'underlying': 'SPXW', 'strike': 4375, 'expiry': '2022-04-22', 'dividend_rate': 0.015, 'opt_type': 'CE', 'timestamp': '2022-04-22 09:30:00', 'underlying_spot': 4375.0, 'id': 173906, 'bid': 17.5, 'ask': 17.75, 'mid': 17.62, 'delta': 0.5036802394357665, 'theta': -16.018870675984946, 'gamma': 0.0090575530009573, 'vega': 0.5901975066967449, 'sigma': 0.2976971526385953, 'moneyness': 0.0}",0,0
2022-04-22 09:30:00,2,1,1,straddle_component,511165,SPXW_4375_PE_20220422,50,16.5,trade,"{'detailed': True, 'instrument_type': 'option', 'underlying': 'SPXW', 'strike': 4375, 'expiry': '2022-04-22', 'dividend_rate': 0.015, 'opt_type': 'PE', 'timestamp': '2022-04-22 09:30:00', 'underlying_spot': 4375.0, 'id': 511165, 'bid': 16.25, 'ask': 16.5, 'mid': 16.38, 'delta': -0.4963340273381078, 'theta': -14.802087807953, 'gamma': 0.0096862759590976, 'vega': 0.590197699231112, 'sigma': 0.2783741399454505, 'moneyness': 0.0}",0,0
2022-11-11 09:30:00,1,1,1,straddle_component,108600,SPXW_3970_CE_20221111,50,21.25,trade,"{'detailed': True, 'instrument_type': 'option', 'underlying': 'SPXW', 'strike': 3970, 'expiry': '2022-11-11', 'dividend_rate': 0.015, 'opt_type': 'CE', 'timestamp': '2022-11-11 09:30:00', 'underlying_spot': 3968.0, 'id': 108600, 'bid': 21.0, 'ask': 21.25, 'mid': 21.12, 'delta': 0.4895614905802148, 'theta': -19.94222074378926, 'gamma': 0.0072129846273583, 'vega': 0.5351316287537937, 'sigma': 0.4120474386496371, 'moneyness': 0.05}",0,0
2022-11-11 09:30:00,2,1,1,straddle_component,665148,SPXW_3970_PE_20221111,50,18.25,trade,"{'detailed': True, 'instrument_type': 'option', 'underlying': 'SPXW', 'strike': 3970, 'expiry': '2022-11-11', 'dividend_rate': 0.015, 'opt_type': 'PE', 'timestamp': '2022-11-11 09:30:00', 'underlying_spot': 3968.0, 'id': 665148, 'bid': 18.0, 'ask': 18.25, 'mid': 18.12, 'delta': -0.5148326128079361, 'theta': -15.292007904863926, 'gamma': 0.0092714598309839, 'vega': 0.5349445494122023, 'sigma': 0.3204514376446625, 'moneyness': -0.05}",0,0
2022-01-21 09:30:00,1,1,1,straddle_component,459692,SPXW_4455_CE_20220121,50,23.25,trade,"{'detailed': True, 'instrument_type': 'option', 'underlying': 'SPXW', 'strike': 4455, 'expiry': '2022-01-21', 'dividend_rate': 0.015, 'opt_type': 'CE', 'timestamp': '2022-01-21 09:30:00', 'underlying_spot': 4457.0, 'id': 459692, 'bid': 23.0, 'ask': 23.25, 'mid': 23.12, 'delta': 0.5182584378955468, 'theta': -19.94875181098913, 'gamma': 0.0072074388057785, 'vega': 0.6006548909993494, 'sigma': 0.366862462164308, 'moneyness': -0.04}",0,0
2022-01-21 09:30:00,2,1,1,straddle_component,391949,SPXW_4455_PE_20220121,50,21.5,trade,"{'detailed': True, 'instrument_type': 'option', 'underlying': 'SPXW', 'strike': 4455, 'expiry': '2022-01-21', 'dividend_rate': 0.015, 'opt_type': 'PE', 'timestamp': '2022-01-21 09:30:00', 'underlying_spot': 4457.0, 'id': 391949, 'bid': 21.25, 'ask': 21.5, 'mid': 21.38, 'delta': -0.4819556095268851, 'theta': -20.092499871006105, 'gamma': 0.007091277858251, 'vega': 0.6006695965645203, 'sigma': 0.372881087149721, 'moneyness': 0.04}",0,0
2022-05-13 09:30:00,1,1,1,straddle_component,403073,SPXW_3970_CE_20220513,50,27.25,trade,"{'detailed': True, 'instrument_type': 'option', 'underlying': 'SPXW', 'strike': 3970, 'expiry': '2022-05-13', 'dividend_rate': 0.015, 'opt_type': 'CE', 'timestamp': '2022-05-13 09:30:00', 'underlying_spot': 3970.25, 'id': 403073, 'bid': 27.0, 'ask': 27.25, 'mid': 27.12, 'delta': 0.505859660369623, 'theta': -24.511432624840715, 'gamma': 0.0059045093792065, 'vega': 0.5355608206396987, 'sigma': 0.5031920936232384, 'moneyness': -0.01}",0,0
2022-05-13 09:30:00,2,1,1,straddle_component,488135,SPXW_3970_PE_20220513,50,27.75,trade,"{'detailed': True, 'instrument_type': 'option', 'underlying': 'SPXW', 'strike': 3970, 'expiry': '2022-05-13', 'dividend_rate': 0.015, 'opt_type': 'PE', 'timestamp': '2022-05-13 09:30:00', 'underlying_spot': 3970.25, 'id': 488135, 'bid': 27.5, 'ask': 27.75, 'mid': 27.62, 'delta': -0.4941086995213339, 'theta': -25.115421109795417, 'gamma': 0.0057240821860204, 'vega': 0.535560195459519, 'sigma': 0.5190524686390348, 'moneyness': 0.01}",0,0
2022-08-05 09:30:00,1,1,1,straddle_component,637930,SPXW_4115_CE_20220805,50,14.0,trade,"{'detailed': True, 'instrument_type': 'option', 'underlying': 'SPXW', 'strike': 4115, 'expiry': '2022-08-05', 'dividend_rate': 0.015, 'opt_type': 'CE', 'timestamp': '2022-08-05 09:30:00', 'underlying_spot': 4112.75, 'id': 637930, 'bid': 13.75, 'ask': 14.0, 'mid': 13.88, 'delta': 0.4796797102365246, 'theta': -13.35868794573007, 'gamma': 0.0106531683030652, 'vega': 0.5541219128815129, 'sigma': 0.2689102587765897, 'moneyness': 0.05}",0,0
2022-08-05 09:30:00,2,1,1,straddle_component,578641,SPXW_4115_PE_20220805,50,18.75,trade,"{'detailed': True, 'instrument_type': 'option', 'underlying': 'SPXW', 'strike': 4115, 'expiry': '2022-08-05', 'dividend_rate': 0.015, 'opt_type': 'PE', 'timestamp': '2022-08-05 09:30:00', 'underlying_spot': 4112.75, 'id': 578641, 'bid': 18.5, 'ask': 18.75, 'mid': 18.62, 'delta': -0.5167147448091214, 'theta': -15.585424202889488, 'gamma': 0.0090728785551164, 'vega': 0.5543553152293086, 'sigma': 0.3158810069483603, 'moneyness': -0.05}",0,0
2022-09-30 09:30:00,1,1,1,straddle_component,351477,SPXW_3650_CE_20220930,50,23.5,trade,"{'detailed': True, 'instrument_type': 'option', 'underlying': 'SPXW', 'strike': 3650, 'expiry': '2022-09-30', 'dividend_rate': 0.015, 'opt_type': 'CE', 'timestamp': '2022-09-30 09:30:00', 'underlying_spot': 3650.75, 'id': 351477, 'bid': 23.0, 'ask': 23.5, 'mid': 23.25, 'delta': 0.5094288169457784, 'theta': -20.75051257322716, 'gamma': 0.0069693281190552, 'vega': 0.4923778943638286, 'sigma': 0.4635405734957463, 'moneyness': -0.02}",0,0
2022-09-30 09:30:00,2,1,1,straddle_component,768905,SPXW_3650_PE_20220930,50,28.25,trade,"{'detailed': True, 'instrument_type': 'option', 'underlying': 'SPXW', 'strike': 3650, 'expiry': '2022-09-30', 'dividend_rate': 0.015, 'opt_type': 'PE', 'timestamp': '2022-09-30 09:30:00', 'underlying_spot': 3650.75, 'id': 768905, 'bid': 28.0, 'ask': 28.25, 'mid': 28.12, 'delta': -0.4910503600005, 'theta': -25.783768356111963, 'gamma': 0.0055735954873625, 'vega': 0.4923915386792181, 'sigma': 0.5796357788992581, 'moneyness': 0.02}",0,0
2022-12-02 09:30:00,1,1,1,straddle_component,504853,SPXW_4035_CE_20221202,50,15.75,trade,"{'detailed': True, 'instrument_type': 'option', 'underlying': 'SPXW', 'strike': 4035, 'expiry': '2022-12-02', 'dividend_rate': 0.015, 'opt_type': 'CE', 'timestamp': '2022-12-02 09:30:00', 'underlying_spot': 4036.0, 'id': 504853, 'bid': 15.5, 'ask': 15.75, 'mid': 15.62, 'delta': 0.5142245924474764, 'theta': -13.694455401084562, 'gamma': 0.0105540142669724, 'vega': 0.5441423135939099, 'sigma': 0.2767816624042706, 'moneyness': -0.02}",0,0
2022-12-02 09:30:00,2,1,1,straddle_component,287910,SPXW_4035_PE_20221202,50,21.25,trade,"{'detailed': True, 'instrument_type': 'option', 'underlying': 'SPXW', 'strike': 4035, 'expiry': '2022-12-02', 'dividend_rate': 0.015, 'opt_type': 'PE', 'timestamp': '2022-12-02 09:30:00', 'underlying_spot': 4036.0, 'id': 287910, 'bid': 21.0, 'ask': 21.25, 'mid': 21.12, 'delta': -0.4887219455191882, 'theta': -19.5260338040026, 'gamma': 0.0073400046574079, 'vega': 0.5442711366740465, 'sigma': 0.3980716594615577, 'moneyness': 0.02}",0,0
2022-03-11 09:30:00,1,1,1,straddle_component,623999,SPXW_4280_CE_20220311,50,25.0,trade,"{'detailed': True, 'instrument_type': 'option', 'underlying': 'SPXW', 'strike': 4280, 'expiry': '2022-03-11', 'dividend_rate': 0.015, 'opt_type': 'CE', 'timestamp': '2022-03-11 09:30:00', 'underlying_spot': 4279.0, 'id': 623999, 'bid': 24.5, 'ask': 25.0, 'mid': 24.75, 'delta': 0.4977674493389372, 'theta': -22.89609164506506, 'gamma': 0.0063175982489838, 'vega': 0.5772623912588237, 'sigma': 0.436396327073502, 'moneyness': 0.02}",0,0
2022-03-11 09:30:00,2,1,1,straddle_component,669317,SPXW_4280_PE_20220311,50,18.25,trade,"{'detailed': True, 'instrument_type': 'option', 'underlying': 'SPXW', 'strike': 4280, 'expiry': '2022-03-11', 'dividend_rate': 0.015, 'opt_type': 'PE', 'timestamp': '2022-03-11 09:30:00', 'underlying_spot': 4279.0, 'id': 669317, 'bid': 17.75, 'ask': 18.25, 'mid': 18.0, 'delta': -0.5053800677551123, 'theta': -15.774364525434043, 'gamma': 0.009068588084915, 'vega': 0.5772188533198293, 'sigma': 0.3039910228754217, 'moneyness': -0.02}",0,0
2022-05-06 09:30:00,1,1,1,straddle_component,409759,SPXW_4115_CE_20220506,50,33.0,trade,"{'detailed': True, 'instrument_type': 'option', 'underlying': 'SPXW', 'strike': 4115, 'expiry': '2022-05-06', 'dividend_rate': 0.015, 'opt_type': 'CE', 'timestamp': '2022-05-06 09:30:00', 'underlying_spot': 4113.75, 'id': 409759, 'bid': 32.75, 'ask': 33.0, 'mid': 32.88, 'delta': 0.4989427293374149, 'theta': -30.367140808501976, 'gamma': 0.0047591463214757, 'vega': 0.5549759427340071, 'sigma': 0.6025793761792525, 'moneyness': 0.03}",0,0
2022-05-06 09:30:00,2,1,1,straddle_component,670444,SPXW_4115_PE_20220506,50,28.25,trade,"{'detailed': True, 'instrument_type': 'option', 'underlying': 'SPXW', 'strike': 4115, 'expiry': '2022-05-06', 'dividend_rate': 0.015, 'opt_type': 'PE', 'timestamp': '2022-05-06 09:30:00', 'underlying_spot': 4113.75, 'id': 670444, 'bid': 28.0, 'ask': 28.25, 'mid': 28.12, 'delta': -0.5028705720222959, 'theta': -24.84108276384053, 'gamma': 0.0057779077522468, 'vega': 0.5549635099520369, 'sigma': 0.4963205339879686, 'moneyness': -0.03}",0,0
2022-10-07 09:30:00,1,1,1,straddle_component,441837,SPXW_3710_CE_20221007,50,23.0,trade,"{'detailed': True, 'instrument_type': 'option', 'underlying': 'SPXW', 'strike': 3710, 'expiry': '2022-10-07', 'dividend_rate': 0.015, 'opt_type': 'CE', 'timestamp': '2022-10-07 09:30:00', 'underlying_spot': 3712.25, 'id': 441837, 'bid': 22.5, 'ask': 23.0, 'mid': 22.75, 'delta': 0.5206615300259898, 'theta': -19.44456972200302, 'gamma': 0.007370117103278, 'vega': 0.5001402524119758, 'sigma': 0.4306138462639748, 'moneyness': -0.06}",0,0
2022-10-07 09:30:00,2,1,1,straddle_component,443738,SPXW_3710_PE_20221007,50,19.0,trade,"{'detailed': True, 'instrument_type': 'option', 'underlying': 'SPXW', 'strike': 3710, 'expiry': '2022-10-07', 'dividend_rate': 0.015, 'opt_type': 'PE', 'timestamp': '2022-10-07 09:30:00', 'underlying_spot': 3712.25, 'id': 443738, 'bid': 18.75, 'ask': 19.0, 'mid': 18.88, 'delta': -0.4781860258075809, 'theta': -17.886229175813575, 'gamma': 0.0079333789315683, 'vega': 0.500063107778665, 'sigma': 0.3999790502499789, 'moneyness': 0.06}",0,0
2022-09-02 09:30:00,1,1,1,straddle_component,337962,SPXW_4000_CE_20220902,50,19.75,trade,"{'detailed': True, 'instrument_type': 'option', 'underlying': 'SPXW', 'strike': 4000, 'expiry': '2022-09-02', 'dividend_rate': 0.015, 'opt_type': 'CE', 'timestamp': '2022-09-02 09:30:00', 'underlying_spot': 4000.25, 'id': 337962, 'bid': 19.5, 'ask': 19.75, 'mid': 19.62, 'delta': 0.5058578490137577, 'theta': -17.712347844811127, 'gamma': 0.0081815884911407, 'vega': 0.5396076496215425, 'sigma': 0.3604215448924001, 'moneyness': -0.01}",0,0
2022-09-02 09:30:00,2,1,1,straddle_component,401604,SPXW_4000_PE_20220902,50,13.5,trade,"{'detailed': True, 'instrument_type': 'option', 'underlying': 'SPXW', 'strike': 4000, 'expiry': '2022-09-02', 'dividend_rate': 0.015, 'opt_type': 'PE', 'timestamp': '2022-09-02 09:30:00', 'underlying_spot': 4000.25, 'id': 401604, 'bid': 13.25, 'ask': 13.5, 'mid': 13.38, 'delta': -0.4933875166131862, 'theta': -12.19580246669402, 'gamma': 0.0117439393498841, 'vega': 0.5395916444101658, 'sigma': 0.2510855572987909, 'moneyness': 0.01}",0,0
2022-07-15 09:30:00,1,1,1,straddle_component,359564,SPXW_3845_CE_20220715,50,16.5,trade,"{'detailed': True, 'instrument_type': 'option', 'underlying': 'SPXW', 'strike': 3845, 'expiry': '2022-07-15', 'dividend_rate': 0.015, 'opt_type': 'CE', 'timestamp': '2022-07-15 09:30:00', 'underlying_spot': 3845.25, 'id': 359564, 'bid': 16.0, 'ask': 16.5, 'mid': 16.25, 'delta': 0.5061714604037704, 'theta': -14.650918739164474, 'gamma': 0.009898154793575, 'vega': 0.5186929980474115, 'sigma': 0.3099215145605847, 'moneyness': -0.01}",0,0
2022-07-15 09:30:00,2,1,1,straddle_component,622324,SPXW_3845_PE_20220715,50,19.0,trade,"{'detailed': True, 'instrument_type': 'option', 'underlying': 'SPXW', 'strike': 3845, 'expiry': '2022-07-15', 'dividend_rate': 0.015, 'opt_type': 'PE', 'timestamp': '2022-07-15 09:30:00', 'underlying_spot': 3845.25, 'id': 622324, 'bid': 18.75, 'ask': 19.0, 'mid': 18.88, 'delta': -0.4940787665722368, 'theta': -17.184012411324343, 'gamma': 0.0083541350548443, 'vega': 0.5186979435642769, 'sigma': 0.3672050437866646, 'moneyness': 0.01}",0,0
2022-03-25 09:30:00,1,1,1,straddle_component,244171,SPXW_4520_CE_20220325,50,14.25,trade,"{'detailed': True, 'instrument_type': 'option', 'underlying': 'SPXW', 'strike': 4520, 'expiry': '2022-03-25', 'dividend_rate': 0.015, 'opt_type': 'CE', 'timestamp': '2022-03-25 09:30:00', 'underlying_spot': 4520.75, 'id': 244171, 'bid': 14.0, 'ask': 14.25, 'mid': 14.12, 'delta': 0.5124493397722141, 'theta': -12.473758122123716, 'gamma': 0.0116194197552488, 'vega': 0.6095880374423652, 'sigma': 0.2244790777235312, 'moneyness': -0.02}",0,0
2022-03-25 09:30:00,2,1,1,straddle_component,347435,SPXW_4520_PE_20220325,50,14.5,trade,"{'detailed': True, 'instrument_type': 'option', 'underlying': 'SPXW', 'strike': 4520, 'expiry': '2022-03-25', 'dividend_rate': 0.015, 'opt_type': 'PE', 'timestamp': '2022-03-25 09:30:00', 'underlying_spot': 4520.75, 'id': 347435, 'bid': 14.25, 'ask': 14.5, 'mid': 14.38, 'delta': -0.4882499076375168, 'theta': -13.296306842505372, 'gamma': 0.0107459296572187, 'vega': 0.6096205863972068, 'sigma': 0.2427389234666757, 'moneyness': 0.02}",0,0
2022-04-29 09:30:00,1,1,1,straddle_component,783725,SPXW_4240_CE_20220429,50,27.0,trade,"{'detailed': True, 'instrument_type': 'option', 'underlying': 'SPXW', 'strike': 4240, 'expiry': '2022-04-29', 'dividend_rate': 0.015, 'opt_type': 'CE', 'timestamp': '2022-04-29 09:30:00', 'underlying_spot': 4241.75, 'id': 783725, 'bid': 26.75, 'ask': 27.0, 'mid': 26.88, 'delta': 0.5148908515074879, 'theta': -23.511215109194858, 'gamma': 0.0061305833298774, 'vega': 0.5718473315202299, 'sigma': 0.4533491393943308, 'moneyness': -0.04}",0,0
2022-04-29 09:30:00,2,1,1,straddle_component,626671,SPXW_4240_PE_20220429,50,23.5,trade,"{'detailed': True, 'instrument_type': 'option', 'underlying': 'SPXW', 'strike': 4240, 'expiry': '2022-04-29', 'dividend_rate': 0.015, 'opt_type': 'PE', 'timestamp': '2022-04-29 09:30:00', 'underlying_spot': 4241.75, 'id': 626671, 'bid': 23.25, 'ask': 23.5, 'mid': 23.38, 'delta': -0.4845021583294695, 'theta': -21.83719470338269, 'gamma': 0.0065452543296373, 'vega': 0.5718141258972853, 'sigma': 0.4246028275396872, 'moneyness': 0.04}",0,0
2023-11-20 09:30:00,1,1,1,straddle_component,42215682,SPXW_4525_CE_20231120,50,7.9,trade,"{'detailed': True, 'instrument_type': 'option', 'underlying': 'SPXW', 'strike': 4525, 'expiry': '2023-11-20', 'dividend_rate': 0.015, 'opt_type': 'CE', 'timestamp': '2023-11-20 09:30:00', 'underlying_spot': 4527.25, 'id': 42215682, 'bid': 7.7, 'ask': 7.9, 'mid': 7.8, 'delta': 0.5598027194244182, 'theta': -5.54316548008449, 'gamma': 0.0240159406672546, 'vega': 0.6038292057292396, 'sigma': 0.1072832057145649, 'moneyness': -0.05}",0,0
2023-11-20 09:30:00,2,1,1,straddle_component,42215674,SPXW_4525_PE_20231120,50,8.2,trade,"{'detailed': True, 'instrument_type': 'option', 'underlying': 'SPXW', 'strike': 4525, 'expiry': '2023-11-20', 'dividend_rate': 0.015, 'opt_type': 'PE', 'timestamp': '2023-11-20 09:30:00', 'underlying_spot': 4527.25, 'id': 42215674, 'bid': 7.95, 'ask': 8.2, 'mid': 8.07, 'delta': -0.4568791561160523, 'theta': -7.873924778724199, 'gamma': 0.0171777729107702, 'vega': 0.6071761858753439, 'sigma': 0.1508113451470137, 'moneyness': 0.05}",0,0
2023-12-11 09:30:00,1,1,1,straddle_component,42315322,SPXW_4655_CE_20231211,50,0.1,trade,"{'detailed': True, 'instrument_type': 'option', 'underlying': 'SPXW', 'strike': 4655, 'expiry': '2023-12-11', 'dividend_rate': 0.015, 'opt_type': 'CE', 'timestamp': '2023-12-11 09:30:00', 'underlying_spot': 4654.25, 'id': 42315322, 'bid': 0.05, 'ask': 0.1, 'mid': 0.08, 'delta': 0.2209803296493888, 'theta': -0.0913650317895408, 'gamma': 0.4123748118474435, 'vega': 0.3324266781185053, 'sigma': 0.0045735650051887, 'moneyness': 0.02}",0,0
2023-12-11 09:30:00,2,1,1,straddle_component,42313510,SPXW_4655_PE_20231211,50,53.5,trade,"{'detailed': True, 'instrument_type': 'option', 'underlying': 'SPXW', 'strike': 4655, 'expiry': '2023-12-11', 'dividend_rate': 0.015, 'opt_type': 'PE', 'timestamp': '2023-12-11 09:30:00', 'underlying_spot': 4654.25, 'id': 42313510, 'bid': 52.0, 'ask': 53.5, 'mid': 52.75, 'delta': -0.4960476547957171, 'theta': -47.423716197438665, 'gamma': 0.0030353217539413, 'vega': 0.6278648789613683, 'sigma': 0.8350393082291895, 'moneyness': -0.02}",0,0
2023-10-09 09:30:00,1,1,1,straddle_component,42158274,SPXW_4320_CE_20231009,50,14.5,trade,"{'detailed': True, 'instrument_type': 'option', 'underlying': 'SPXW', 'strike': 4320, 'expiry': '2023-10-09', 'dividend_rate': 0.015, 'opt_type': 'CE', 'timestamp': '2023-10-09 09:30:00', 'underlying_spot': 4322.5, 'id': 42158274, 'bid': 14.0, 'ask': 14.5, 'mid': 14.25, 'delta': 0.5345322425055699, 'theta': -11.44139673988819, 'gamma': 0.0122835850646652, 'vega': 0.5809499117030024, 'sigma': 0.2213559134261189, 'moneyness': -0.06}",0,0
2023-10-09 09:30:00,2,1,1,straddle_component,42158261,SPXW_4320_PE_20231009,50,12.75,trade,"{'detailed': True, 'instrument_type': 'option', 'underlying': 'SPXW', 'strike': 4320, 'expiry': '2023-10-09', 'dividend_rate': 0.015, 'opt_type': 'PE', 'timestamp': '2023-10-09 09:30:00', 'underlying_spot': 4322.5, 'id': 42158261, 'bid': 12.25, 'ask': 12.75, 'mid': 12.5, 'delta': -0.4674299601960641, 'theta': -12.06028204070522, 'gamma': 0.0115202297479299, 'vega': 0.5811923380817348, 'sigma': 0.236121549498296, 'moneyness': 0.06}",0,0
2023-03-20 09:30:00,1,1,1,straddle_component,106443,SPXW_3960_CE_20230320,50,18.75,trade,"{'detailed': True, 'instrument_type': 'option', 'underlying': 'SPXW', 'strike': 3960, 'expiry': '2023-03-20', 'dividend_rate': 0.015, 'opt_type': 'CE', 'timestamp': '2023-03-20 09:30:00', 'underlying_spot': 3958.75, 'id': 106443, 'bid': 18.0, 'ask': 18.75, 'mid': 18.38, 'delta': 0.4932955041800468, 'theta': -17.191532979917202, 'gamma': 0.0084008068412799, 'vega': 0.5339916290502771, 'sigma': 0.3546843558297071, 'moneyness': 0.03}",0,0
2023-03-20 09:30:00,2,1,1,straddle_component,317365,SPXW_3960_PE_20230320,50,24.25,trade,"{'detailed': True, 'instrument_type': 'option', 'underlying': 'SPXW', 'strike': 3960, 'expiry': '2023-03-20', 'dividend_rate': 0.015, 'opt_type': 'PE', 'timestamp': '2023-03-20 09:30:00', 'underlying_spot': 3958.75, 'id': 317365, 'bid': 23.5, 'ask': 24.25, 'mid': 23.88, 'delta': -0.5044564369759641, 'theta': -20.9812862141871, 'gamma': 0.0068325190127893, 'vega': 0.5340337898817378, 'sigma': 0.4361304884991821, 'moneyness': -0.03}",0,0
2023-07-03 09:30:00,1,1,1,straddle_component,353321,SPXW_4480_CE_20230703,50,8.5,trade,"{'detailed': True, 'instrument_type': 'option', 'underlying': 'SPXW', 'strike': 4480, 'expiry': '2023-07-03', 'dividend_rate': 0.015, 'opt_type': 'CE', 'timestamp': '2023-07-03 09:30:00', 'underlying_spot': 4480.25, 'id': 353321, 'bid': 8.0, 'ask': 8.5, 'mid': 8.25, 'delta': 0.509560605178816, 'theta': -7.402155132488135, 'gamma': 0.019720822219682, 'vega': 0.6042473205817664, 'sigma': 0.1334843411501525, 'moneyness': -0.01}",0,0
2023-07-03 09:30:00,2,1,1,straddle_component,299679,SPXW_4480_PE_20230703,50,5.75,trade,"{'detailed': True, 'instrument_type': 'option', 'underlying': 'SPXW', 'strike': 4480, 'expiry': '2023-07-03', 'dividend_rate': 0.015, 'opt_type': 'PE', 'timestamp': '2023-07-03 09:30:00', 'underlying_spot': 4480.25, 'id': 299679, 'bid': 5.25, 'ask': 5.75, 'mid': 5.5, 'delta': -0.4870649533067261, 'theta': -5.047751486874823, 'gamma': 0.0280075488756637, 'vega': 0.6041006728391314, 'sigma': 0.0939672684431307, 'moneyness': 0.01}",0,0
2023-11-27 09:30:00,1,1,1,straddle_component,42199210,SPXW_4565_CE_20231127,50,5.5,trade,"{'detailed': True, 'instrument_type': 'option', 'underlying': 'SPXW', 'strike': 4565, 'expiry': '2023-11-27', 'dividend_rate': 0.015, 'opt_type': 'CE', 'timestamp': '2023-11-27 09:30:00', 'underlying_spot': 4566.5, 'id': 42199210, 'bid': 5.25, 'ask': 5.5, 'mid': 5.38, 'delta': 0.5598407076213174, 'theta': -3.8795965218785087, 'gamma': 0.0347917056142677, 'vega': 0.6089865839967405, 'sigma': 0.073417647500849, 'moneyness': -0.03}",0,0
2023-11-27 09:30:00,2,1,1,straddle_component,42210592,SPXW_4565_PE_20231127,50,9.25,trade,"{'detailed': True, 'instrument_type': 'option', 'underlying': 'SPXW', 'strike': 4565, 'expiry': '2023-11-27', 'dividend_rate': 0.015, 'opt_type': 'PE', 'timestamp': '2023-11-27 09:30:00', 'underlying_spot': 4566.5, 'id': 42210592, 'bid': 9.05, 'ask': 9.25, 'mid': 9.15, 'delta': -0.471823853782638, 'theta': -8.74793149954039, 'gamma': 0.0159744711325515, 'vega': 0.6145149033612682, 'sigma': 0.1613197452748888, 'moneyness': 0.03}",0,0
2023-10-02 09:30:00,1,1,1,straddle_component,42181384,SPXW_4315_CE_20231002,50,14.25,trade,"{'detailed': True, 'instrument_type': 'option', 'underlying': 'SPXW', 'strike': 4315, 'expiry': '2023-10-02', 'dividend_rate': 0.015, 'opt_type': 'CE', 'timestamp': '2023-10-02 09:30:00', 'underlying_spot': 4315.5, 'id': 42181384, 'bid': 13.75, 'ask': 14.25, 'mid': 14.0, 'delta': 0.5095130937449177, 'theta': -12.490693108553325, 'gamma': 0.0116180389220232, 'vega': 0.5820298587388582, 'sigma': 0.2352312741980551, 'moneyness': -0.01}",0,0
2023-10-02 09:30:00,2,1,1,straddle_component,42207718,SPXW_4315_PE_20231002,50,12.0,trade,"{'detailed': True, 'instrument_type': 'option', 'underlying': 'SPXW', 'strike': 4315, 'expiry': '2023-10-02', 'dividend_rate': 0.015, 'opt_type': 'PE', 'timestamp': '2023-10-02 09:30:00', 'underlying_spot': 4315.5, 'id': 42207718, 'bid': 11.5, 'ask': 12.0, 'mid': 11.75, 'delta': -0.4895972391192771, 'theta': -10.81978346111159, 'gamma': 0.0132004733899293, 'vega': 0.5819973089980577, 'sigma': 0.2070208914790769, 'moneyness': 0.01}",0,0
2023-12-18 09:30:00,1,1,1,straddle_component,42242960,SPXW_4785_CE_20231218,50,6.25,trade,"{'detailed': True, 'instrument_type': 'option', 'underlying': 'SPXW', 'strike': 4785, 'expiry': '2023-12-18', 'dividend_rate': 0.015, 'opt_type': 'CE', 'timestamp': '2023-12-18 09:30:00', 'underlying_spot': 4782.75, 'id': 42242960, 'bid': 6.15, 'ask': 6.25, 'mid': 6.2, 'delta': 0.4556680270515478, 'theta': -6.164983287418978, 'gamma': 0.0219268169310282, 'vega': 0.641210429169115, 'sigma': 0.1117986501232269, 'moneyness': 0.05}",0,0
2023-12-18 09:30:00,2,1,1,straddle_component,42270191,SPXW_4785_PE_20231218,50,9.2,trade,"{'detailed': True, 'instrument_type': 'option', 'underlying': 'SPXW', 'strike': 4785, 'expiry': '2023-12-18', 'dividend_rate': 0.015, 'opt_type': 'PE', 'timestamp': '2023-12-18 09:30:00', 'underlying_spot': 4782.75, 'id': 42270191, 'bid': 8.8, 'ask': 9.2, 'mid': 9.0, 'delta': -0.5404232892264105, 'theta': -6.606912316086978, 'gamma': 0.0200742104894402, 'vega': 0.641893134169945, 'sigma': 0.1222444381806566, 'moneyness': -0.05}",0,0
2023-10-30 09:30:00,1,1,1,straddle_component,42204667,SPXW_4170_CE_20231030,50,11.5,trade,"{'detailed': True, 'instrument_type': 'option', 'underlying': 'SPXW', 'strike': 4170, 'expiry': '2023-10-30', 'dividend_rate': 0.015, 'opt_type': 'CE', 'timestamp': '2023-10-30 09:30:00', 'underlying_spot': 4168.25, 'id': 42204667, 'bid': 11.25, 'ask': 11.5, 'mid': 11.38, 'delta': 0.4809005961610602, 'theta': -10.937398058839475, 'gamma': 0.0130541664411509, 'vega': 0.5616842371805699, 'sigma': 0.2165615796703336, 'moneyness': 0.04}",0,0
2023-10-30 09:30:00,2,1,1,straddle_component,42152282,SPXW_4170_PE_20231030,50,15.75,trade,"{'detailed': True, 'instrument_type': 'option', 'underlying': 'SPXW', 'strike': 4170, 'expiry': '2023-10-30', 'dividend_rate': 0.015, 'opt_type': 'PE', 'timestamp': '2023-10-30 09:30:00', 'underlying_spot': 4168.25, 'id': 42152282, 'bid': 15.25, 'ask': 15.75, 'mid': 15.5, 'delta': -0.515322991591205, 'theta': -13.044021140026716, 'gamma': 0.0108484445604517, 'vega': 0.5619147917076495, 'sigma': 0.260699790467445, 'moneyness': -0.04}",0,0
2023-12-04 09:30:00,1,1,1,straddle_component,42084563,SPXW_4565_CE_20231204,50,9.75,trade,"{'detailed': True, 'instrument_type': 'option', 'underlying': 'SPXW', 'strike': 4565, 'expiry': '2023-12-04', 'dividend_rate': 0.015, 'opt_type': 'CE', 'timestamp': '2023-12-04 09:30:00', 'underlying_spot': 4567.25, 'id': 42084563, 'bid': 9.5, 'ask': 9.75, 'mid': 9.62, 'delta': 0.5471442357940504, 'theta': -7.292730614594564, 'gamma': 0.0188320055727331, 'vega': 0.6118291172198687, 'sigma': 0.1362022316973632, 'moneyness': -0.05}",0,0
2023-12-04 09:30:00,2,1,1,straddle_component,42115214,SPXW_4565_PE_20231204,50,8.65,trade,"{'detailed': True, 'instrument_type': 'option', 'underlying': 'SPXW', 'strike': 4565, 'expiry': '2023-12-04', 'dividend_rate': 0.015, 'opt_type': 'PE', 'timestamp': '2023-12-04 09:30:00', 'underlying_spot': 4567.25, 'id': 42115214, 'bid': 8.4, 'ask': 8.65, 'mid': 8.52, 'delta': -0.4587769275958386, 'theta': -8.29825826114969, 'gamma': 0.0163811586340045, 'vega': 0.6128536304104264, 'sigma': 0.1568396882649357, 'moneyness': 0.05}",0,0
2023-06-26 09:30:00,1,1,1,straddle_component,4144237,SPXW_4385_CE_20230626,50,8.25,trade,"{'detailed': True, 'instrument_type': 'option', 'underlying': 'SPXW', 'strike': 4385, 'expiry': '2023-06-26', 'dividend_rate': 0.015, 'opt_type': 'CE', 'timestamp': '2023-06-26 09:30:00', 'underlying_spot': 4385.75, 'id': 4144237, 'bid': 8.0, 'ask': 8.25, 'mid': 8.12, 'delta': 0.5202257926379517, 'theta': -7.007727044064181, 'gamma': 0.0206742048902697, 'vega': 0.5909081829947986, 'sigma': 0.1299424092204469, 'moneyness': -0.02}",0,0
2023-06-26 09:30:00,2,1,1,straddle_component,4144883,SPXW_4385_PE_20230626,50,10.5,trade,"{'detailed': True, 'instrument_type': 'option', 'underlying': 'SPXW', 'strike': 4385, 'expiry': '2023-06-26', 'dividend_rate': 0.015, 'opt_type': 'PE', 'timestamp': '2023-06-26 09:30:00', 'underlying_spot': 4385.75, 'id': 4144883, 'bid': 10.25, 'ask': 10.5, 'mid': 10.38, 'delta': -0.484992508060067, 'theta': -9.660170521629162, 'gamma': 0.0147251611792853, 'vega': 0.5912531307514435, 'sigma': 0.1825453697919953, 'moneyness': 0.02}",0,0
2023-03-06 09:30:00,1,1,1,straddle_component,435724,SPXW_4055_CE_20230306,50,13.5,trade,"{'detailed': True, 'instrument_type': 'option', 'underlying': 'SPXW', 'strike': 4055, 'expiry': '2023-03-06', 'dividend_rate': 0.015, 'opt_type': 'CE', 'timestamp': '2023-03-06 09:30:00', 'underlying_spot': 4057.5, 'id': 435724, 'bid': 13.0, 'ask': 13.5, 'mid': 13.25, 'delta': 0.5371255147096576, 'theta': -10.503785307139946, 'gamma': 0.0133073690378182, 'vega': 0.5450127682888688, 'sigma': 0.2175431868582598, 'moneyness': -0.06}",0,0
2023-03-06 09:30:00,2,1,1,straddle_component,358231,SPXW_4055_PE_20230306,50,10.5,trade,"{'detailed': True, 'instrument_type': 'option', 'underlying': 'SPXW', 'strike': 4055, 'expiry': '2023-03-06', 'dividend_rate': 0.015, 'opt_type': 'PE', 'timestamp': '2023-03-06 09:30:00', 'underlying_spot': 4057.5, 'id': 358231, 'bid': 10.0, 'ask': 10.5, 'mid': 10.25, 'delta': -0.4616872107249037, 'theta': -9.960450632518148, 'gamma': 0.0137662529553495, 'vega': 0.5448578396873858, 'sigma': 0.2102320926590243, 'moneyness': 0.06}",0,0
2023-05-15 09:30:00,1,1,1,straddle_component,344549,SPXW_4140_CE_20230515,50,11.25,trade,"{'detailed': True, 'instrument_type': 'option', 'underlying': 'SPXW', 'strike': 4140, 'expiry': '2023-05-15', 'dividend_rate': 0.015, 'opt_type': 'CE', 'timestamp': '2023-05-15 09:30:00', 'underlying_spot': 4141.25, 'id': 344549, 'bid': 10.75, 'ask': 11.25, 'mid': 11.0, 'delta': 0.5232265072280917, 'theta': -9.320829350676176, 'gamma': 0.0154094242610369, 'vega': 0.5577382513711022, 'sigma': 0.1845558068327032, 'moneyness': -0.03}",0,0
2023-05-15 09:30:00,2,1,1,straddle_component,628424,SPXW_4140_PE_20230515,50,7.75,trade,"{'detailed': True, 'instrument_type': 'option', 'underlying': 'SPXW', 'strike': 4140, 'expiry': '2023-05-15', 'dividend_rate': 0.015, 'opt_type': 'PE', 'timestamp': '2023-05-15 09:30:00', 'underlying_spot': 4141.25, 'id': 628424, 'bid': 7.5, 'ask': 7.75, 'mid': 7.62, 'delta': -0.4716528859075808, 'theta': -7.286958305827238, 'gamma': 0.0191597934851017, 'vega': 0.5572709178687729, 'sigma': 0.1483071003957511, 'moneyness': 0.03}",0,0
2023-05-08 09:30:00,1,1,1,straddle_component,758198,SPXW_4155_CE_20230508,50,9.25,trade,"{'detailed': True, 'instrument_type': 'option', 'underlying': 'SPXW', 'strike': 4155, 'expiry': '2023-05-08', 'dividend_rate': 0.015, 'opt_type': 'CE', 'timestamp': '2023-05-08 09:30:00', 'underlying_spot': 4153.5, 'id': 758198, 'bid': 8.75, 'ask': 9.25, 'mid': 9.0, 'delta': 0.4793992965357319, 'theta': -8.687449129790261, 'gamma': 0.0164188509899076, 'vega': 0.5595904547131507, 'sigma': 0.1727610629299101, 'moneyness': 0.04}",0,0
2023-05-08 09:30:00,2,1,1,straddle_component,739488,SPXW_4155_PE_20230508,50,10.0,trade,"{'detailed': True, 'instrument_type': 'option', 'underlying': 'SPXW', 'strike': 4155, 'expiry': '2023-05-08', 'dividend_rate': 0.015, 'opt_type': 'PE', 'timestamp': '2023-05-08 09:30:00', 'underlying_spot': 4153.5, 'id': 739488, 'bid': 9.5, 'ask': 10.0, 'mid': 9.75, 'delta': -0.5222357411293288, 'theta': -7.9155260505316605, 'gamma': 0.01759087229658, 'vega': 0.5594662082064978, 'sigma': 0.1612150208058633, 'moneyness': -0.04}",0,0
2023-07-10 09:30:00,1,1,1,straddle_component,4216580,SPXW_4435_CE_20230710,50,6.5,trade,"{'detailed': True, 'instrument_type': 'option', 'underlying': 'SPXW', 'strike': 4435, 'expiry': '2023-07-10', 'dividend_rate': 0.015, 'opt_type': 'CE', 'timestamp': '2023-07-10 09:30:00', 'underlying_spot': 4436.0, 'id': 4216580, 'bid': 6.25, 'ask': 6.5, 'mid': 6.38, 'delta': 0.5331768705822526, 'theta': -5.231215394249059, 'gamma': 0.0273296241992682, 'vega': 0.5963600931379558, 'sigma': 0.0969732482280149, 'moneyness': -0.02}",0,0
2023-07-10 09:30:00,2,1,1,straddle_component,4217822,SPXW_4435_PE_20230710,50,11.75,trade,"{'detailed': True, 'instrument_type': 'option', 'underlying': 'SPXW', 'strike': 4435, 'expiry': '2023-07-10', 'dividend_rate': 0.015, 'opt_type': 'PE', 'timestamp': '2023-07-10 09:30:00', 'underlying_spot': 4436.0, 'id': 4217822, 'bid': 11.0, 'ask': 11.75, 'mid': 11.38, 'delta': -0.4828139180786728, 'theta': -10.653265587118682, 'gamma': 0.0133350563480405, 'vega': 0.5978954332882598, 'sigma': 0.1992474895407849, 'moneyness': 0.02}",0,0
2023-04-03 09:30:00,1,1,1,straddle_component,230230,SPXW_4135_CE_20230403,50,10.25,trade,"{'detailed': True, 'instrument_type': 'option', 'underlying': 'SPXW', 'strike': 4135, 'expiry': '2023-04-03', 'dividend_rate': 0.015, 'opt_type': 'CE', 'timestamp': '2023-04-03 09:30:00', 'underlying_spot': 4133.25, 'id': 230230, 'bid': 9.75, 'ask': 10.25, 'mid': 10.0, 'delta': 0.4781071120234514, 'theta': -9.666143080639932, 'gamma': 0.0147126009153453, 'vega': 0.5567662595811518, 'sigma': 0.1937075715223145, 'moneyness': 0.04}",0,0
2023-04-03 09:30:00,2,1,1,straddle_component,456853,SPXW_4135_PE_20230403,50,13.0,trade,"{'detailed': True, 'instrument_type': 'option', 'underlying': 'SPXW', 'strike': 4135, 'expiry': '2023-04-03', 'dividend_rate': 0.015, 'opt_type': 'PE', 'timestamp': '2023-04-03 09:30:00', 'underlying_spot': 4133.25, 'id': 456853, 'bid': 12.5, 'ask': 13.0, 'mid': 12.75, 'delta': -0.5196077390238862, 'theta': -10.513655432411625, 'gamma': 0.0133508689081907, 'vega': 0.5569332766487465, 'sigma': 0.2135286465325566, 'moneyness': -0.04}",0,0
2023-11-13 09:30:00,1,1,1,straddle_component,42189152,SPXW_4420_CE_20231113,50,7.9,trade,"{'detailed': True, 'instrument_type': 'option', 'underlying': 'SPXW', 'strike': 4420, 'expiry': '2023-11-13', 'dividend_rate': 0.015, 'opt_type': 'CE', 'timestamp': '2023-11-13 09:30:00', 'underlying_spot': 4418.0, 'id': 42189152, 'bid': 7.7, 'ask': 7.9, 'mid': 7.8, 'delta': 0.4678913010220498, 'theta': -7.658192746078933, 'gamma': 0.0182127194392478, 'vega': 0.5940825631110651, 'sigma': 0.1461410219865431, 'moneyness': 0.05}",0,0
2023-11-13 09:30:00,2,1,1,straddle_component,42205476,SPXW_4420_PE_20231113,50,12.75,trade,"{'detailed': True, 'instrument_type': 'option', 'underlying': 'SPXW', 'strike': 4420, 'expiry': '2023-11-13', 'dividend_rate': 0.015, 'opt_type': 'PE', 'timestamp': '2023-11-13 09:30:00', 'underlying_spot': 4418.0, 'id': 42205476, 'bid': 12.25, 'ask': 12.75, 'mid': 12.5, 'delta': -0.5237120859297839, 'theta': -10.100792129385807, 'gamma': 0.013780964511767, 'vega': 0.5949674103286533, 'sigma': 0.1934233760557962, 'moneyness': -0.05}",0,0
2023-07-31 09:30:00,1,1,1,straddle_component,490336,SPXW_4610_CE_20230731,50,10.0,trade,"{'detailed': True, 'instrument_type': 'option', 'underlying': 'SPXW', 'strike': 4610, 'expiry': '2023-07-31', 'dividend_rate': 0.015, 'opt_type': 'CE', 'timestamp': '2023-07-31 09:30:00', 'underlying_spot': 4611.0, 'id': 490336, 'bid': 9.5, 'ask': 10.0, 'mid': 9.75, 'delta': 0.521691091501264, 'theta': -8.340387257914525, 'gamma': 0.0173062691821712, 'vega': 0.6211373544203154, 'sigma': 0.1476186718654137, 'moneyness': -0.02}",0,0
2023-07-31 09:30:00,2,1,1,straddle_component,589595,SPXW_4610_PE_20230731,50,8.5,trade,"{'detailed': True, 'instrument_type': 'option', 'underlying': 'SPXW', 'strike': 4610, 'expiry': '2023-07-31', 'dividend_rate': 0.015, 'opt_type': 'PE', 'timestamp': '2023-07-31 09:30:00', 'underlying_spot': 4611.0, 'id': 589595, 'bid': 8.25, 'ask': 8.5, 'mid': 8.38, 'delta': -0.4777348071792531, 'theta': -7.909778992895694, 'gamma': 0.0178089791091906, 'vega': 0.6210875433217842, 'sigma': 0.1434403118831265, 'moneyness': 0.02}",0,0
2023-06-05 09:30:00,1,1,1,straddle_component,563108,SPXW_4295_CE_20230605,50,7.75,trade,"{'detailed': True, 'instrument_type': 'option', 'underlying': 'SPXW', 'strike': 4295, 'expiry': '2023-06-05', 'dividend_rate': 0.015, 'opt_type': 'CE', 'timestamp': '2023-06-05 09:30:00', 'underlying_spot': 4292.75, 'id': 563108, 'bid': 7.25, 'ask': 7.75, 'mid': 7.5, 'delta': 0.4624423429783419, 'theta': -7.403385931128868, 'gamma': 0.0185832765708937, 'vega': 0.5765456934430109, 'sigma': 0.1472292739102223, 'moneyness': 0.05}",0,0
2023-06-05 09:30:00,2,1,1,straddle_component,344914,SPXW_4295_PE_20230605,50,10.75,trade,"{'detailed': True, 'instrument_type': 'option', 'underlying': 'SPXW', 'strike': 4295, 'expiry': '2023-06-05', 'dividend_rate': 0.015, 'opt_type': 'PE', 'timestamp': '2023-06-05 09:30:00', 'underlying_spot': 4292.75, 'id': 344914, 'bid': 10.25, 'ask': 10.75, 'mid': 10.5, 'delta': -0.5339298584991603, 'theta': -8.036224964544664, 'gamma': 0.0168921026677537, 'vega': 0.577022150530027, 'sigma': 0.1621020466448087, 'moneyness': -0.05}",0,0
2023-02-06 09:30:00,1,1,1,straddle_component,363650,SPXW_4125_CE_20230206,50,12.5,trade,"{'detailed': True, 'instrument_type': 'option', 'underlying': 'SPXW', 'strike': 4125, 'expiry': '2023-02-06', 'dividend_rate': 0.015, 'opt_type': 'CE', 'timestamp': '2023-02-06 09:30:00', 'underlying_spot': 4125.75, 'id': 363650, 'bid': 11.75, 'ask': 12.5, 'mid': 12.12, 'delta': 0.5139913510954663, 'theta': -10.651214642559566, 'gamma': 0.0136006237561048, 'vega': 0.5562538358049007, 'sigma': 0.210113229360006, 'moneyness': -0.02}",0,0
2023-02-06 09:30:00,2,1,1,straddle_component,214293,SPXW_4125_PE_20230206,50,16.25,trade,"{'detailed': True, 'instrument_type': 'option', 'underlying': 'SPXW', 'strike': 4125, 'expiry': '2023-02-06', 'dividend_rate': 0.015, 'opt_type': 'PE', 'timestamp': '2023-02-06 09:30:00', 'underlying_spot': 4125.75, 'id': 214293, 'bid': 15.5, 'ask': 16.25, 'mid': 15.88, 'delta': -0.4890024256564373, 'theta': -14.6626012060154, 'gamma': 0.0097603237492194, 'vega': 0.5563851337516823, 'sigma': 0.2928533119586471, 'moneyness': 0.02}",0,0
2023-01-23 09:30:00,1,1,1,straddle_component,794327,SPXW_3990_CE_20230123,50,15.5,trade,"{'detailed': True, 'instrument_type': 'option', 'underlying': 'SPXW', 'strike': 3990, 'expiry': '2023-01-23', 'dividend_rate': 0.015, 'opt_type': 'CE', 'timestamp': '2023-01-23 09:30:00', 'underlying_spot': 3991.0, 'id': 794327, 'bid': 15.0, 'ask': 15.5, 'mid': 15.25, 'delta': 0.514493082851164, 'theta': -13.352702361520098, 'gamma': 0.0108227991724163, 'vega': 0.5380622443430481, 'sigma': 0.2729445723675095, 'moneyness': -0.03}",0,0
2023-01-23 09:30:00,2,1,1,straddle_component,199366,SPXW_3990_PE_20230123,50,9.0,trade,"{'detailed': True, 'instrument_type': 'option', 'underlying': 'SPXW', 'strike': 3990, 'expiry': '2023-01-23', 'dividend_rate': 0.015, 'opt_type': 'PE', 'timestamp': '2023-01-23 09:30:00', 'underlying_spot': 3991.0, 'id': 199366, 'bid': 8.5, 'ask': 9.0, 'mid': 8.75, 'delta': -0.4788290466872347, 'theta': -8.258904635700395, 'gamma': 0.0171058094800002, 'vega': 0.5376573456594294, 'sigma': 0.1725619234351182, 'moneyness': 0.03}",0,0
2023-07-24 09:30:00,1,1,1,straddle_component,593892,SPXW_4580_CE_20230724,50,6.25,trade,"{'detailed': True, 'instrument_type': 'option', 'underlying': 'SPXW', 'strike': 4580, 'expiry': '2023-07-24', 'dividend_rate': 0.015, 'opt_type': 'CE', 'timestamp': '2023-07-24 09:30:00', 'underlying_spot': 4579.5, 'id': 593892, 'bid': 5.75, 'ask': 6.25, 'mid': 6.0, 'delta': 0.4927904811166339, 'theta': -5.675052894698123, 'gamma': 0.0257049846208445, 'vega': 0.6177092190945763, 'sigma': 0.1002019155188605, 'moneyness': 0.01}",0,0
2023-07-24 09:30:00,2,1,1,straddle_component,705977,SPXW_4580_PE_20230724,50,11.0,trade,"{'detailed': True, 'instrument_type': 'option', 'underlying': 'SPXW', 'strike': 4580, 'expiry': '2023-07-24', 'dividend_rate': 0.015, 'opt_type': 'PE', 'timestamp': '2023-07-24 09:30:00', 'underlying_spot': 4579.5, 'id': 705977, 'bid': 10.5, 'ask': 11.0, 'mid': 10.75, 'delta': -0.5034720882476584, 'theta': -9.454123794162085, 'gamma': 0.0150766540407687, 'vega': 0.6177877774992311, 'sigma': 0.1708609903110306, 'moneyness': -0.01}",0,0
2023-08-07 09:30:00,1,1,1,straddle_component,4168717,SPXW_4525_CE_20230807,50,7.25,trade,"{'detailed': True, 'instrument_type': 'option', 'underlying': 'SPXW', 'strike': 4525, 'expiry': '2023-08-07', 'dividend_rate': 0.015, 'opt_type': 'CE', 'timestamp': '2023-08-07 09:30:00', 'underlying_spot': 4524.25, 'id': 4168717, 'bid': 6.75, 'ask': 7.25, 'mid': 7.0, 'delta': 0.4886444045125948, 'theta': -6.663913895748124, 'gamma': 0.0217528672230571, 'vega': 0.6101083843791786, 'sigma': 0.1198238401094639, 'moneyness': 0.02}",0,0
2023-08-07 09:30:00,2,1,1,straddle_component,4168031,SPXW_4525_PE_20230807,50,14.0,trade,"{'detailed': True, 'instrument_type': 'option', 'underlying': 'SPXW', 'strike': 4525, 'expiry': '2023-08-07', 'dividend_rate': 0.015, 'opt_type': 'PE', 'timestamp': '2023-08-07 09:30:00', 'underlying_spot': 4524.25, 'id': 4168031, 'bid': 13.25, 'ask': 14.0, 'mid': 13.62, 'delta': -0.5052174369885698, 'theta': -11.931784547396738, 'gamma': 0.01196230803302, 'vega': 0.6103052711765979, 'sigma': 0.2179634191241391, 'moneyness': -0.02}",0,0
2023-02-27 09:30:00,1,1,1,straddle_component,379056,SPXW_4010_CE_20230227,50,13.75,trade,"{'detailed': True, 'instrument_type': 'option', 'underlying': 'SPXW', 'strike': 4010, 'expiry': '2023-02-27', 'dividend_rate': 0.015, 'opt_type': 'CE', 'timestamp': '2023-02-27 09:30:00', 'underlying_spot': 4009.0, 'id': 379056, 'bid': 13.25, 'ask': 13.75, 'mid': 13.5, 'delta': 0.4922578949613232, 'theta': -12.668614841707782, 'gamma': 0.0114118108207605, 'vega': 0.540744209462682, 'sigma': 0.2578159811854106, 'moneyness': 0.02}",0,0
2023-02-27 09:30:00,2,1,1,straddle_component,271281,SPXW_4010_PE_20230227,50,13.25,trade,"{'detailed': True, 'instrument_type': 'option', 'underlying': 'SPXW', 'strike': 4010, 'expiry': '2023-02-27', 'dividend_rate': 0.015, 'opt_type': 'PE', 'timestamp': '2023-02-27 09:30:00', 'underlying_spot': 4009.0, 'id': 271281, 'bid': 13.0, 'ask': 13.25, 'mid': 13.12, 'delta': -0.5088550376567191, 'theta': -11.339516892105648, 'gamma': 0.0125594855582278, 'vega': 0.5407127142868946, 'sigma': 0.2342433905106133, 'moneyness': -0.02}",0,0
2023-03-13 09:30:00,1,1,1,straddle_component,150331,SPXW_3855_CE_20230313,50,12.0,trade,"{'detailed': True, 'instrument_type': 'option', 'underlying': 'SPXW', 'strike': 3855, 'expiry': '2023-03-13', 'dividend_rate': 0.015, 'opt_type': 'CE', 'timestamp': '2023-03-13 09:30:00', 'underlying_spot': 3854.75, 'id': 150331, 'bid': 11.0, 'ask': 12.0, 'mid': 11.5, 'delta': 0.5003009410404324, 'theta': -10.570205722830323, 'gamma': 0.0137480310336002, 'vega': 0.5200365720403157, 'sigma': 0.2226104511558217, 'moneyness': 0.01}",0,0
2023-03-13 09:30:00,2,1,1,straddle_component,399749,SPXW_3855_PE_20230313,50,47.25,trade,"{'detailed': True, 'instrument_type': 'option', 'underlying': 'SPXW', 'strike': 3855, 'expiry': '2023-03-13', 'dividend_rate': 0.015, 'opt_type': 'PE', 'timestamp': '2023-03-13 09:30:00', 'underlying_spot': 3854.75, 'id': 399749, 'bid': 45.0, 'ask': 47.25, 'mid': 46.12, 'delta': -0.4943288989856853, 'theta': -41.66047888593632, 'gamma': 0.003455799344465, 'vega': 0.5199841804012628, 'sigma': 0.885511026907603, 'moneyness': -0.01}",0,0
2023-01-09 09:30:00,1,1,1,straddle_component,309780,SPXW_3940_CE_20230109,50,13.25,trade,"{'detailed': True, 'instrument_type': 'option', 'underlying': 'SPXW', 'strike': 3940, 'expiry': '2023-01-09', 'dividend_rate': 0.015, 'opt_type': 'CE', 'timestamp': '2023-01-09 09:30:00', 'underlying_spot': 3938.5, 'id': 309780, 'bid': 12.5, 'ask': 13.25, 'mid': 12.88, 'delta': 0.4860751917545869, 'theta': -12.250289567732594, 'gamma': 0.0117282132805485, 'vega': 0.5310109456511762, 'sigma': 0.2552436587530743, 'moneyness': 0.04}",0,0
2023-01-09 09:30:00,2,1,1,straddle_component,583893,SPXW_3940_PE_20230109,50,13.75,trade,"{'detailed': True, 'instrument_type': 'option', 'underlying': 'SPXW', 'strike': 3940, 'expiry': '2023-01-09', 'dividend_rate': 0.015, 'opt_type': 'PE', 'timestamp': '2023-01-09 09:30:00', 'underlying_spot': 3938.5, 'id': 583893, 'bid': 13.25, 'ask': 13.75, 'mid': 13.5, 'delta': -0.5149736789729964, 'theta': -11.373701190105091, 'gamma': 0.0124396919254365, 'vega': 0.5309601715525831, 'sigma': 0.2406222609937007, 'moneyness': -0.04}",0,0
2023-11-06 09:30:00,1,1,1,straddle_component,42163435,SPXW_4390_CE_20231106,50,6.75,trade,"{'detailed': True, 'instrument_type': 'option', 'underlying': 'SPXW', 'strike': 4390, 'expiry': '2023-11-06', 'dividend_rate': 0.015, 'opt_type': 'CE', 'timestamp': '2023-11-06 09:30:00', 'underlying_spot': 4389.25, 'id': 42163435, 'bid': 6.5, 'ask': 6.75, 'mid': 6.62, 'delta': 0.4878415645532374, 'theta': -6.31933895317404, 'gamma': 0.0229225207615257, 'vega': 0.5918677581884269, 'sigma': 0.117200082669203, 'moneyness': 0.02}",0,0
2023-11-06 09:30:00,2,1,1,straddle_component,42178320,SPXW_4390_PE_20231106,50,14.5,trade,"{'detailed': True, 'instrument_type': 'option', 'underlying': 'SPXW', 'strike': 4390, 'expiry': '2023-11-06', 'dividend_rate': 0.015, 'opt_type': 'PE', 'timestamp': '2023-11-06 09:30:00', 'underlying_spot': 4389.25, 'id': 42178320, 'bid': 13.75, 'ask': 14.5, 'mid': 14.12, 'delta': -0.5049396772369263, 'theta': -12.3876185520763, 'gamma': 0.0115305141434873, 'vega': 0.5920995286642192, 'sigma': 0.2330827525153156, 'moneyness': -0.02}",0,0
2023-08-28 09:30:00,1,1,1,straddle_component,42150356,SPXW_4435_CE_20230828,50,11.5,trade,"{'detailed': True, 'instrument_type': 'option', 'underlying': 'SPXW', 'strike': 4435, 'expiry': '2023-08-28', 'dividend_rate': 0.015, 'opt_type': 'CE', 'timestamp': '2023-08-28 09:30:00', 'underlying_spot': 4434.75, 'id': 42150356, 'bid': 11.0, 'ask': 11.5, 'mid': 11.25, 'delta': 0.5003923789903553, 'theta': -10.349033827724526, 'gamma': 0.0140604052134563, 'vega': 0.5982830880865437, 'sigma': 0.1891973891618104, 'moneyness': 0.01}",0,0
2023-08-28 09:30:00,2,1,1,straddle_component,42152489,SPXW_4435_PE_20230828,50,9.0,trade,"{'detailed': True, 'instrument_type': 'option', 'underlying': 'SPXW', 'strike': 4435, 'expiry': '2023-08-28', 'dividend_rate': 0.015, 'opt_type': 'PE', 'timestamp': '2023-08-28 09:30:00', 'underlying_spot': 4434.75, 'id': 42152489, 'bid': 8.5, 'ask': 9.0, 'mid': 8.75, 'delta': -0.5001738564620162, 'theta': -7.769925966949819, 'gamma': 0.0183350188187603, 'vega': 0.5982833128509251, 'sigma': 0.1450880962862593, 'moneyness': -0.01}",0,0
2023-04-10 09:30:00,1,1,1,straddle_component,385435,SPXW_4105_CE_20230410,50,11.75,trade,"{'detailed': True, 'instrument_type': 'option', 'underlying': 'SPXW', 'strike': 4105, 'expiry': '2023-04-10', 'dividend_rate': 0.015, 'opt_type': 'CE', 'timestamp': '2023-04-10 09:30:00', 'underlying_spot': 4105.5, 'id': 385435, 'bid': 11.25, 'ask': 11.75, 'mid': 11.5, 'delta': 0.5109321597717376, 'theta': -10.219122725661158, 'gamma': 0.0142086562071597, 'vega': 0.5536565561315836, 'sigma': 0.2021622336788749, 'moneyness': -0.01}",0,0
2023-04-10 09:30:00,2,1,1,straddle_component,389037,SPXW_4105_PE_20230410,50,11.25,trade,"{'detailed': True, 'instrument_type': 'option', 'underlying': 'SPXW', 'strike': 4105, 'expiry': '2023-04-10', 'dividend_rate': 0.015, 'opt_type': 'PE', 'timestamp': '2023-04-10 09:30:00', 'underlying_spot': 4105.5, 'id': 389037, 'bid': 10.75, 'ask': 11.25, 'mid': 11.0, 'delta': -0.4891423730657429, 'theta': -10.140767792749193, 'gamma': 0.0140794324643422, 'vega': 0.5536593964063261, 'sigma': 0.2040187592277775, 'moneyness': 0.01}",0,0
2023-05-22 09:30:00,1,1,1,straddle_component,797707,SPXW_4205_CE_20230522,50,9.5,trade,"{'detailed': True, 'instrument_type': 'option', 'underlying': 'SPXW', 'strike': 4205, 'expiry': '2023-05-22', 'dividend_rate': 0.015, 'opt_type': 'CE', 'timestamp': '2023-05-22 09:30:00', 'underlying_spot': 4206.25, 'id': 797707, 'bid': 9.0, 'ask': 9.5, 'mid': 9.25, 'delta': 0.5275497156415732, 'theta': -7.711250214214226, 'gamma': 0.0185554198317561, 'vega': 0.5660977674030585, 'sigma': 0.1507922987391858, 'moneyness': -0.03}",0,0
2023-05-22 09:30:00,2,1,1,straddle_component,532568,SPXW_4205_PE_20230522,50,10.0,trade,"{'detailed': True, 'instrument_type': 'option', 'underlying': 'SPXW', 'strike': 4205, 'expiry': '2023-05-22', 'dividend_rate': 0.015, 'opt_type': 'PE', 'timestamp': '2023-05-22 09:30:00', 'underlying_spot': 4206.25, 'id': 532568, 'bid': 9.75, 'ask': 10.0, 'mid': 9.88, 'delta': -0.4772027687500291, 'theta': -9.356922684637238, 'gamma': 0.0150744625138088, 'vega': 0.5665277397010158, 'sigma': 0.1857528234618221, 'moneyness': 0.03}",0,0
2023-04-24 09:30:00,1,1,1,straddle_component,437671,SPXW_4160_CE_20230424,50,5.5,trade,"{'detailed': True, 'instrument_type': 'option', 'underlying': 'SPXW', 'strike': 4160, 'expiry': '2023-04-24', 'dividend_rate': 0.015, 'opt_type': 'CE', 'timestamp': '2023-04-24 09:30:00', 'underlying_spot': 4157.75, 'id': 437671, 'bid': 5.0, 'ask': 5.5, 'mid': 5.25, 'delta': 0.4481965219997885, 'theta': -5.241832234277196, 'gamma': 0.0251974346721084, 'vega': 0.5561392352452472, 'sigma': 0.1116568598864249, 'moneyness': 0.05}",0,0
2023-04-24 09:30:00,2,1,1,straddle_component,218166,SPXW_4160_PE_20230424,50,12.25,trade,"{'detailed': True, 'instrument_type': 'option', 'underlying': 'SPXW', 'strike': 4160, 'expiry': '2023-04-24', 'dividend_rate': 0.015, 'opt_type': 'PE', 'timestamp': '2023-04-24 09:30:00', 'underlying_spot': 4157.75, 'id': 218166, 'bid': 11.75, 'ask': 12.25, 'mid': 12.0, 'delta': -0.5289725796028932, 'theta': -9.448036072602385, 'gamma': 0.0145750319191506, 'vega': 0.5594297434336308, 'sigma': 0.1941632733130298, 'moneyness': -0.05}",0,0
2023-07-17 09:30:00,1,1,1,straddle_component,773985,SPXW_4540_CE_20230717,50,6.5,trade,"{'detailed': True, 'instrument_type': 'option', 'underlying': 'SPXW', 'strike': 4540, 'expiry': '2023-07-17', 'dividend_rate': 0.015, 'opt_type': 'CE', 'timestamp': '2023-07-17 09:30:00', 'underlying_spot': 4541.25, 'id': 773985, 'bid': 6.25, 'ask': 6.5, 'mid': 6.38, 'delta': 0.5410363605135693, 'theta': -5.041985507538805, 'gamma': 0.0279307766071212, 'vega': 0.6093700958251791, 'sigma': 0.0925162958497213, 'moneyness': -0.03}",0,0
2023-07-17 09:30:00,2,1,1,straddle_component,417664,SPXW_4540_PE_20230717,50,10.0,trade,"{'detailed': True, 'instrument_type': 'option', 'underlying': 'SPXW', 'strike': 4540, 'expiry': '2023-07-17', 'dividend_rate': 0.015, 'opt_type': 'PE', 'timestamp': '2023-07-17 09:30:00', 'underlying_spot': 4541.25, 'id': 417664, 'bid': 9.5, 'ask': 10.0, 'mid': 9.75, 'delta': -0.4768425191651104, 'theta': -9.239188718172294, 'gamma': 0.0152491402971577, 'vega': 0.6116154097282402, 'sigma': 0.1700705813149998, 'moneyness': 0.03}",0,0
2023-09-25 09:30:00,1,1,1,straddle_component,42071561,SPXW_4350_CE_20230925,50,12.25,trade,"{'detailed': True, 'instrument_type': 'option', 'underlying': 'SPXW', 'strike': 4350, 'expiry': '2023-09-25', 'dividend_rate': 0.015, 'opt_type': 'CE', 'timestamp': '2023-09-25 09:30:00', 'underlying_spot': 4349.25, 'id': 42071561, 'bid': 12.0, 'ask': 12.25, 'mid': 12.12, 'delta': 0.4941853472193003, 'theta': -11.334324252596424, 'gamma': 0.0127901664725982, 'vega': 0.586686205192609, 'sigma': 0.2120536282146004, 'moneyness': 0.02}",0,0
2023-09-25 09:30:00,2,1,1,straddle_component,42070418,SPXW_4350_PE_20230925,50,14.25,trade,"{'detailed': True, 'instrument_type': 'option', 'underlying': 'SPXW', 'strike': 4350, 'expiry': '2023-09-25', 'dividend_rate': 0.015, 'opt_type': 'PE', 'timestamp': '2023-09-25 09:30:00', 'underlying_spot': 4349.25, 'id': 42070418, 'bid': 13.75, 'ask': 14.25, 'mid': 14.0, 'delta': -0.5050190518118391, 'theta': -12.274377035037196, 'gamma': 0.0116363227853355, 'vega': 0.58670216183482, 'sigma': 0.2330869258123509, 'moneyness': -0.02}",0,0
2023-09-18 09:30:00,1,1,1,straddle_component,42182127,SPXW_4495_CE_20230918,50,9.25,trade,"{'detailed': True, 'instrument_type': 'option', 'underlying': 'SPXW', 'strike': 4495, 'expiry': '2023-09-18', 'dividend_rate': 0.015, 'opt_type': 'CE', 'timestamp': '2023-09-18 09:30:00', 'underlying_spot': 4495.75, 'id': 42182127, 'bid': 9.0, 'ask': 9.25, 'mid': 9.12, 'delta': 0.5181757289330235, 'theta': -7.921986574098565, 'gamma': 0.0183001368014856, 'vega': 0.6058804334271759, 'sigma': 0.1432434560379419, 'moneyness': -0.02}",0,0
2023-09-18 09:30:00,2,1,1,straddle_component,42182129,SPXW_4495_PE_20230918,50,9.75,trade,"{'detailed': True, 'instrument_type': 'option', 'underlying': 'SPXW', 'strike': 4495, 'expiry': '2023-09-18', 'dividend_rate': 0.015, 'opt_type': 'PE', 'timestamp': '2023-09-18 09:30:00', 'underlying_spot': 4495.75, 'id': 42182129, 'bid': 9.25, 'ask': 9.75, 'mid': 9.5, 'delta': -0.4838327199009562, 'theta': -8.86227269042182, 'gamma': 0.0160202546872767, 'vega': 0.606013044707364, 'sigma': 0.1636642928994029, 'moneyness': 0.02}",0,0
2023-10-23 09:30:00,1,1,1,straddle_component,42235410,SPXW_4235_CE_20231023,50,12.75,trade,"{'detailed': True, 'instrument_type': 'option', 'underlying': 'SPXW', 'strike': 4235, 'expiry': '2023-10-23', 'dividend_rate': 0.015, 'opt_type': 'CE', 'timestamp': '2023-10-23 09:30:00', 'underlying_spot': 4233.5, 'id': 42235410, 'bid': 12.25, 'ask': 12.75, 'mid': 12.5, 'delta': 0.4856113197930334, 'theta': -11.909284492615424, 'gamma': 0.0120645942836006, 'vega': 0.5707607686425815, 'sigma': 0.2308274889203589, 'moneyness': 0.04}",0,0
2023-10-23 09:30:00,2,1,1,straddle_component,42235414,SPXW_4235_PE_20231023,50,16.5,trade,"{'detailed': True, 'instrument_type': 'option', 'underlying': 'SPXW', 'strike': 4235, 'expiry': '2023-10-23', 'dividend_rate': 0.015, 'opt_type': 'PE', 'timestamp': '2023-10-23 09:30:00', 'underlying_spot': 4233.5, 'id': 42235414, 'bid': 15.75, 'ask': 16.5, 'mid': 16.12, 'delta': -0.511816742127813, 'theta': -13.774576048490564, 'gamma': 0.0103196209622069, 'vega': 0.5708821207413921, 'sigma': 0.2699159456687815, 'moneyness': -0.04}",0,0
2023-01-30 09:30:00,1,1,1,straddle_component,387317,SPXW_4060_CE_20230130,50,11.25,trade,"{'detailed': True, 'instrument_type': 'option', 'underlying': 'SPXW', 'strike': 4060, 'expiry': '2023-01-30', 'dividend_rate': 0.015, 'opt_type': 'CE', 'timestamp': '2023-01-30 09:30:00', 'underlying_spot': 4059.5, 'id': 387317, 'bid': 10.75, 'ask': 11.25, 'mid': 11.0, 'delta': 0.4967077802585429, 'theta': -10.217781138179996, 'gamma': 0.0142127003677217, 'vega': 0.547640405334584, 'sigma': 0.2044646937401774, 'moneyness': 0.01}",0,0
2023-01-30 09:30:00,2,1,1,straddle_component,388162,SPXW_4060_PE_20230130,50,17.0,trade,"{'detailed': True, 'instrument_type': 'option', 'underlying': 'SPXW', 'strike': 4060, 'expiry': '2023-01-30', 'dividend_rate': 0.015, 'opt_type': 'PE', 'timestamp': '2023-01-30 09:30:00', 'underlying_spot': 4059.5, 'id': 388162, 'bid': 16.5, 'ask': 17.0, 'mid': 16.75, 'delta': -0.5011223845631463, 'theta': -14.905370568678194, 'gamma': 0.0096167963903326, 'vega': 0.547656957432487, 'sigma': 0.3021883748623432, 'moneyness': -0.01}",0,0
2023-02-13 09:30:00,1,1,1,straddle_component,221478,SPXW_4105_CE_20230213,50,16.0,trade,"{'detailed': True, 'instrument_type': 'option', 'underlying': 'SPXW', 'strike': 4105, 'expiry': '2023-02-13', 'dividend_rate': 0.015, 'opt_type': 'CE', 'timestamp': '2023-02-13 09:30:00', 'underlying_spot': 4105.0, 'id': 221478, 'bid': 15.5, 'ask': 16.0, 'mid': 15.75, 'delta': 0.5036682045317598, 'theta': -14.316614533834128, 'gamma': 0.0101374328842496, 'vega': 0.5537740418182908, 'sigma': 0.2834803821498864, 'moneyness': 0.0}",0,0
2023-02-13 09:30:00,2,1,1,straddle_component,416425,SPXW_4105_PE_20230213,50,14.25,trade,"{'detailed': True, 'instrument_type': 'option', 'underlying': 'SPXW', 'strike': 4105, 'expiry': '2023-02-13', 'dividend_rate': 0.015, 'opt_type': 'PE', 'timestamp': '2023-02-13 09:30:00', 'underlying_spot': 4105.0, 'id': 416425, 'bid': 13.5, 'ask': 14.25, 'mid': 13.88, 'delta': -0.4963241927248951, 'theta': -12.538443964429128, 'gamma': 0.0114274850737672, 'vega': 0.5537739405624933, 'sigma': 0.251478141584724, 'moneyness': 0.0}",0,0
2023-05-01 09:30:00,1,1,1,straddle_component,589144,SPXW_4185_CE_20230501,50,8.5,trade,"{'detailed': True, 'instrument_type': 'option', 'underlying': 'SPXW', 'strike': 4185, 'expiry': '2023-05-01', 'dividend_rate': 0.015, 'opt_type': 'CE', 'timestamp': '2023-05-01 09:30:00', 'underlying_spot': 4186.5, 'id': 589144, 'bid': 8.25, 'ask': 8.5, 'mid': 8.38, 'delta': 0.5362151167275897, 'theta': -6.717026666042789, 'gamma': 0.0210014216150966, 'vega': 0.5624513305682277, 'sigma': 0.1336251670909579, 'moneyness': -0.04}",0,0
2023-05-01 09:30:00,2,1,1,straddle_component,98867,SPXW_4185_PE_20230501,50,9.5,trade,"{'detailed': True, 'instrument_type': 'option', 'underlying': 'SPXW', 'strike': 4185, 'expiry': '2023-05-01', 'dividend_rate': 0.015, 'opt_type': 'PE', 'timestamp': '2023-05-01 09:30:00', 'underlying_spot': 4186.5, 'id': 98867, 'bid': 9.0, 'ask': 9.5, 'mid': 9.25, 'delta': -0.4722256184122031, 'theta': -8.84366624720761, 'gamma': 0.0158229894964279, 'vega': 0.5634191747889528, 'sigma': 0.1776595695519519, 'moneyness': 0.04}",0,0
2023-09-11 09:30:00,1,1,1,straddle_component,42031729,SPXW_4540_CE_20230911,50,0.15,trade,"{'detailed': True, 'instrument_type': 'option', 'underlying': 'SPXW', 'strike': 4540, 'expiry': '2023-09-11', 'dividend_rate': 0.015, 'opt_type': 'CE', 'timestamp': '2023-09-11 09:30:00', 'underlying_spot': 4540.25, 'id': 42031729, 'bid': 0.05, 'ask': 0.15, 'mid': 0.1, 'delta': 1.0000000000231406, 'theta': -0.1898951919682867, 'gamma': -5.551115123125786e-13, 'vega': 0.2084306875552254, 'sigma': 0.0, 'moneyness': -0.01}",0,0
2023-09-11 09:30:00,2,1,1,straddle_component,42033283,SPXW_4540_PE_20230911,50,52.0,trade,"{'detailed': True, 'instrument_type': 'option', 'underlying': 'SPXW', 'strike': 4540, 'expiry': '2023-09-11', 'dividend_rate': 0.015, 'opt_type': 'PE', 'timestamp': '2023-09-11 09:30:00', 'underlying_spot': 4540.25, 'id': 42033283, 'bid': 51.25, 'ask': 52.0, 'mid': 51.62, 'delta': -0.4929380961282703, 'theta': -46.86649402135681, 'gamma': 0.0030713386678371, 'vega': 0.6124202110416768, 'sigma': 0.8458776113703309, 'moneyness': 0.01}",0,0
2023-08-21 09:30:00,1,1,1,straddle_component,42130007,SPXW_4395_CE_20230821,50,11.5,trade,"{'detailed': True, 'instrument_type': 'option', 'underlying': 'SPXW', 'strike': 4395, 'expiry': '2023-08-21', 'dividend_rate': 0.015, 'opt_type': 'CE', 'timestamp': '2023-08-21 09:30:00', 'underlying_spot': 4394.25, 'id': 42130007, 'bid': 11.0, 'ask': 11.5, 'mid': 11.25, 'delta': 0.4935487165537822, 'theta': -10.538695782850509, 'gamma': 0.013758164243427, 'vega': 0.5927417975880545, 'sigma': 0.1951103077029383, 'moneyness': 0.02}",0,0
2023-08-21 09:30:00,2,1,1,straddle_component,42130571,SPXW_4395_PE_20230821,50,11.5,trade,"{'detailed': True, 'instrument_type': 'option', 'underlying': 'SPXW', 'strike': 4395, 'expiry': '2023-08-21', 'dividend_rate': 0.015, 'opt_type': 'PE', 'timestamp': '2023-08-21 09:30:00', 'underlying_spot': 4394.25, 'id': 42130571, 'bid': 11.0, 'ask': 11.5, 'mid': 11.25, 'delta': -0.5069790552287401, 'theta': -9.772393556246316, 'gamma': 0.0145637723392155, 'vega': 0.5927285202345107, 'sigma': 0.1843135032594532, 'moneyness': -0.02}",0,0
2023-06-12 09:30:00,1,1,1,straddle_component,583535,SPXW_4355_CE_20230612,50,0.35,trade,"{'detailed': True, 'instrument_type': 'option', 'underlying': 'SPXW', 'strike': 4355, 'expiry': '2023-06-12', 'dividend_rate': 0.015, 'opt_type': 'CE', 'timestamp': '2023-06-12 09:30:00', 'underlying_spot': 4356.75, 'id': 583535, 'bid': 0.25, 'ask': 0.35, 'mid': 0.3, 'delta': 1.000000000023138, 'theta': -0.1821571720312236, 'gamma': 0.0, 'vega': 0.0326260987527158, 'sigma': 0.0, 'moneyness': -0.04}",0,0
2023-06-12 09:30:00,2,1,1,straddle_component,156095,SPXW_4355_PE_20230612,50,41.5,trade,"{'detailed': True, 'instrument_type': 'option', 'underlying': 'SPXW', 'strike': 4355, 'expiry': '2023-06-12', 'dividend_rate': 0.015, 'opt_type': 'PE', 'timestamp': '2023-06-12 09:30:00', 'underlying_spot': 4356.75, 'id': 156095, 'bid': 40.5, 'ask': 41.5, 'mid': 41.0, 'delta': -0.487848350593012, 'theta': -37.85667034743923, 'gamma': 0.00379363932268, 'vega': 0.5874878551010561, 'sigma': 0.7134476600223368, 'moneyness': 0.04}",0,0
2023-04-17 09:30:00,1,1,1,straddle_component,385918,SPXW_4160_CE_20230417,50,10.0,trade,"{'detailed': True, 'instrument_type': 'option', 'underlying': 'SPXW', 'strike': 4160, 'expiry': '2023-04-17', 'dividend_rate': 0.015, 'opt_type': 'CE', 'timestamp': '2023-04-17 09:30:00', 'underlying_spot': 4160.75, 'id': 385918, 'bid': 9.5, 'ask': 10.0, 'mid': 9.75, 'delta': 0.5169252216291831, 'theta': -8.488739217437693, 'gamma': 0.0170653419395705, 'vega': 0.5608117436193885, 'sigma': 0.1659986794883116, 'moneyness': -0.02}",0,0
2023-04-17 09:30:00,2,1,1,straddle_component,259647,SPXW_4160_PE_20230417,50,9.0,trade,"{'detailed': True, 'instrument_type': 'option', 'underlying': 'SPXW', 'strike': 4160, 'expiry': '2023-04-17', 'dividend_rate': 0.015, 'opt_type': 'PE', 'timestamp': '2023-04-17 09:30:00', 'underlying_spot': 4160.75, 'id': 259647, 'bid': 8.5, 'ask': 9.0, 'mid': 8.75, 'delta': -0.4828409387025445, 'theta': -8.181770833432713, 'gamma': 0.0173364665556619, 'vega': 0.5607975796731752, 'sigma': 0.1633985324335603, 'moneyness': 0.02}",0,0
2023-08-14 09:30:00,1,1,1,straddle_component,4205974,SPXW_4475_CE_20230814,50,10.5,trade,"{'detailed': True, 'instrument_type': 'option', 'underlying': 'SPXW', 'strike': 4475, 'expiry': '2023-08-14', 'dividend_rate': 0.015, 'opt_type': 'CE', 'timestamp': '2023-08-14 09:30:00', 'underlying_spot': 4473.0, 'id': 4205974, 'bid': 9.75, 'ask': 10.5, 'mid': 10.12, 'delta': 0.4751480688293341, 'theta': -9.834567361732324, 'gamma': 0.0143867251267693, 'vega': 0.6022685128536214, 'sigma': 0.1829690902474297, 'moneyness': 0.04}",0,0
2023-08-14 09:30:00,2,1,1,straddle_component,4205276,SPXW_4475_PE_20230814,50,13.0,trade,"{'detailed': True, 'instrument_type': 'option', 'underlying': 'SPXW', 'strike': 4475, 'expiry': '2023-08-14', 'dividend_rate': 0.015, 'opt_type': 'PE', 'timestamp': '2023-08-14 09:30:00', 'underlying_spot': 4473.0, 'id': 4205276, 'bid': 12.5, 'ask': 13.0, 'mid': 12.75, 'delta': -0.5231359137362723, 'theta': -10.332376129343093, 'gamma': 0.0134881965685451, 'vega': 0.6024256001874608, 'sigma': 0.1952083604957307, 'moneyness': -0.04}",0,0
2023-10-16 09:30:00,1,1,1,straddle_component,42113582,SPXW_4380_CE_20231016,50,13.0,trade,"{'detailed': True, 'instrument_type': 'option', 'underlying': 'SPXW', 'strike': 4380, 'expiry': '2023-10-16', 'dividend_rate': 0.015, 'opt_type': 'CE', 'timestamp': '2023-10-16 09:30:00', 'underlying_spot': 4378.0, 'id': 42113582, 'bid': 12.75, 'ask': 13.0, 'mid': 12.88, 'delta': 0.4806484082122253, 'theta': -12.381057330145552, 'gamma': 0.0115220402108207, 'vega': 0.5899308654718372, 'sigma': 0.2335962383951324, 'moneyness': 0.05}",0,0
2023-10-16 09:30:00,2,1,1,straddle_component,42146455,SPXW_4380_PE_20231016,50,12.75,trade,"{'detailed': True, 'instrument_type': 'option', 'underlying': 'SPXW', 'strike': 4380, 'expiry': '2023-10-16', 'dividend_rate': 0.015, 'opt_type': 'PE', 'timestamp': '2023-10-16 09:30:00', 'underlying_spot': 4378.0, 'id': 42146455, 'bid': 12.25, 'ask': 12.75, 'mid': 12.5, 'delta': -0.523724649190882, 'theta': -10.101177410081489, 'gamma': 0.0137815978362709, 'vega': 0.5895795958598429, 'sigma': 0.1951812698221995, 'moneyness': -0.05}",0,0
2023-03-27 09:30:00,1,1,1,straddle_component,148847,SPXW_4025_CE_20230327,50,14.75,trade,"{'detailed': True, 'instrument_type': 'option', 'underlying': 'SPXW', 'strike': 4025, 'expiry': '2023-03-27', 'dividend_rate': 0.015, 'opt_type': 'CE', 'timestamp': '2023-03-27 09:30:00', 'underlying_spot': 4025.75, 'id': 148847, 'bid': 14.25, 'ask': 14.75, 'mid': 14.5, 'delta': 0.5121503064897226, 'theta': -12.809770299309037, 'gamma': 0.0113045718919124, 'vega': 0.5428538140573647, 'sigma': 0.2591075635883574, 'moneyness': -0.02}",0,0
2023-03-27 09:30:00,2,1,1,straddle_component,284591,SPXW_4025_PE_20230327,50,14.0,trade,"{'detailed': True, 'instrument_type': 'option', 'underlying': 'SPXW', 'strike': 4025, 'expiry': '2023-03-27', 'dividend_rate': 0.015, 'opt_type': 'PE', 'timestamp': '2023-03-27 09:30:00', 'underlying_spot': 4025.75, 'id': 284591, 'bid': 13.5, 'ask': 14.0, 'mid': 13.75, 'delta': -0.4879111593720786, 'theta': -12.73300935013568, 'gamma': 0.0112242035577025, 'vega': 0.542856364262863, 'sigma': 0.260964066118216, 'moneyness': 0.02}",0,0
2023-06-13 09:30:00,1,1,1,straddle_component,392213,SPXW_4405_CE_20230613,50,0.6,trade,"{'detailed': True, 'instrument_type': 'option', 'underlying': 'SPXW', 'strike': 4405, 'expiry': '2023-06-13', 'dividend_rate': 0.015, 'opt_type': 'CE', 'timestamp': '2023-06-13 09:30:00', 'underlying_spot': 4403.5, 'id': 392213, 'bid': 0.45, 'ask': 0.6, 'mid': 0.52, 'delta': 0.313903517319658, 'theta': -0.5483383810813939, 'gamma': 0.1309636283575166, 'vega': 0.5058478380954846, 'sigma': 0.0181883526504481, 'moneyness': 0.03}",0,0
2023-06-13 09:30:00,2,1,1,straddle_component,779297,SPXW_4405_PE_20230613,50,48.5,trade,"{'detailed': True, 'instrument_type': 'option', 'underlying': 'SPXW', 'strike': 4405, 'expiry': '2023-06-13', 'dividend_rate': 0.015, 'opt_type': 'PE', 'timestamp': '2023-06-13 09:30:00', 'underlying_spot': 4403.5, 'id': 779297, 'bid': 47.5, 'ask': 48.5, 'mid': 48.0, 'delta': -0.4990510654270252, 'theta': -42.74917084890482, 'gamma': 0.0033650167807763, 'vega': 0.594065819339832, 'sigma': 0.7961502348251235, 'moneyness': -0.03}",0,0
2023-04-11 09:30:00,1,1,1,straddle_component,563202,SPXW_4140_CE_20230411,50,11.25,trade,"{'detailed': True, 'instrument_type': 'option', 'underlying': 'SPXW', 'strike': 4140, 'expiry': '2023-04-11', 'dividend_rate': 0.015, 'opt_type': 'CE', 'timestamp': '2023-04-11 09:30:00', 'underlying_spot': 4138.25, 'id': 563202, 'bid': 10.75, 'ask': 11.25, 'mid': 11.0, 'delta': 0.4801959169387082, 'theta': -10.591018540273842, 'gamma': 0.0134679362595591, 'vega': 0.557593357571907, 'sigma': 0.2114117265409815, 'moneyness': 0.04}",0,0
2023-04-11 09:30:00,2,1,1,straddle_component,676982,SPXW_4140_PE_20230411,50,9.0,trade,"{'detailed': True, 'instrument_type': 'option', 'underlying': 'SPXW', 'strike': 4140, 'expiry': '2023-04-11', 'dividend_rate': 0.015, 'opt_type': 'PE', 'timestamp': '2023-04-11 09:30:00', 'underlying_spot': 4138.25, 'id': 676982, 'bid': 8.5, 'ask': 9.0, 'mid': 8.75, 'delta': -0.53075309100441, 'theta': -6.792431277297919, 'gamma': 0.02009104120404, 'vega': 0.5566147482540584, 'sigma': 0.1414719292227498, 'moneyness': -0.04}",0,0
2023-04-04 09:30:00,1,1,1,straddle_component,409263,SPXW_4160_CE_20230404,50,10.25,trade,"{'detailed': True, 'instrument_type': 'option', 'underlying': 'SPXW', 'strike': 4160, 'expiry': '2023-04-04', 'dividend_rate': 0.015, 'opt_type': 'CE', 'timestamp': '2023-04-04 09:30:00', 'underlying_spot': 4158.5, 'id': 409263, 'bid': 9.75, 'ask': 10.25, 'mid': 10.0, 'delta': 0.4815600089453475, 'theta': -9.610778587319366, 'gamma': 0.0148837201585649, 'vega': 0.5604137353602674, 'sigma': 0.1904012790826552, 'moneyness': 0.04}",0,0
2023-04-04 09:30:00,2,1,1,straddle_component,332866,SPXW_4160_PE_20230404,50,10.0,trade,"{'detailed': True, 'instrument_type': 'option', 'underlying': 'SPXW', 'strike': 4160, 'expiry': '2023-04-04', 'dividend_rate': 0.015, 'opt_type': 'PE', 'timestamp': '2023-04-04 09:30:00', 'underlying_spot': 4158.5, 'id': 332866, 'bid': 9.5, 'ask': 10.0, 'mid': 9.75, 'delta': -0.5222331581262729, 'theta': -7.915477951074978, 'gamma': 0.0175907445232326, 'vega': 0.5601398907735069, 'sigma': 0.1610223901968382, 'moneyness': -0.04}",0,0
2023-09-19 09:30:00,1,1,1,straddle_component,42130679,SPXW_4490_CE_20230919,50,9.25,trade,"{'detailed': True, 'instrument_type': 'option', 'underlying': 'SPXW', 'strike': 4490, 'expiry': '2023-09-19', 'dividend_rate': 0.015, 'opt_type': 'CE', 'timestamp': '2023-09-19 09:30:00', 'underlying_spot': 4490.0, 'id': 42130679, 'bid': 9.0, 'ask': 9.25, 'mid': 9.12, 'delta': 0.5043348181050789, 'theta': -8.314897141896095, 'gamma': 0.0175484052888919, 'vega': 0.6057011973454314, 'sigma': 0.1497175421697895, 'moneyness': 0.0}",0,0
2023-09-19 09:30:00,2,1,1,straddle_component,42131247,SPXW_4490_PE_20230919,50,8.75,trade,"{'detailed': True, 'instrument_type': 'option', 'underlying': 'SPXW', 'strike': 4490, 'expiry': '2023-09-19', 'dividend_rate': 0.015, 'opt_type': 'PE', 'timestamp': '2023-09-19 09:30:00', 'underlying_spot': 4490.0, 'id': 42131247, 'bid': 8.5, 'ask': 8.75, 'mid': 8.62, 'delta': -0.4955599055332271, 'theta': -7.775785506303082, 'gamma': 0.0183317898105883, 'vega': 0.6056994213131444, 'sigma': 0.1433191472960505, 'moneyness': 0.0}",0,0
2023-12-19 09:30:00,1,1,1,straddle_component,42277667,SPXW_4800_CE_20231219,50,6.25,trade,"{'detailed': True, 'instrument_type': 'option', 'underlying': 'SPXW', 'strike': 4800, 'expiry': '2023-12-19', 'dividend_rate': 0.015, 'opt_type': 'CE', 'timestamp': '2023-12-19 09:30:00', 'underlying_spot': 4799.25, 'id': 42277667, 'bid': 6.05, 'ask': 6.25, 'mid': 6.15, 'delta': 0.4871875970561934, 'theta': -5.887742484926253, 'gamma': 0.0246254451052863, 'vega': 0.647119673310502, 'sigma': 0.0997702020505025, 'moneyness': 0.02}",0,0
2023-12-19 09:30:00,2,1,1,straddle_component,42203598,SPXW_4800_PE_20231219,50,8.9,trade,"{'detailed': True, 'instrument_type': 'option', 'underlying': 'SPXW', 'strike': 4800, 'expiry': '2023-12-19', 'dividend_rate': 0.015, 'opt_type': 'PE', 'timestamp': '2023-12-19 09:30:00', 'underlying_spot': 4799.25, 'id': 42203598, 'bid': 8.7, 'ask': 8.9, 'mid': 8.8, 'delta': -0.509388631070351, 'theta': -7.535226906626391, 'gamma': 0.0187608981150333, 'vega': 0.6472767981241034, 'sigma': 0.1309890822511967, 'moneyness': -0.02}",0,0
2023-08-01 09:30:00,1,1,1,straddle_component,4125145,SPXW_4600_CE_20230801,50,9.0,trade,"{'detailed': True, 'instrument_type': 'option', 'underlying': 'SPXW', 'strike': 4600, 'expiry': '2023-08-01', 'dividend_rate': 0.015, 'opt_type': 'CE', 'timestamp': '2023-08-01 09:30:00', 'underlying_spot': 4598.75, 'id': 4125145, 'bid': 8.5, 'ask': 9.0, 'mid': 8.75, 'delta': 0.4829594443498841, 'theta': -8.403181616420754, 'gamma': 0.0170878953831277, 'vega': 0.6198394070495521, 'sigma': 0.1499883684590099, 'moneyness': 0.03}",0,0
2023-08-01 09:30:00,2,1,1,straddle_component,4126176,SPXW_4600_PE_20230801,50,9.75,trade,"{'detailed': True, 'instrument_type': 'option', 'underlying': 'SPXW', 'strike': 4600, 'expiry': '2023-08-01', 'dividend_rate': 0.015, 'opt_type': 'PE', 'timestamp': '2023-08-01 09:30:00', 'underlying_spot': 4598.75, 'id': 4126176, 'bid': 9.25, 'ask': 9.75, 'mid': 9.5, 'delta': -0.5178614596044184, 'theta': -7.856300635555929, 'gamma': 0.0178242255088889, 'vega': 0.6197830231837651, 'sigma': 0.1437792936030824, 'moneyness': -0.03}",0,0
2023-10-03 09:30:00,1,1,1,straddle_component,42181405,SPXW_4305_CE_20231003,50,12.25,trade,"{'detailed': True, 'instrument_type': 'option', 'underlying': 'SPXW', 'strike': 4305, 'expiry': '2023-10-03', 'dividend_rate': 0.015, 'opt_type': 'CE', 'timestamp': '2023-10-03 09:30:00', 'underlying_spot': 4303.25, 'id': 42181405, 'bid': 11.75, 'ask': 12.25, 'mid': 12.0, 'delta': 0.4819996272212634, 'theta': -11.51473797819898, 'gamma': 0.0124192536077316, 'vega': 0.579950504598326, 'sigma': 0.2205199461421767, 'moneyness': 0.04}",0,0
2023-10-03 09:30:00,2,1,1,straddle_component,42207288,SPXW_4305_PE_20231003,50,16.25,trade,"{'detailed': True, 'instrument_type': 'option', 'underlying': 'SPXW', 'strike': 4305, 'expiry': '2023-10-03', 'dividend_rate': 0.015, 'opt_type': 'PE', 'timestamp': '2023-10-03 09:30:00', 'underlying_spot': 4303.25, 'id': 42207288, 'bid': 15.75, 'ask': 16.25, 'mid': 16.0, 'delta': -0.5146946237966077, 'theta': -13.501463680747412, 'gamma': 0.0104897106112389, 'vega': 0.5801483835604611, 'sigma': 0.2611725310804338, 'moneyness': -0.04}",0,0
2023-10-31 09:30:00,1,1,1,straddle_component,42173520,SPXW_4185_CE_20231031,50,16.75,trade,"{'detailed': True, 'instrument_type': 'option', 'underlying': 'SPXW', 'strike': 4185, 'expiry': '2023-10-31', 'dividend_rate': 0.015, 'opt_type': 'CE', 'timestamp': '2023-10-31 09:30:00', 'underlying_spot': 4187.25, 'id': 42173520, 'bid': 16.25, 'ask': 16.75, 'mid': 16.5, 'delta': 0.5270580610313047, 'theta': -13.708694771984844, 'gamma': 0.0103794348760288, 'vega': 0.5635923048992169, 'sigma': 0.2708189790148139, 'moneyness': -0.05}",0,0
2023-10-31 09:30:00,2,1,1,straddle_component,42202872,SPXW_4185_PE_20231031,50,9.9,trade,"{'detailed': True, 'instrument_type': 'option', 'underlying': 'SPXW', 'strike': 4185, 'expiry': '2023-10-31', 'dividend_rate': 0.015, 'opt_type': 'PE', 'timestamp': '2023-10-31 09:30:00', 'underlying_spot': 4187.25, 'id': 42202872, 'bid': 9.65, 'ask': 9.9, 'mid': 9.78, 'delta': -0.4633559736726411, 'theta': -9.475355894365103, 'gamma': 0.0145194176326413, 'vega': 0.5625030426159698, 'sigma': 0.1932265834952093, 'moneyness': 0.05}",0,0
2023-08-08 09:30:00,1,1,1,straddle_component,4180294,SPXW_4510_CE_20230808,50,11.5,trade,"{'detailed': True, 'instrument_type': 'option', 'underlying': 'SPXW', 'strike': 4510, 'expiry': '2023-08-08', 'dividend_rate': 0.015, 'opt_type': 'CE', 'timestamp': '2023-08-08 09:30:00', 'underlying_spot': 4511.0, 'id': 4180294, 'bid': 11.0, 'ask': 11.5, 'mid': 11.25, 'delta': 0.5189080912131772, 'theta': -9.71125978586076, 'gamma': 0.0148772862829105, 'vega': 0.6078845110758886, 'sigma': 0.1755891311389442, 'moneyness': -0.02}",0,0
2023-08-08 09:30:00,2,1,1,straddle_component,4178925,SPXW_4510_PE_20230808,50,11.0,trade,"{'detailed': True, 'instrument_type': 'option', 'underlying': 'SPXW', 'strike': 4510, 'expiry': '2023-08-08', 'dividend_rate': 0.015, 'opt_type': 'PE', 'timestamp': '2023-08-08 09:30:00', 'underlying_spot': 4511.0, 'id': 4178925, 'bid': 10.5, 'ask': 11.0, 'mid': 10.75, 'delta': -0.481985668772289, 'theta': -10.082292757125144, 'gamma': 0.0140709602192146, 'vega': 0.6079480162200914, 'sigma': 0.1856704119333053, 'moneyness': 0.02}",0,0
2023-04-18 09:30:00,1,1,1,straddle_component,77712,SPXW_4190_CE_20230418,50,11.25,trade,"{'detailed': True, 'instrument_type': 'option', 'underlying': 'SPXW', 'strike': 4190, 'expiry': '2023-04-18', 'dividend_rate': 0.015, 'opt_type': 'CE', 'timestamp': '2023-04-18 09:30:00', 'underlying_spot': 4189.25, 'id': 77712, 'bid': 10.75, 'ask': 11.25, 'mid': 11.0, 'delta': 0.493292118830535, 'theta': -10.309239278593108, 'gamma': 0.0140589453501149, 'vega': 0.5650832800229324, 'sigma': 0.2002774149525522, 'moneyness': 0.02}",0,0
2023-04-18 09:30:00,2,1,1,straddle_component,709390,SPXW_4190_PE_20230418,50,7.75,trade,"{'detailed': True, 'instrument_type': 'option', 'underlying': 'SPXW', 'strike': 4190, 'expiry': '2023-04-18', 'dividend_rate': 0.015, 'opt_type': 'PE', 'timestamp': '2023-04-18 09:30:00', 'underlying_spot': 4189.25, 'id': 709390, 'bid': 7.25, 'ask': 7.75, 'mid': 7.5, 'delta': -0.5118604917031977, 'theta': -6.352776896699137, 'gamma': 0.0221800098199054, 'vega': 0.5649118854086117, 'sigma': 0.126908984158164, 'moneyness': -0.02}",0,0
2023-06-27 09:30:00,1,1,1,straddle_component,144799,SPXW_4380_CE_20230627,50,8.75,trade,"{'detailed': True, 'instrument_type': 'option', 'underlying': 'SPXW', 'strike': 4380, 'expiry': '2023-06-27', 'dividend_rate': 0.015, 'opt_type': 'CE', 'timestamp': '2023-06-27 09:30:00', 'underlying_spot': 4382.0, 'id': 144799, 'bid': 8.25, 'ask': 8.75, 'mid': 8.5, 'delta': 0.547736040058755, 'theta': -6.432741376362364, 'gamma': 0.0213554020866979, 'vega': 0.5869037954914025, 'sigma': 0.1251636228415292, 'moneyness': -0.05}",0,0
2023-06-27 09:30:00,2,1,1,straddle_component,748272,SPXW_4380_PE_20230627,50,9.5,trade,"{'detailed': True, 'instrument_type': 'option', 'underlying': 'SPXW', 'strike': 4380, 'expiry': '2023-06-27', 'dividend_rate': 0.015, 'opt_type': 'PE', 'timestamp': '2023-06-27 09:30:00', 'underlying_spot': 4382.0, 'id': 748272, 'bid': 9.0, 'ask': 9.5, 'mid': 9.25, 'delta': -0.4650160043288665, 'theta': -8.941290888681278, 'gamma': 0.0154329074320003, 'vega': 0.5888854977698994, 'sigma': 0.1737753620959997, 'moneyness': 0.05}",0,0
2023-03-28 09:30:00,1,1,1,straddle_component,516383,SPXW_4000_CE_20230328,50,15.25,trade,"{'detailed': True, 'instrument_type': 'option', 'underlying': 'SPXW', 'strike': 4000, 'expiry': '2023-03-28', 'dividend_rate': 0.015, 'opt_type': 'CE', 'timestamp': '2023-03-28 09:30:00', 'underlying_spot': 3999.5, 'id': 516383, 'bid': 14.75, 'ask': 15.25, 'mid': 15.0, 'delta': 0.4984318373799645, 'theta': -13.84818113123688, 'gamma': 0.0104715818771694, 'vega': 0.5395604677663748, 'sigma': 0.281683220244033, 'moneyness': 0.01}",0,0
2023-03-28 09:30:00,2,1,1,straddle_component,752012,SPXW_4000_PE_20230328,50,13.25,trade,"{'detailed': True, 'instrument_type': 'option', 'underlying': 'SPXW', 'strike': 4000, 'expiry': '2023-03-28', 'dividend_rate': 0.015, 'opt_type': 'PE', 'timestamp': '2023-03-28 09:30:00', 'underlying_spot': 3999.5, 'id': 752012, 'bid': 12.75, 'ask': 13.25, 'mid': 13.0, 'delta': -0.5025185152276457, 'theta': -11.50282748244874, 'gamma': 0.0124349846863935, 'vega': 0.5395538589001108, 'sigma': 0.2372043876716958, 'moneyness': -0.01}",0,0
2023-05-16 09:30:00,1,1,1,straddle_component,159393,SPXW_4140_CE_20230516,50,8.5,trade,"{'detailed': True, 'instrument_type': 'option', 'underlying': 'SPXW', 'strike': 4140, 'expiry': '2023-05-16', 'dividend_rate': 0.015, 'opt_type': 'CE', 'timestamp': '2023-05-16 09:30:00', 'underlying_spot': 4139.5, 'id': 159393, 'bid': 8.0, 'ask': 8.5, 'mid': 8.25, 'delta': 0.4948908664523799, 'theta': -7.719528879597944, 'gamma': 0.0188413270052478, 'vega': 0.5584056997613178, 'sigma': 0.1512471965565197, 'moneyness': 0.01}",0,0
2023-05-16 09:30:00,2,1,1,straddle_component,391691,SPXW_4140_PE_20230516,50,9.75,trade,"{'detailed': True, 'instrument_type': 'option', 'underlying': 'SPXW', 'strike': 4140, 'expiry': '2023-05-16', 'dividend_rate': 0.015, 'opt_type': 'PE', 'timestamp': '2023-05-16 09:30:00', 'underlying_spot': 4139.5, 'id': 391691, 'bid': 9.25, 'ask': 9.75, 'mid': 9.5, 'delta': -0.5044433398754045, 'theta': -8.322521872206194, 'gamma': 0.0171119569536415, 'vega': 0.5584169507975298, 'sigma': 0.1665358819480346, 'moneyness': -0.01}",0,0
2023-12-26 09:30:00,1,1,1,straddle_component,42200197,SPXW_4810_CE_20231226,50,7.7,trade,"{'detailed': True, 'instrument_type': 'option', 'underlying': 'SPXW', 'strike': 4810, 'expiry': '2023-12-26', 'dividend_rate': 0.015, 'opt_type': 'CE', 'timestamp': '2023-12-26 09:30:00', 'underlying_spot': 4810.75, 'id': 42200197, 'bid': 7.5, 'ask': 7.7, 'mid': 7.6, 'delta': 0.5219262119616541, 'theta': -6.531772795044262, 'gamma': 0.0222036609631715, 'vega': 0.6480207499537163, 'sigma': 0.1102778393206052, 'moneyness': -0.02}",0,0
2023-12-26 09:30:00,2,1,1,straddle_component,42204793,SPXW_4810_PE_20231226,50,9.1,trade,"{'detailed': True, 'instrument_type': 'option', 'underlying': 'SPXW', 'strike': 4810, 'expiry': '2023-12-26', 'dividend_rate': 0.015, 'opt_type': 'PE', 'timestamp': '2023-12-26 09:30:00', 'underlying_spot': 4810.75, 'id': 42204793, 'bid': 8.8, 'ask': 9.1, 'mid': 8.95, 'delta': -0.4828590874440763, 'theta': -8.358133680602453, 'gamma': 0.0169521467796585, 'vega': 0.6484070897563301, 'sigma': 0.1445252024162182, 'moneyness': 0.02}",0,0
2023-05-02 09:30:00,1,1,1,straddle_component,761623,SPXW_4175_CE_20230502,50,9.5,trade,"{'detailed': True, 'instrument_type': 'option', 'underlying': 'SPXW', 'strike': 4175, 'expiry': '2023-05-02', 'dividend_rate': 0.015, 'opt_type': 'CE', 'timestamp': '2023-05-02 09:30:00', 'underlying_spot': 4173.25, 'id': 761623, 'bid': 9.0, 'ask': 9.5, 'mid': 9.25, 'delta': 0.4762977428390158, 'theta': -8.970766063257102, 'gamma': 0.0158091588176034, 'vega': 0.5620075232684734, 'sigma': 0.1784973184645557, 'moneyness': 0.04}",0,0
2023-05-02 09:30:00,2,1,1,straddle_component,182644,SPXW_4175_PE_20230502,50,7.75,trade,"{'detailed': True, 'instrument_type': 'option', 'underlying': 'SPXW', 'strike': 4175, 'expiry': '2023-05-02', 'dividend_rate': 0.015, 'opt_type': 'PE', 'timestamp': '2023-05-02 09:30:00', 'underlying_spot': 4173.25, 'id': 182644, 'bid': 7.25, 'ask': 7.75, 'mid': 7.5, 'delta': -0.5368466700248931, 'theta': -5.610838583706402, 'gamma': 0.0238534999041917, 'vega': 0.5605838076681335, 'sigma': 0.1180043722585721, 'moneyness': -0.04}",0,0
2023-06-20 09:30:00,1,1,1,straddle_component,656126,SPXW_4435_CE_20230620,50,9.5,trade,"{'detailed': True, 'instrument_type': 'option', 'underlying': 'SPXW', 'strike': 4435, 'expiry': '2023-06-20', 'dividend_rate': 0.015, 'opt_type': 'CE', 'timestamp': '2023-06-20 09:30:00', 'underlying_spot': 4434.0, 'id': 656126, 'bid': 9.0, 'ask': 9.5, 'mid': 9.25, 'delta': 0.4877406861987232, 'theta': -8.79408551083351, 'gamma': 0.0164216935694128, 'vega': 0.5978984635758122, 'sigma': 0.1619435674369387, 'moneyness': 0.02}",0,0
2023-06-20 09:30:00,2,1,1,straddle_component,797694,SPXW_4435_PE_20230620,50,9.5,trade,"{'detailed': True, 'instrument_type': 'option', 'underlying': 'SPXW', 'strike': 4435, 'expiry': '2023-06-20', 'dividend_rate': 0.015, 'opt_type': 'PE', 'timestamp': '2023-06-20 09:30:00', 'underlying_spot': 4434.0, 'id': 797694, 'bid': 9.0, 'ask': 9.5, 'mid': 9.25, 'delta': -0.5137089871926293, 'theta': -7.794343732933015, 'gamma': 0.0180798843274487, 'vega': 0.5978271023217223, 'sigma': 0.1470734797610381, 'moneyness': -0.02}",0,0
2023-04-25 09:30:00,1,1,1,straddle_component,352914,SPXW_4140_CE_20230425,50,8.0,trade,"{'detailed': True, 'instrument_type': 'option', 'underlying': 'SPXW', 'strike': 4140, 'expiry': '2023-04-25', 'dividend_rate': 0.015, 'opt_type': 'CE', 'timestamp': '2023-04-25 09:30:00', 'underlying_spot': 4140.5, 'id': 352914, 'bid': 7.5, 'ask': 8.0, 'mid': 7.75, 'delta': 0.5153197288846112, 'theta': -6.811068001118116, 'gamma': 0.0213618197175691, 'vega': 0.5581727254028799, 'sigma': 0.133281849218325, 'moneyness': -0.01}",0,0
2023-04-25 09:30:00,2,1,1,straddle_component,352902,SPXW_4140_PE_20230425,50,9.75,trade,"{'detailed': True, 'instrument_type': 'option', 'underlying': 'SPXW', 'strike': 4140, 'expiry': '2023-04-25', 'dividend_rate': 0.015, 'opt_type': 'PE', 'timestamp': '2023-04-25 09:30:00', 'underlying_spot': 4140.5, 'id': 352902, 'bid': 9.25, 'ask': 9.75, 'mid': 9.5, 'delta': -0.4878601220460687, 'theta': -8.777965758257203, 'gamma': 0.0162331618902555, 'vega': 0.5583273634942412, 'sigma': 0.1754386987594356, 'moneyness': 0.01}",0,0
2023-07-25 09:30:00,1,1,1,straddle_component,170527,SPXW_4580_CE_20230725,50,8.75,trade,"{'detailed': True, 'instrument_type': 'option', 'underlying': 'SPXW', 'strike': 4580, 'expiry': '2023-07-25', 'dividend_rate': 0.015, 'opt_type': 'CE', 'timestamp': '2023-07-25 09:30:00', 'underlying_spot': 4580.25, 'id': 170527, 'bid': 8.5, 'ask': 8.75, 'mid': 8.62, 'delta': 0.5092778706546675, 'theta': -7.743326108951245, 'gamma': 0.0188478989038287, 'vega': 0.6177446633970627, 'sigma': 0.1366194763531977, 'moneyness': -0.01}",0,0
2023-07-25 09:30:00,2,1,1,straddle_component,751098,SPXW_4580_PE_20230725,50,9.0,trade,"{'detailed': True, 'instrument_type': 'option', 'underlying': 'SPXW', 'strike': 4580, 'expiry': '2023-07-25', 'dividend_rate': 0.015, 'opt_type': 'PE', 'timestamp': '2023-07-25 09:30:00', 'underlying_spot': 4580.25, 'id': 751098, 'bid': 8.5, 'ask': 9.0, 'mid': 8.75, 'delta': -0.4911268421418313, 'theta': -7.995970241098672, 'gamma': 0.0178147386620253, 'vega': 0.617759072550232, 'sigma': 0.1445460157096419, 'moneyness': 0.01}",0,0
2023-11-07 09:30:00,1,1,1,straddle_component,42207787,SPXW_4380_CE_20231107,50,12.0,trade,"{'detailed': True, 'instrument_type': 'option', 'underlying': 'SPXW', 'strike': 4380, 'expiry': '2023-11-07', 'dividend_rate': 0.015, 'opt_type': 'CE', 'timestamp': '2023-11-07 09:30:00', 'underlying_spot': 4382.25, 'id': 42207787, 'bid': 11.25, 'ask': 12.0, 'mid': 11.62, 'delta': 0.5383790396013666, 'theta': -9.1792253572747, 'gamma': 0.0152242877504704, 'vega': 0.5884545832289501, 'sigma': 0.1760080124784412, 'moneyness': -0.05}",0,0
2023-11-07 09:30:00,2,1,1,straddle_component,42207327,SPXW_4380_PE_20231107,50,7.65,trade,"{'detailed': True, 'instrument_type': 'option', 'underlying': 'SPXW', 'strike': 4380, 'expiry': '2023-11-07', 'dividend_rate': 0.015, 'opt_type': 'PE', 'timestamp': '2023-11-07 09:30:00', 'underlying_spot': 4382.25, 'id': 42207327, 'bid': 7.4, 'ask': 7.65, 'mid': 7.52, 'delta': -0.4543327569888955, 'theta': -7.354328377189162, 'gamma': 0.0182657273395392, 'vega': 0.5873057828023431, 'sigma': 0.1464166302090217, 'moneyness': 0.05}",0,0
2023-01-10 09:30:00,1,1,1,straddle_component,80548,SPXW_3910_CE_20230110,50,14.5,trade,"{'detailed': True, 'instrument_type': 'option', 'underlying': 'SPXW', 'strike': 3910, 'expiry': '2023-01-10', 'dividend_rate': 0.015, 'opt_type': 'CE', 'timestamp': '2023-01-10 09:30:00', 'underlying_spot': 3909.5, 'id': 80548, 'bid': 13.75, 'ask': 14.5, 'mid': 14.12, 'delta': 0.4981100314077835, 'theta': -13.053287243768882, 'gamma': 0.0111104043298837, 'vega': 0.5274169895930676, 'sigma': 0.2715979319602176, 'moneyness': 0.01}",0,0
2023-01-10 09:30:00,2,1,1,straddle_component,138447,SPXW_3910_PE_20230110,50,16.75,trade,"{'detailed': True, 'instrument_type': 'option', 'underlying': 'SPXW', 'strike': 3910, 'expiry': '2023-01-10', 'dividend_rate': 0.015, 'opt_type': 'PE', 'timestamp': '2023-01-10 09:30:00', 'underlying_spot': 3909.5, 'id': 138447, 'bid': 16.25, 'ask': 16.75, 'mid': 16.5, 'delta': -0.5011870555968301, 'theta': -14.67998663038119, 'gamma': 0.0097654499597865, 'vega': 0.5274205859512717, 'sigma': 0.3090060826223066, 'moneyness': -0.01}",0,0
2023-10-17 09:30:00,1,1,1,straddle_component,42181151,SPXW_4375_CE_20231017,50,10.25,trade,"{'detailed': True, 'instrument_type': 'option', 'underlying': 'SPXW', 'strike': 4375, 'expiry': '2023-10-17', 'dividend_rate': 0.015, 'opt_type': 'CE', 'timestamp': '2023-10-17 09:30:00', 'underlying_spot': 4372.75, 'id': 42181151, 'bid': 10.0, 'ask': 10.25, 'mid': 10.12, 'delta': 0.4718515725040006, 'theta': -9.87736360955809, 'gamma': 0.0142256379831451, 'vega': 0.5884455690054118, 'sigma': 0.1891790697248142, 'moneyness': 0.05}",0,0
2023-10-17 09:30:00,2,1,1,straddle_component,42181159,SPXW_4375_PE_20231017,50,16.0,trade,"{'detailed': True, 'instrument_type': 'option', 'underlying': 'SPXW', 'strike': 4375, 'expiry': '2023-10-17', 'dividend_rate': 0.015, 'opt_type': 'PE', 'timestamp': '2023-10-17 09:30:00', 'underlying_spot': 4372.75, 'id': 42181159, 'bid': 15.5, 'ask': 16.0, 'mid': 15.75, 'delta': -0.5207455413082762, 'theta': -12.93275577370851, 'gamma': 0.0108479123106519, 'vega': 0.589119781207641, 'sigma': 0.2483669408045121, 'moneyness': -0.05}",0,0
2023-11-21 09:30:00,1,1,1,straddle_component,42164900,SPXW_4550_CE_20231121,50,8.0,trade,"{'detailed': True, 'instrument_type': 'option', 'underlying': 'SPXW', 'strike': 4550, 'expiry': '2023-11-21', 'dividend_rate': 0.015, 'opt_type': 'CE', 'timestamp': '2023-11-21 09:30:00', 'underlying_spot': 4549.5, 'id': 42164900, 'bid': 7.8, 'ask': 8.0, 'mid': 7.9, 'delta': 0.4948311785104131, 'theta': -7.405061234769632, 'gamma': 0.0196680894859468, 'vega': 0.613712152613846, 'sigma': 0.1318317522130056, 'moneyness': 0.01}",0,0
2023-11-21 09:30:00,2,1,1,straddle_component,42150822,SPXW_4550_PE_20231121,50,7.9,trade,"{'detailed': True, 'instrument_type': 'option', 'underlying': 'SPXW', 'strike': 4550, 'expiry': '2023-11-21', 'dividend_rate': 0.015, 'opt_type': 'PE', 'timestamp': '2023-11-21 09:30:00', 'underlying_spot': 4549.5, 'id': 42150822, 'bid': 7.7, 'ask': 7.9, 'mid': 7.8, 'delta': -0.5056094509530151, 'theta': -6.7724867312923225, 'gamma': 0.0209249662486143, 'vega': 0.613702879337076, 'sigma': 0.123911311341713, 'moneyness': -0.01}",0,0
2023-05-23 09:30:00,1,1,1,straddle_component,162599,SPXW_4185_CE_20230523,50,12.25,trade,"{'detailed': True, 'instrument_type': 'option', 'underlying': 'SPXW', 'strike': 4185, 'expiry': '2023-05-23', 'dividend_rate': 0.015, 'opt_type': 'CE', 'timestamp': '2023-05-23 09:30:00', 'underlying_spot': 4185.75, 'id': 162599, 'bid': 11.75, 'ask': 12.25, 'mid': 12.0, 'delta': 0.5141275532194456, 'theta': -10.538066433711318, 'gamma': 0.0137484141404797, 'vega': 0.5643364827487307, 'sigma': 0.2048726613173311, 'moneyness': -0.02}",0,0
2023-05-23 09:30:00,2,1,1,straddle_component,662326,SPXW_4185_PE_20230523,50,9.5,trade,"{'detailed': True, 'instrument_type': 'option', 'underlying': 'SPXW', 'strike': 4185, 'expiry': '2023-05-23', 'dividend_rate': 0.015, 'opt_type': 'PE', 'timestamp': '2023-05-23 09:30:00', 'underlying_spot': 4185.75, 'id': 662326, 'bid': 9.25, 'ask': 9.5, 'mid': 9.38, 'delta': -0.4837807160495977, 'theta': -8.751241459571531, 'gamma': 0.0162307786233384, 'vega': 0.564223194419986, 'sigma': 0.1735044299857262, 'moneyness': 0.02}",0,0
2023-12-12 09:30:00,1,1,1,straddle_component,42276210,SPXW_4670_CE_20231212,50,0.25,trade,"{'detailed': True, 'instrument_type': 'option', 'underlying': 'SPXW', 'strike': 4670, 'expiry': '2023-12-12', 'dividend_rate': 0.015, 'opt_type': 'CE', 'timestamp': '2023-12-12 09:30:00', 'underlying_spot': 4672.0, 'id': 42276210, 'bid': 0.15, 'ask': 0.25, 'mid': 0.2, 'delta': 1.000000000023138, 'theta': -0.1953327194910064, 'gamma': 4.440892098500626e-12, 'vega': 0.0295410715404405, 'sigma': 0.0, 'moneyness': -0.04}",0,0
2023-12-12 09:30:00,2,1,1,straddle_component,42272223,SPXW_4670_PE_20231212,50,49.75,trade,"{'detailed': True, 'instrument_type': 'option', 'underlying': 'SPXW', 'strike': 4670, 'expiry': '2023-12-12', 'dividend_rate': 0.015, 'opt_type': 'PE', 'timestamp': '2023-12-12 09:30:00', 'underlying_spot': 4672.0, 'id': 42272223, 'bid': 40.5, 'ask': 49.75, 'mid': 45.12, 'delta': -0.4874865856336896, 'theta': -41.69488281788987, 'gamma': 0.0034440988372352, 'vega': 0.629980207454512, 'sigma': 0.7328079325660111, 'moneyness': 0.04}",0,0
2023-01-03 09:30:00,1,1,1,straddle_component,572936,SPXW_3880_CE_20230103,50,17.0,trade,"{'detailed': True, 'instrument_type': 'option', 'underlying': 'SPXW', 'strike': 3880, 'expiry': '2023-01-03', 'dividend_rate': 0.015, 'opt_type': 'CE', 'timestamp': '2023-01-03 09:30:00', 'underlying_spot': 3878.0, 'id': 572936, 'bid': 16.5, 'ask': 17.0, 'mid': 16.75, 'delta': 0.4857575713156592, 'theta': -15.939176942347672, 'gamma': 0.0089956427018478, 'vega': 0.5228395097158405, 'sigma': 0.3379601163232285, 'moneyness': 0.05}",0,0
2023-01-03 09:30:00,2,1,1,straddle_component,218100,SPXW_3880_PE_20230103,50,16.0,trade,"{'detailed': True, 'instrument_type': 'option', 'underlying': 'SPXW', 'strike': 3880, 'expiry': '2023-01-03', 'dividend_rate': 0.015, 'opt_type': 'PE', 'timestamp': '2023-01-03 09:30:00', 'underlying_spot': 3878.0, 'id': 218100, 'bid': 15.25, 'ask': 16.0, 'mid': 15.62, 'delta': -0.5180482824370891, 'theta': -12.995232908058238, 'gamma': 0.0108522138297928, 'vega': 0.5226370256471409, 'sigma': 0.2800344412592413, 'moneyness': -0.05}",0,0
2023-07-18 09:30:00,1,1,1,straddle_component,4232761,SPXW_4545_CE_20230718,50,11.0,trade,"{'detailed': True, 'instrument_type': 'option', 'underlying': 'SPXW', 'strike': 4545, 'expiry': '2023-07-18', 'dividend_rate': 0.015, 'opt_type': 'CE', 'timestamp': '2023-07-18 09:30:00', 'underlying_spot': 4546.0, 'id': 4232761, 'bid': 10.5, 'ask': 11.0, 'mid': 10.75, 'delta': 0.5197381297364245, 'theta': -9.2546973527474, 'gamma': 0.0156075188328941, 'vega': 0.6125386832635717, 'sigma': 0.1660684149465438, 'moneyness': -0.02}",0,0
2023-07-18 09:30:00,2,1,1,straddle_component,4232285,SPXW_4545_PE_20230718,50,6.0,trade,"{'detailed': True, 'instrument_type': 'option', 'underlying': 'SPXW', 'strike': 4545, 'expiry': '2023-07-18', 'dividend_rate': 0.015, 'opt_type': 'PE', 'timestamp': '2023-07-18 09:30:00', 'underlying_spot': 4546.0, 'id': 4232285, 'bid': 5.75, 'ask': 6.0, 'mid': 5.88, 'delta': -0.4697625911563641, 'theta': -5.610729707671507, 'gamma': 0.0247291772659252, 'vega': 0.6115140148016343, 'sigma': 0.1046389503188045, 'moneyness': 0.02}",0,0
2023-06-06 09:30:00,1,1,1,straddle_component,687047,SPXW_4275_CE_20230606,50,9.5,trade,"{'detailed': True, 'instrument_type': 'option', 'underlying': 'SPXW', 'strike': 4275, 'expiry': '2023-06-06', 'dividend_rate': 0.015, 'opt_type': 'CE', 'timestamp': '2023-06-06 09:30:00', 'underlying_spot': 4272.75, 'id': 687047, 'bid': 9.0, 'ask': 9.5, 'mid': 9.25, 'delta': 0.4692111385632636, 'theta': -9.056291492842126, 'gamma': 0.0154305267763277, 'vega': 0.5747049519196512, 'sigma': 0.1784013567402497, 'moneyness': 0.05}",0,0
2023-06-06 09:30:00,2,1,1,straddle_component,658487,SPXW_4275_PE_20230606,50,9.0,trade,"{'detailed': True, 'instrument_type': 'option', 'underlying': 'SPXW', 'strike': 4275, 'expiry': '2023-06-06', 'dividend_rate': 0.015, 'opt_type': 'PE', 'timestamp': '2023-06-06 09:30:00', 'underlying_spot': 4272.75, 'id': 658487, 'bid': 8.5, 'ask': 9.0, 'mid': 8.75, 'delta': -0.5421940915248058, 'theta': -6.372614616580572, 'gamma': 0.0207452209721736, 'vega': 0.5731820526457438, 'sigma': 0.1323483763707569, 'moneyness': -0.05}",0,0
2023-09-05 09:30:00,1,1,1,straddle_component,42164007,SPXW_4515_CE_20230905,50,10.5,trade,"{'detailed': True, 'instrument_type': 'option', 'underlying': 'SPXW', 'strike': 4515, 'expiry': '2023-09-05', 'dividend_rate': 0.015, 'opt_type': 'CE', 'timestamp': '2023-09-05 09:30:00', 'underlying_spot': 4517.5, 'id': 42164007, 'bid': 10.0, 'ask': 10.5, 'mid': 10.25, 'delta': 0.5490673431456372, 'theta': -7.674374777778055, 'gamma': 0.0177768798081956, 'vega': 0.6048107355893002, 'sigma': 0.1457898154846261, 'moneyness': -0.06}",0,0
2023-09-05 09:30:00,2,1,1,straddle_component,42162913,SPXW_4515_PE_20230905,50,8.0,trade,"{'detailed': True, 'instrument_type': 'option', 'underlying': 'SPXW', 'strike': 4515, 'expiry': '2023-09-05', 'dividend_rate': 0.015, 'opt_type': 'PE', 'timestamp': '2023-09-05 09:30:00', 'underlying_spot': 4517.5, 'id': 42162913, 'bid': 7.5, 'ask': 8.0, 'mid': 7.75, 'delta': -0.4515254031117077, 'theta': -7.593288212118397, 'gamma': 0.0175552307357662, 'vega': 0.6049227398784178, 'sigma': 0.1476576192189263, 'moneyness': 0.06}",0,0
2023-05-30 09:30:00,1,1,1,straddle_component,242621,SPXW_4235_CE_20230530,50,9.75,trade,"{'detailed': True, 'instrument_type': 'option', 'underlying': 'SPXW', 'strike': 4235, 'expiry': '2023-05-30', 'dividend_rate': 0.015, 'opt_type': 'CE', 'timestamp': '2023-05-30 09:30:00', 'underlying_spot': 4236.25, 'id': 242621, 'bid': 9.25, 'ask': 9.75, 'mid': 9.5, 'delta': 0.5268423592397653, 'theta': -7.942106956064952, 'gamma': 0.0180306113861661, 'vega': 0.5702049731233441, 'sigma': 0.1541010670298046, 'moneyness': -0.03}",0,0
2023-05-30 09:30:00,2,1,1,straddle_component,400173,SPXW_4235_PE_20230530,50,12.0,trade,"{'detailed': True, 'instrument_type': 'option', 'underlying': 'SPXW', 'strike': 4235, 'expiry': '2023-05-30', 'dividend_rate': 0.015, 'opt_type': 'PE', 'timestamp': '2023-05-30 09:30:00', 'underlying_spot': 4236.25, 'id': 400173, 'bid': 11.5, 'ask': 12.0, 'mid': 11.75, 'delta': -0.4802290561483069, 'theta': -11.074004780098145, 'gamma': 0.012800247493061, 'vega': 0.5708009012661641, 'sigma': 0.2172943668074292, 'moneyness': 0.03}",0,0
2023-08-22 09:30:00,1,1,1,straddle_component,4256006,SPXW_4430_CE_20230822,50,11.0,trade,"{'detailed': True, 'instrument_type': 'option', 'underlying': 'SPXW', 'strike': 4430, 'expiry': '2023-08-22', 'dividend_rate': 0.015, 'opt_type': 'CE', 'timestamp': '2023-08-22 09:30:00', 'underlying_spot': 4428.25, 'id': 4256006, 'bid': 10.75, 'ask': 11.0, 'mid': 10.88, 'delta': 0.4800209829006086, 'theta': -10.478194481126762, 'gamma': 0.0136158684149734, 'vega': 0.5966549421333696, 'sigma': 0.1954158865718694, 'moneyness': 0.04}",0,0
2023-08-22 09:30:00,2,1,1,straddle_component,4258459,SPXW_4430_PE_20230822,50,10.25,trade,"{'detailed': True, 'instrument_type': 'option', 'underlying': 'SPXW', 'strike': 4430, 'expiry': '2023-08-22', 'dividend_rate': 0.015, 'opt_type': 'PE', 'timestamp': '2023-08-22 09:30:00', 'underlying_spot': 4428.25, 'id': 4258459, 'bid': 9.75, 'ask': 10.25, 'mid': 10.0, 'delta': -0.5261140890570282, 'theta': -7.9601273877356835, 'gamma': 0.0173460476027287, 'vega': 0.5961202403459609, 'sigma': 0.1532561662882163, 'moneyness': -0.04}",0,0
2023-05-09 09:30:00,1,1,1,straddle_component,351579,SPXW_4135_CE_20230509,50,9.75,trade,"{'detailed': True, 'instrument_type': 'option', 'underlying': 'SPXW', 'strike': 4135, 'expiry': '2023-05-09', 'dividend_rate': 0.015, 'opt_type': 'CE', 'timestamp': '2023-05-09 09:30:00', 'underlying_spot': 4134.0, 'id': 351579, 'bid': 9.25, 'ask': 9.75, 'mid': 9.5, 'delta': 0.4879888034880153, 'theta': -9.020034624744886, 'gamma': 0.0160028733020567, 'vega': 0.5574560343736028, 'sigma': 0.1782448754695104, 'moneyness': 0.02}",0,0
2023-05-09 09:30:00,2,1,1,straddle_component,736371,SPXW_4135_PE_20230509,50,9.25,trade,"{'detailed': True, 'instrument_type': 'option', 'underlying': 'SPXW', 'strike': 4135, 'expiry': '2023-05-09', 'dividend_rate': 0.015, 'opt_type': 'PE', 'timestamp': '2023-05-09 09:30:00', 'underlying_spot': 4134.0, 'id': 736371, 'bid': 8.5, 'ask': 9.25, 'mid': 8.88, 'delta': -0.514583874382879, 'theta': -7.453228400543981, 'gamma': 0.0188929019628858, 'vega': 0.5573352191905343, 'sigma': 0.1509464536446799, 'moneyness': -0.02}",0,0
2023-01-24 09:30:00,1,1,1,straddle_component,673987,SPXW_4010_CE_20230124,50,18.5,trade,"{'detailed': True, 'instrument_type': 'option', 'underlying': 'SPXW', 'strike': 4010, 'expiry': '2023-01-24', 'dividend_rate': 0.015, 'opt_type': 'CE', 'timestamp': '2023-01-24 09:30:00', 'underlying_spot': 4012.5, 'id': 673987, 'bid': 17.75, 'ask': 18.5, 'mid': 18.12, 'delta': 0.5273690714096446, 'theta': -15.033308134000308, 'gamma': 0.0094519974780382, 'vega': 0.5400429756958669, 'sigma': 0.3103272264043677, 'moneyness': -0.06}",0,0
2023-01-24 09:30:00,2,1,1,straddle_component,705143,SPXW_4010_PE_20230124,50,10.5,trade,"{'detailed': True, 'instrument_type': 'option', 'underlying': 'SPXW', 'strike': 4010, 'expiry': '2023-01-24', 'dividend_rate': 0.015, 'opt_type': 'PE', 'timestamp': '2023-01-24 09:30:00', 'underlying_spot': 4012.5, 'id': 705143, 'bid': 10.0, 'ask': 10.5, 'mid': 10.25, 'delta': -0.4616959125446129, 'theta': -9.960836106055975, 'gamma': 0.013766862139164, 'vega': 0.5388163114751539, 'sigma': 0.2125808769211666, 'moneyness': 0.06}",0,0
2023-11-28 09:30:00,1,1,1,straddle_component,42200120,SPXW_4555_CE_20231128,50,7.75,trade,"{'detailed': True, 'instrument_type': 'option', 'underlying': 'SPXW', 'strike': 4555, 'expiry': '2023-11-28', 'dividend_rate': 0.015, 'opt_type': 'CE', 'timestamp': '2023-11-28 09:30:00', 'underlying_spot': 4553.75, 'id': 42200120, 'bid': 7.5, 'ask': 7.75, 'mid': 7.62, 'delta': 0.4803261854106289, 'theta': -7.365012783914918, 'gamma': 0.0194340436543427, 'vega': 0.613585635025125, 'sigma': 0.1331439678171005, 'moneyness': 0.03}",0,0
2023-11-28 09:30:00,2,1,1,straddle_component,42211525,SPXW_4555_PE_20231128,50,7.35,trade,"{'detailed': True, 'instrument_type': 'option', 'underlying': 'SPXW', 'strike': 4555, 'expiry': '2023-11-28', 'dividend_rate': 0.015, 'opt_type': 'PE', 'timestamp': '2023-11-28 09:30:00', 'underlying_spot': 4553.75, 'id': 42211525, 'bid': 7.1, 'ask': 7.35, 'mid': 7.22, 'delta': -0.5246033567280595, 'theta': -5.749085934666162, 'gamma': 0.0239203468321846, 'vega': 0.6131581210534613, 'sigma': 0.1080982752702253, 'moneyness': -0.03}",0,0
2023-09-12 09:30:00,1,1,1,straddle_component,42109034,SPXW_4520_CE_20230912,50,0.2,trade,"{'detailed': True, 'instrument_type': 'option', 'underlying': 'SPXW', 'strike': 4520, 'expiry': '2023-09-12', 'dividend_rate': 0.015, 'opt_type': 'CE', 'timestamp': '2023-09-12 09:30:00', 'underlying_spot': 4522.0, 'id': 42109034, 'bid': 0.1, 'ask': 0.2, 'mid': 0.15, 'delta': 1.000000000023138, 'theta': -0.189058649272507, 'gamma': 4.440892098500626e-12, 'vega': 0.0260556580987398, 'sigma': 0.0, 'moneyness': -0.04}",0,0
2023-09-12 09:30:00,2,1,1,straddle_component,42107078,SPXW_4520_PE_20230912,50,46.25,trade,"{'detailed': True, 'instrument_type': 'option', 'underlying': 'SPXW', 'strike': 4520, 'expiry': '2023-09-12', 'dividend_rate': 0.015, 'opt_type': 'PE', 'timestamp': '2023-09-12 09:30:00', 'underlying_spot': 4522.0, 'id': 42107078, 'bid': 45.5, 'ask': 46.25, 'mid': 45.88, 'delta': -0.4873820994045985, 'theta': -42.377301787555815, 'gamma': 0.0033891169692878, 'vega': 0.6097489285122286, 'sigma': 0.7693924713075083, 'moneyness': 0.04}",0,0
2023-12-05 09:30:00,1,1,1,straddle_component,42163829,SPXW_4565_CE_20231205,50,8.25,trade,"{'detailed': True, 'instrument_type': 'option', 'underlying': 'SPXW', 'strike': 4565, 'expiry': '2023-12-05', 'dividend_rate': 0.015, 'opt_type': 'CE', 'timestamp': '2023-12-05 09:30:00', 'underlying_spot': 4563.75, 'id': 42163829, 'bid': 7.9, 'ask': 8.25, 'mid': 8.07, 'delta': 0.4814543292666506, 'theta': -7.780718478264029, 'gamma': 0.0184220770016452, 'vega': 0.615017377811792, 'sigma': 0.1401690991366795, 'moneyness': 0.03}",0,0
2023-12-05 09:30:00,2,1,1,straddle_component,42051862,SPXW_4565_PE_20231205,50,11.5,trade,"{'detailed': True, 'instrument_type': 'option', 'underlying': 'SPXW', 'strike': 4565, 'expiry': '2023-12-05', 'dividend_rate': 0.015, 'opt_type': 'PE', 'timestamp': '2023-12-05 09:30:00', 'underlying_spot': 4563.75, 'id': 42051862, 'bid': 11.0, 'ask': 11.5, 'mid': 11.25, 'delta': -0.5145955767919652, 'theta': -9.465726927158723, 'gamma': 0.0149041374264413, 'vega': 0.6152728150813456, 'sigma': 0.1733256560009151, 'moneyness': -0.03}",0,0
2023-10-10 09:30:00,1,1,1,straddle_component,42145004,SPXW_4375_CE_20231010,50,12.25,trade,"{'detailed': True, 'instrument_type': 'option', 'underlying': 'SPXW', 'strike': 4375, 'expiry': '2023-10-10', 'dividend_rate': 0.015, 'opt_type': 'CE', 'timestamp': '2023-10-10 09:30:00', 'underlying_spot': 4372.75, 'id': 42145004, 'bid': 12.0, 'ask': 12.25, 'mid': 12.12, 'delta': 0.4765548285659449, 'theta': -11.740548835825846, 'gamma': 0.0120687708715649, 'vega': 0.5888977668163058, 'sigma': 0.2231586928987088, 'moneyness': 0.05}",0,0
2023-10-10 09:30:00,2,1,1,straddle_component,42173377,SPXW_4375_PE_20231010,50,11.25,trade,"{'detailed': True, 'instrument_type': 'option', 'underlying': 'SPXW', 'strike': 4375, 'expiry': '2023-10-10', 'dividend_rate': 0.015, 'opt_type': 'PE', 'timestamp': '2023-10-10 09:30:00', 'underlying_spot': 4372.75, 'id': 42173377, 'bid': 10.75, 'ask': 11.25, 'mid': 11.0, 'delta': -0.5320614847525107, 'theta': -8.506984419241745, 'gamma': 0.0160393232206956, 'vega': 0.5880057286327958, 'sigma': 0.167662568234359, 'moneyness': -0.05}",0,0
2023-01-31 09:30:00,1,1,1,straddle_component,542270,SPXW_4040_CE_20230131,50,12.5,trade,"{'detailed': True, 'instrument_type': 'option', 'underlying': 'SPXW', 'strike': 4040, 'expiry': '2023-01-31', 'dividend_rate': 0.015, 'opt_type': 'CE', 'timestamp': '2023-01-31 09:30:00', 'underlying_spot': 4040.0, 'id': 542270, 'bid': 12.0, 'ask': 12.5, 'mid': 12.25, 'delta': 0.5037338039596051, 'theta': -11.1432966382436, 'gamma': 0.0130451919488905, 'vega': 0.5450045489430781, 'sigma': 0.2238367135828964, 'moneyness': 0.0}",0,0
2023-01-31 09:30:00,2,1,1,straddle_component,224840,SPXW_4040_PE_20230131,50,16.0,trade,"{'detailed': True, 'instrument_type': 'option', 'underlying': 'SPXW', 'strike': 4040, 'expiry': '2023-01-31', 'dividend_rate': 0.015, 'opt_type': 'PE', 'timestamp': '2023-01-31 09:30:00', 'underlying_spot': 4040.0, 'id': 224840, 'bid': 15.5, 'ask': 16.0, 'mid': 15.75, 'delta': -0.4963273691079628, 'theta': -14.23872044793317, 'gamma': 0.0100719857876185, 'vega': 0.5450053356571551, 'sigma': 0.2899127158157091, 'moneyness': 0.0}",0,0
2023-08-29 09:30:00,1,1,1,straddle_component,42043971,SPXW_4440_CE_20230829,50,10.75,trade,"{'detailed': True, 'instrument_type': 'option', 'underlying': 'SPXW', 'strike': 4440, 'expiry': '2023-08-29', 'dividend_rate': 0.015, 'opt_type': 'CE', 'timestamp': '2023-08-29 09:30:00', 'underlying_spot': 4441.0, 'id': 42043971, 'bid': 10.25, 'ask': 10.75, 'mid': 10.5, 'delta': 0.5201317428288554, 'theta': -9.025084022841426, 'gamma': 0.0159976890934387, 'vega': 0.598361078555965, 'sigma': 0.1658406031091568, 'moneyness': -0.02}",0,0
2023-08-29 09:30:00,2,1,1,straddle_component,42043996,SPXW_4440_PE_20230829,50,10.0,trade,"{'detailed': True, 'instrument_type': 'option', 'underlying': 'SPXW', 'strike': 4440, 'expiry': '2023-08-29', 'dividend_rate': 0.015, 'opt_type': 'PE', 'timestamp': '2023-08-29 09:30:00', 'underlying_spot': 4441.0, 'id': 42043996, 'bid': 9.75, 'ask': 10.0, 'mid': 9.88, 'delta': -0.4807006950328762, 'theta': -9.283816868177558, 'gamma': 0.0152522204466265, 'vega': 0.5984233174001012, 'sigma': 0.1739642076954778, 'moneyness': 0.02}",0,0
2023-02-28 09:30:00,1,1,1,straddle_component,621141,SPXW_3980_CE_20230228,50,14.5,trade,"{'detailed': True, 'instrument_type': 'option', 'underlying': 'SPXW', 'strike': 3980, 'expiry': '2023-02-28', 'dividend_rate': 0.015, 'opt_type': 'CE', 'timestamp': '2023-02-28 09:30:00', 'underlying_spot': 3981.75, 'id': 621141, 'bid': 14.0, 'ask': 14.5, 'mid': 14.25, 'delta': 0.5245982250335679, 'theta': -11.97465877609623, 'gamma': 0.0119365263095971, 'vega': 0.5361471731829939, 'sigma': 0.2477442778523639, 'moneyness': -0.04}",0,0
2023-02-28 09:30:00,2,1,1,straddle_component,222355,SPXW_3980_PE_20230228,50,11.75,trade,"{'detailed': True, 'instrument_type': 'option', 'underlying': 'SPXW', 'strike': 3980, 'expiry': '2023-02-28', 'dividend_rate': 0.015, 'opt_type': 'PE', 'timestamp': '2023-02-28 09:30:00', 'underlying_spot': 3981.75, 'id': 222355, 'bid': 11.5, 'ask': 11.75, 'mid': 11.62, 'delta': -0.4740797367168703, 'theta': -11.094346153348775, 'gamma': 0.012673818492459, 'vega': 0.536033996546383, 'sigma': 0.2332828154620104, 'moneyness': 0.04}",0,0
2023-03-07 09:30:00,1,1,1,straddle_component,705605,SPXW_4050_CE_20230307,50,18.25,trade,"{'detailed': True, 'instrument_type': 'option', 'underlying': 'SPXW', 'strike': 4050, 'expiry': '2023-03-07', 'dividend_rate': 0.015, 'opt_type': 'CE', 'timestamp': '2023-03-07 09:30:00', 'underlying_spot': 4050.0, 'id': 705605, 'bid': 17.75, 'ask': 18.25, 'mid': 18.0, 'delta': 0.5037312684995854, 'theta': -16.355678924913057, 'gamma': 0.0088662482866652, 'vega': 0.5463536159169955, 'sigma': 0.3285249956793883, 'moneyness': 0.0}",0,0
2023-03-07 09:30:00,2,1,1,straddle_component,163644,SPXW_4050_PE_20230307,50,17.25,trade,"{'detailed': True, 'instrument_type': 'option', 'underlying': 'SPXW', 'strike': 4050, 'expiry': '2023-03-07', 'dividend_rate': 0.015, 'opt_type': 'PE', 'timestamp': '2023-03-07 09:30:00', 'underlying_spot': 4050.0, 'id': 163644, 'bid': 16.75, 'ask': 17.25, 'mid': 17.0, 'delta': -0.4962998133683172, 'theta': -15.371732460377606, 'gamma': 0.0093335154005558, 'vega': 0.5463540115705339, 'sigma': 0.3120781619815442, 'moneyness': 0.0}",0,0
2023-07-11 09:30:00,1,1,1,straddle_component,368296,SPXW_4450_CE_20230711,50,10.0,trade,"{'detailed': True, 'instrument_type': 'option', 'underlying': 'SPXW', 'strike': 4450, 'expiry': '2023-07-11', 'dividend_rate': 0.015, 'opt_type': 'CE', 'timestamp': '2023-07-11 09:30:00', 'underlying_spot': 4451.75, 'id': 368296, 'bid': 9.5, 'ask': 10.0, 'mid': 9.75, 'delta': 0.5360320322811418, 'theta': -7.812828980609892, 'gamma': 0.0180325953635929, 'vega': 0.5981147190601952, 'sigma': 0.1463582156250255, 'moneyness': -0.04}",0,0
2023-07-11 09:30:00,2,1,1,straddle_component,377619,SPXW_4450_PE_20230711,50,7.25,trade,"{'detailed': True, 'instrument_type': 'option', 'underlying': 'SPXW', 'strike': 4450, 'expiry': '2023-07-11', 'dividend_rate': 0.015, 'opt_type': 'PE', 'timestamp': '2023-07-11 09:30:00', 'underlying_spot': 4451.75, 'id': 377619, 'bid': 6.75, 'ask': 7.25, 'mid': 7.0, 'delta': -0.4601205362678939, 'theta': -6.794205971988805, 'gamma': 0.020051535098986, 'vega': 0.5975570463632254, 'sigma': 0.1315003183813725, 'moneyness': 0.04}",0,0
2023-02-21 09:30:00,1,1,1,straddle_component,402886,SPXW_4050_CE_20230221,50,12.75,trade,"{'detailed': True, 'instrument_type': 'option', 'underlying': 'SPXW', 'strike': 4050, 'expiry': '2023-02-21', 'dividend_rate': 0.015, 'opt_type': 'CE', 'timestamp': '2023-02-21 09:30:00', 'underlying_spot': 4050.0, 'id': 402886, 'bid': 12.25, 'ask': 12.75, 'mid': 12.5, 'delta': 0.5037216816069723, 'theta': -11.370013341163258, 'gamma': 0.0127833608765115, 'vega': 0.5463537264076646, 'sigma': 0.227857514436613, 'moneyness': 0.0}",0,0
2023-02-21 09:30:00,2,1,1,straddle_component,745367,SPXW_4050_PE_20230221,50,17.5,trade,"{'detailed': True, 'instrument_type': 'option', 'underlying': 'SPXW', 'strike': 4050, 'expiry': '2023-02-21', 'dividend_rate': 0.015, 'opt_type': 'PE', 'timestamp': '2023-02-21 09:30:00', 'underlying_spot': 4050.0, 'id': 745367, 'bid': 17.0, 'ask': 17.5, 'mid': 17.25, 'delta': -0.4962919987232084, 'theta': -15.598353983736368, 'gamma': 0.0091986397876553, 'vega': 0.5463539124511723, 'sigma': 0.3166539659879688, 'moneyness': 0.0}",0,0
2023-02-07 09:30:00,1,1,1,straddle_component,590011,SPXW_4110_CE_20230207,50,20.0,trade,"{'detailed': True, 'instrument_type': 'option', 'underlying': 'SPXW', 'strike': 4110, 'expiry': '2023-02-07', 'dividend_rate': 0.015, 'opt_type': 'CE', 'timestamp': '2023-02-07 09:30:00', 'underlying_spot': 4110.75, 'id': 590011, 'bid': 19.5, 'ask': 20.0, 'mid': 19.75, 'delta': 0.5099559726838621, 'theta': -17.57857432809377, 'gamma': 0.0082339962759192, 'vega': 0.5544003945933405, 'sigma': 0.3484300236014055, 'moneyness': -0.02}",0,0
2023-02-07 09:30:00,2,1,1,straddle_component,729888,SPXW_4110_PE_20230207,50,19.25,trade,"{'detailed': True, 'instrument_type': 'option', 'underlying': 'SPXW', 'strike': 4110, 'expiry': '2023-02-07', 'dividend_rate': 0.015, 'opt_type': 'PE', 'timestamp': '2023-02-07 09:30:00', 'underlying_spot': 4110.75, 'id': 729888, 'bid': 18.5, 'ask': 19.25, 'mid': 18.88, 'delta': -0.4900380094602141, 'theta': -17.386616625142317, 'gamma': 0.0082434181436497, 'vega': 0.5544001853584994, 'sigma': 0.3480316535038047, 'moneyness': 0.02}",0,0
2023-03-21 09:30:00,1,1,1,straddle_component,134059,SPXW_4025_CE_20230321,50,11.5,trade,"{'detailed': True, 'instrument_type': 'option', 'underlying': 'SPXW', 'strike': 4025, 'expiry': '2023-03-21', 'dividend_rate': 0.015, 'opt_type': 'CE', 'timestamp': '2023-03-21 09:30:00', 'underlying_spot': 4023.75, 'id': 134059, 'bid': 11.0, 'ask': 11.5, 'mid': 11.25, 'delta': 0.4869210304377702, 'theta': -10.692476658472827, 'gamma': 0.0134642125004802, 'vega': 0.5425436728403756, 'sigma': 0.2176391291355879, 'moneyness': 0.03}",0,0
2023-03-21 09:30:00,2,1,1,straddle_component,127486,SPXW_4025_PE_20230321,50,16.25,trade,"{'detailed': True, 'instrument_type': 'option', 'underlying': 'SPXW', 'strike': 4025, 'expiry': '2023-03-21', 'dividend_rate': 0.015, 'opt_type': 'PE', 'timestamp': '2023-03-21 09:30:00', 'underlying_spot': 4023.75, 'id': 127486, 'bid': 15.75, 'ask': 16.25, 'mid': 16.0, 'delta': -0.5092330343512863, 'theta': -13.813499046352431, 'gamma': 0.0103207674762018, 'vega': 0.5426905311721368, 'sigma': 0.2840031149989077, 'moneyness': -0.03}",0,0
2023-02-14 09:30:00,1,1,1,straddle_component,238227,SPXW_4120_CE_20230214,50,26.75,trade,"{'detailed': True, 'instrument_type': 'option', 'underlying': 'SPXW', 'strike': 4120, 'expiry': '2023-02-14', 'dividend_rate': 0.015, 'opt_type': 'CE', 'timestamp': '2023-02-14 09:30:00', 'underlying_spot': 4122.0, 'id': 238227, 'bid': 26.25, 'ask': 26.75, 'mid': 26.5, 'delta': 0.51668365982529, 'theta': -23.02441288838323, 'gamma': 0.006250183801626, 'vega': 0.5556043993642863, 'sigma': 0.4575110302507819, 'moneyness': -0.05}",0,0
2023-02-14 09:30:00,2,1,1,straddle_component,599060,SPXW_4120_PE_20230214,50,15.5,trade,"{'detailed': True, 'instrument_type': 'option', 'underlying': 'SPXW', 'strike': 4120, 'expiry': '2023-02-14', 'dividend_rate': 0.015, 'opt_type': 'PE', 'timestamp': '2023-02-14 09:30:00', 'underlying_spot': 4122.0, 'id': 599060, 'bid': 15.0, 'ask': 15.5, 'mid': 15.25, 'delta': -0.4767862555118185, 'theta': -14.489859416035255, 'gamma': 0.0097568767287725, 'vega': 0.5551482852062968, 'sigma': 0.2928380221786151, 'moneyness': 0.05}",0,0
2023-09-26 09:30:00,1,1,1,straddle_component,42151607,SPXW_4350_CE_20230926,50,11.5,trade,"{'detailed': True, 'instrument_type': 'option', 'underlying': 'SPXW', 'strike': 4350, 'expiry': '2023-09-26', 'dividend_rate': 0.015, 'opt_type': 'CE', 'timestamp': '2023-09-26 09:30:00', 'underlying_spot': 4349.0, 'id': 42151607, 'bid': 11.0, 'ask': 11.5, 'mid': 11.25, 'delta': 0.4902294792990425, 'theta': -10.62075041877611, 'gamma': 0.013611538971503, 'vega': 0.5865384750108804, 'sigma': 0.1992303477859182, 'moneyness': 0.02}",0,0
2023-09-26 09:30:00,2,1,1,straddle_component,42151066,SPXW_4350_PE_20230926,50,15.0,trade,"{'detailed': True, 'instrument_type': 'option', 'underlying': 'SPXW', 'strike': 4350, 'expiry': '2023-09-26', 'dividend_rate': 0.015, 'opt_type': 'PE', 'timestamp': '2023-09-26 09:30:00', 'underlying_spot': 4349.0, 'id': 42151066, 'bid': 14.75, 'ask': 15.0, 'mid': 14.88, 'delta': -0.5073491979167066, 'theta': -12.930567379343517, 'gamma': 0.0110322363333636, 'vega': 0.5866152138842313, 'sigma': 0.2458418186638638, 'moneyness': -0.02}",0,0
2023-11-14 09:30:00,1,1,1,straddle_component,42275581,SPXW_4485_CE_20231114,50,12.25,trade,"{'detailed': True, 'instrument_type': 'option', 'underlying': 'SPXW', 'strike': 4485, 'expiry': '2023-11-14', 'dividend_rate': 0.015, 'opt_type': 'CE', 'timestamp': '2023-11-14 09:30:00', 'underlying_spot': 4487.5, 'id': 42275581, 'bid': 11.75, 'ask': 12.25, 'mid': 12.0, 'delta': 0.5413269773592688, 'theta': -9.333200566614744, 'gamma': 0.0148692119239512, 'vega': 0.6021386520344372, 'sigma': 0.1758536665914725, 'moneyness': -0.06}",0,0
2023-11-14 09:30:00,2,1,1,straddle_component,42275590,SPXW_4485_PE_20231114,50,10.75,trade,"{'detailed': True, 'instrument_type': 'option', 'underlying': 'SPXW', 'strike': 4485, 'expiry': '2023-11-14', 'dividend_rate': 0.015, 'opt_type': 'PE', 'timestamp': '2023-11-14 09:30:00', 'underlying_spot': 4487.5, 'id': 42275590, 'bid': 10.25, 'ask': 10.75, 'mid': 10.5, 'delta': -0.4623505155892715, 'theta': -10.191299363547277, 'gamma': 0.0134691088504723, 'vega': 0.6026951934730764, 'sigma': 0.1943119038860213, 'moneyness': 0.06}",0,0
2023-08-15 09:30:00,1,1,1,straddle_component,4233273,SPXW_4490_CE_20230815,50,10.0,trade,"{'detailed': True, 'instrument_type': 'option', 'underlying': 'SPXW', 'strike': 4490, 'expiry': '2023-08-15', 'dividend_rate': 0.015, 'opt_type': 'CE', 'timestamp': '2023-08-15 09:30:00', 'underlying_spot': 4488.5, 'id': 4233273, 'bid': 9.25, 'ask': 10.0, 'mid': 9.62, 'delta': 0.4809124402639142, 'theta': -9.267891122634, 'gamma': 0.0154305027777468, 'vega': 0.6048387689265029, 'sigma': 0.1701388732680323, 'moneyness': 0.03}",0,0
2023-08-15 09:30:00,2,1,1,straddle_component,4234245,SPXW_4490_PE_20230815,50,13.0,trade,"{'detailed': True, 'instrument_type': 'option', 'underlying': 'SPXW', 'strike': 4490, 'expiry': '2023-08-15', 'dividend_rate': 0.015, 'opt_type': 'PE', 'timestamp': '2023-08-15 09:30:00', 'underlying_spot': 4488.5, 'id': 4234245, 'bid': 12.0, 'ask': 13.0, 'mid': 12.5, 'delta': -0.5163679757467676, 'theta': -10.450035531312398, 'gamma': 0.0134858996503339, 'vega': 0.605023387586419, 'sigma': 0.1947311541634628, 'moneyness': -0.03}",0,0
2023-01-17 09:30:00,1,1,1,straddle_component,335239,SPXW_4020_CE_20230117,50,11.5,trade,"{'detailed': True, 'instrument_type': 'option', 'underlying': 'SPXW', 'strike': 4020, 'expiry': '2023-01-17', 'dividend_rate': 0.015, 'opt_type': 'CE', 'timestamp': '2023-01-17 09:30:00', 'underlying_spot': 4020.5, 'id': 335239, 'bid': 11.0, 'ask': 11.5, 'mid': 11.25, 'delta': 0.5110954722055361, 'theta': -9.991260311095695, 'gamma': 0.01453163017473, 'vega': 0.5421875421899349, 'sigma': 0.2018458299542125, 'moneyness': -0.01}",0,0
2023-01-17 09:30:00,2,1,1,straddle_component,330958,SPXW_4020_PE_20230117,50,13.5,trade,"{'detailed': True, 'instrument_type': 'option', 'underlying': 'SPXW', 'strike': 4020, 'expiry': '2023-01-17', 'dividend_rate': 0.015, 'opt_type': 'PE', 'timestamp': '2023-01-17 09:30:00', 'underlying_spot': 4020.5, 'id': 330958, 'bid': 13.0, 'ask': 13.5, 'mid': 13.25, 'delta': -0.4904496246669332, 'theta': -12.1841515837493, 'gamma': 0.0117428171186872, 'vega': 0.542242133361289, 'sigma': 0.2498074214681417, 'moneyness': 0.01}",0,0
2023-03-14 09:30:00,1,1,1,straddle_component,683720,SPXW_3945_CE_20230314,50,6.25,trade,"{'detailed': True, 'instrument_type': 'option', 'underlying': 'SPXW', 'strike': 3945, 'expiry': '2023-03-14', 'dividend_rate': 0.015, 'opt_type': 'CE', 'timestamp': '2023-03-14 09:30:00', 'underlying_spot': 3944.0, 'id': 683720, 'bid': 5.75, 'ask': 6.25, 'mid': 6.0, 'delta': 0.4802269168755924, 'theta': -5.802270063697885, 'gamma': 0.0246833629891085, 'vega': 0.5314187266335706, 'sigma': 0.1210339503489191, 'moneyness': 0.03}",0,0
2023-03-14 09:30:00,2,1,1,straddle_component,141470,SPXW_3945_PE_20230314,50,43.0,trade,"{'detailed': True, 'instrument_type': 'option', 'underlying': 'SPXW', 'strike': 3945, 'expiry': '2023-03-14', 'dividend_rate': 0.015, 'opt_type': 'PE', 'timestamp': '2023-03-14 09:30:00', 'underlying_spot': 3944.0, 'id': 141470, 'bid': 41.5, 'ask': 43.0, 'mid': 42.25, 'delta': -0.4978752114453755, 'theta': -37.7878806360568, 'gamma': 0.003807933239841, 'vega': 0.5320697169226207, 'sigma': 0.7855067888013911, 'moneyness': -0.03}",0,0
2023-10-24 09:30:00,1,1,1,straddle_component,42223189,SPXW_4265_CE_20231024,50,11.25,trade,"{'detailed': True, 'instrument_type': 'option', 'underlying': 'SPXW', 'strike': 4265, 'expiry': '2023-10-24', 'dividend_rate': 0.015, 'opt_type': 'CE', 'timestamp': '2023-10-24 09:30:00', 'underlying_spot': 4265.25, 'id': 42223189, 'bid': 10.75, 'ask': 11.25, 'mid': 11.0, 'delta': 0.5075921532918137, 'theta': -9.89443258303602, 'gamma': 0.0147048740295474, 'vega': 0.5753120639133629, 'sigma': 0.1880606246259132, 'moneyness': -0.01}",0,0
2023-10-24 09:30:00,2,1,1,straddle_component,42234884,SPXW_4265_PE_20231024,50,14.75,trade,"{'detailed': True, 'instrument_type': 'option', 'underlying': 'SPXW', 'strike': 4265, 'expiry': '2023-10-24', 'dividend_rate': 0.015, 'opt_type': 'PE', 'timestamp': '2023-10-24 09:30:00', 'underlying_spot': 4265.25, 'id': 42234884, 'bid': 14.25, 'ask': 14.75, 'mid': 14.5, 'delta': -0.4936173452819936, 'theta': -13.213373636992056, 'gamma': 0.0108412465316121, 'vega': 0.5753427650507836, 'sigma': 0.2550956362276728, 'moneyness': 0.01}",0,0
2023-01-04 09:30:00,1,1,1,straddle_component,610640,SPXW_3865_CE_20230104,50,20.25,trade,"{'detailed': True, 'instrument_type': 'option', 'underlying': 'SPXW', 'strike': 3865, 'expiry': '2023-01-04', 'dividend_rate': 0.015, 'opt_type': 'CE', 'timestamp': '2023-01-04 09:30:00', 'underlying_spot': 3865.75, 'id': 610640, 'bid': 19.75, 'ask': 20.25, 'mid': 20.0, 'delta': 0.5099552483008196, 'theta': -17.80312917457435, 'gamma': 0.008127450392692, 'vega': 0.5213582631222646, 'sigma': 0.3753696930263982, 'moneyness': -0.02}",0,0
2023-01-04 09:30:00,2,1,1,straddle_component,390688,SPXW_3865_PE_20230104,50,16.25,trade,"{'detailed': True, 'instrument_type': 'option', 'underlying': 'SPXW', 'strike': 3865, 'expiry': '2023-01-04', 'dividend_rate': 0.015, 'opt_type': 'PE', 'timestamp': '2023-01-04 09:30:00', 'underlying_spot': 3865.75, 'id': 390688, 'bid': 15.75, 'ask': 16.25, 'mid': 16.0, 'delta': -0.4890270745922187, 'theta': -14.778566213823272, 'gamma': 0.009687868303132, 'vega': 0.5213232987673475, 'sigma': 0.3148882054428745, 'moneyness': 0.02}",0,0
2023-08-30 09:30:00,1,1,1,straddle_component,42051867,SPXW_4510_CE_20230830,50,10.0,trade,"{'detailed': True, 'instrument_type': 'option', 'underlying': 'SPXW', 'strike': 4510, 'expiry': '2023-08-30', 'dividend_rate': 0.015, 'opt_type': 'CE', 'timestamp': '2023-08-30 09:30:00', 'underlying_spot': 4511.75, 'id': 42051867, 'bid': 9.75, 'ask': 10.0, 'mid': 9.88, 'delta': 0.5355889535173297, 'theta': -7.930167402548857, 'gamma': 0.0177822495039947, 'vega': 0.6062370698406268, 'sigma': 0.1464596240072624, 'moneyness': -0.04}",0,0
2023-08-30 09:30:00,2,1,1,straddle_component,42053720,SPXW_4510_PE_20230830,50,10.75,trade,"{'detailed': True, 'instrument_type': 'option', 'underlying': 'SPXW', 'strike': 4510, 'expiry': '2023-08-30', 'dividend_rate': 0.015, 'opt_type': 'PE', 'timestamp': '2023-08-30 09:30:00', 'underlying_spot': 4511.75, 'id': 42053720, 'bid': 10.25, 'ask': 10.75, 'mid': 10.5, 'delta': -0.4716883429115803, 'theta': -10.051483635835073, 'gamma': 0.0139137964261237, 'vega': 0.6071339510166034, 'sigma': 0.1874546421212582, 'moneyness': 0.04}",0,0
2023-12-06 09:30:00,1,1,1,straddle_component,42160838,SPXW_4595_CE_20231206,50,9.65,trade,"{'detailed': True, 'instrument_type': 'option', 'underlying': 'SPXW', 'strike': 4595, 'expiry': '2023-12-06', 'dividend_rate': 0.015, 'opt_type': 'CE', 'timestamp': '2023-12-06 09:30:00', 'underlying_spot': 4595.5, 'id': 42160838, 'bid': 9.3, 'ask': 9.65, 'mid': 9.48, 'delta': 0.5130455775857357, 'theta': -8.38427714981832, 'gamma': 0.0173562987626496, 'vega': 0.6196370463705847, 'sigma': 0.1478291761476908, 'moneyness': -0.01}",0,0
2023-12-06 09:30:00,2,1,1,straddle_component,42189085,SPXW_4595_PE_20231206,50,6.95,trade,"{'detailed': True, 'instrument_type': 'option', 'underlying': 'SPXW', 'strike': 4595, 'expiry': '2023-12-06', 'dividend_rate': 0.015, 'opt_type': 'PE', 'timestamp': '2023-12-06 09:30:00', 'underlying_spot': 4595.5, 'id': 42189085, 'bid': 6.8, 'ask': 6.95, 'mid': 6.88, 'delta': -0.4838388320966835, 'theta': -6.386732348042145, 'gamma': 0.0221514845399894, 'vega': 0.619457613423338, 'sigma': 0.1157950958094301, 'moneyness': 0.01}",0,0
2023-12-13 09:30:00,1,1,1,straddle_component,42251413,SPXW_4700_CE_20231213,50,0.8,trade,"{'detailed': True, 'instrument_type': 'option', 'underlying': 'SPXW', 'strike': 4700, 'expiry': '2023-12-13', 'dividend_rate': 0.015, 'opt_type': 'CE', 'timestamp': '2023-12-13 09:30:00', 'underlying_spot': 4699.75, 'id': 42251413, 'bid': 0.7, 'ask': 0.8, 'mid': 0.75, 'delta': 0.4899890286866715, 'theta': -0.7801820924337394, 'gamma': 0.1953545328625683, 'vega': 0.6335224711435884, 'sigma': 0.0128453648019859, 'moneyness': 0.01}",0,0
2023-12-13 09:30:00,2,1,1,straddle_component,42228458,SPXW_4700_PE_20231213,50,52.25,trade,"{'detailed': True, 'instrument_type': 'option', 'underlying': 'SPXW', 'strike': 4700, 'expiry': '2023-12-13', 'dividend_rate': 0.015, 'opt_type': 'PE', 'timestamp': '2023-12-13 09:30:00', 'underlying_spot': 4699.75, 'id': 42228458, 'bid': 51.5, 'ask': 52.25, 'mid': 51.88, 'delta': -0.4946468450309993, 'theta': -46.86487119989718, 'gamma': 0.0030715796839331, 'vega': 0.6339769286495205, 'sigma': 0.8171585949545938, 'moneyness': -0.01}",0,0
2023-02-08 09:30:00,1,1,1,straddle_component,777263,SPXW_4155_CE_20230208,50,14.0,trade,"{'detailed': True, 'instrument_type': 'option', 'underlying': 'SPXW', 'strike': 4155, 'expiry': '2023-02-08', 'dividend_rate': 0.015, 'opt_type': 'CE', 'timestamp': '2023-02-08 09:30:00', 'underlying_spot': 4154.75, 'id': 777263, 'bid': 13.75, 'ask': 14.0, 'mid': 13.88, 'delta': 0.5008264601416457, 'theta': -12.726783771202378, 'gamma': 0.0114106644488742, 'vega': 0.5605079286400958, 'sigma': 0.2488431320504835, 'moneyness': 0.01}",0,0
2023-02-08 09:30:00,2,1,1,straddle_component,544334,SPXW_4155_PE_20230208,50,15.5,trade,"{'detailed': True, 'instrument_type': 'option', 'underlying': 'SPXW', 'strike': 4155, 'expiry': '2023-02-08', 'dividend_rate': 0.015, 'opt_type': 'PE', 'timestamp': '2023-02-08 09:30:00', 'underlying_spot': 4154.75, 'id': 544334, 'bid': 15.0, 'ask': 15.5, 'mid': 15.25, 'delta': -0.4989566232769249, 'theta': -13.667434094381653, 'gamma': 0.0104865790717667, 'vega': 0.5605072150174157, 'sigma': 0.2707710393499988, 'moneyness': -0.01}",0,0
2023-03-01 09:30:00,1,1,1,straddle_component,463298,SPXW_3960_CE_20230301,50,16.0,trade,"{'detailed': True, 'instrument_type': 'option', 'underlying': 'SPXW', 'strike': 3960, 'expiry': '2023-03-01', 'dividend_rate': 0.015, 'opt_type': 'CE', 'timestamp': '2023-03-01 09:30:00', 'underlying_spot': 3961.75, 'id': 463298, 'bid': 15.5, 'ask': 16.0, 'mid': 15.75, 'delta': 0.5224631725269546, 'theta': -13.35240460060545, 'gamma': 0.0107288113682102, 'vega': 0.5336234720542032, 'sigma': 0.2771113418585099, 'moneyness': -0.04}",0,0
2023-03-01 09:30:00,2,1,1,straddle_component,742358,SPXW_3960_PE_20230301,50,12.25,trade,"{'detailed': True, 'instrument_type': 'option', 'underlying': 'SPXW', 'strike': 3960, 'expiry': '2023-03-01', 'dividend_rate': 0.015, 'opt_type': 'PE', 'timestamp': '2023-03-01 09:30:00', 'underlying_spot': 3961.75, 'id': 742358, 'bid': 11.75, 'ask': 12.25, 'mid': 12.0, 'delta': -0.4747422818812907, 'theta': -11.43992459308432, 'gamma': 0.0123064059920352, 'vega': 0.5333987368967108, 'sigma': 0.2414861929610933, 'moneyness': 0.04}",0,0
2023-05-03 09:30:00,1,1,1,straddle_component,59598,SPXW_4145_CE_20230503,50,18.0,trade,"{'detailed': True, 'instrument_type': 'option', 'underlying': 'SPXW', 'strike': 4145, 'expiry': '2023-05-03', 'dividend_rate': 0.015, 'opt_type': 'CE', 'timestamp': '2023-05-03 09:30:00', 'underlying_spot': 4143.5, 'id': 59598, 'bid': 17.5, 'ask': 18.0, 'mid': 17.75, 'delta': 0.4907887188808857, 'theta': -16.707090559099555, 'gamma': 0.0086300727630828, 'vega': 0.5588421972479125, 'sigma': 0.3298258065798872, 'moneyness': 0.04}",0,0
2023-05-03 09:30:00,2,1,1,straddle_component,699051,SPXW_4145_PE_20230503,50,22.0,trade,"{'detailed': True, 'instrument_type': 'option', 'underlying': 'SPXW', 'strike': 4145, 'expiry': '2023-05-03', 'dividend_rate': 0.015, 'opt_type': 'PE', 'timestamp': '2023-05-03 09:30:00', 'underlying_spot': 4143.5, 'id': 699051, 'bid': 21.5, 'ask': 22.0, 'mid': 21.75, 'delta': -0.5074817076984317, 'theta': -18.90656338540896, 'gamma': 0.0075625260365086, 'vega': 0.5588929900716781, 'sigma': 0.3764190528996148, 'moneyness': -0.04}",0,0
2023-11-08 09:30:00,1,1,1,straddle_component,42263313,SPXW_4405_CE_20231108,50,7.8,trade,"{'detailed': True, 'instrument_type': 'option', 'underlying': 'SPXW', 'strike': 4405, 'expiry': '2023-11-08', 'dividend_rate': 0.015, 'opt_type': 'CE', 'timestamp': '2023-11-08 09:30:00', 'underlying_spot': 4402.75, 'id': 42263313, 'bid': 7.55, 'ask': 7.8, 'mid': 7.68, 'delta': 0.4632930049555117, 'theta': -7.570530637283882, 'gamma': 0.0182139991178331, 'vega': 0.5914379344038054, 'sigma': 0.1464904662165259, 'moneyness': 0.05}",0,0
2023-11-08 09:30:00,2,1,1,straddle_component,42263692,SPXW_4405_PE_20231108,50,10.75,trade,"{'detailed': True, 'instrument_type': 'option', 'underlying': 'SPXW', 'strike': 4405, 'expiry': '2023-11-08', 'dividend_rate': 0.015, 'opt_type': 'PE', 'timestamp': '2023-11-08 09:30:00', 'underlying_spot': 4402.75, 'id': 42263692, 'bid': 10.25, 'ask': 10.75, 'mid': 10.5, 'delta': -0.5338730129217595, 'theta': -8.035171503818153, 'gamma': 0.0168895284602399, 'vega': 0.591814905737917, 'sigma': 0.1580780188367807, 'moneyness': -0.05}",0,0
2023-08-09 09:30:00,1,1,1,straddle_component,42083403,SPXW_4515_CE_20230809,50,12.5,trade,"{'detailed': True, 'instrument_type': 'option', 'underlying': 'SPXW', 'strike': 4515, 'expiry': '2023-08-09', 'dividend_rate': 0.015, 'opt_type': 'CE', 'timestamp': '2023-08-09 09:30:00', 'underlying_spot': 4517.5, 'id': 42083403, 'bid': 12.0, 'ask': 12.5, 'mid': 12.25, 'delta': 0.5404442852838365, 'theta': -9.569051947447162, 'gamma': 0.0145302725051976, 'vega': 0.6063032831816582, 'sigma': 0.1788014759378135, 'moneyness': -0.06}",0,0
2023-08-09 09:30:00,2,1,1,straddle_component,42083409,SPXW_4515_PE_20230809,50,7.75,trade,"{'detailed': True, 'instrument_type': 'option', 'underlying': 'SPXW', 'strike': 4515, 'expiry': '2023-08-09', 'dividend_rate': 0.015, 'opt_type': 'PE', 'timestamp': '2023-08-09 09:30:00', 'underlying_spot': 4517.5, 'id': 42083409, 'bid': 7.5, 'ask': 7.75, 'mid': 7.62, 'delta': -0.4508689538615051, 'theta': -7.4741037565198205, 'gamma': 0.0178006887630033, 'vega': 0.6047986153993059, 'sigma': 0.1455919272656792, 'moneyness': 0.06}",0,0
2023-04-12 09:30:00,1,1,1,straddle_component,335343,SPXW_4155_CE_20230412,50,15.25,trade,"{'detailed': True, 'instrument_type': 'option', 'underlying': 'SPXW', 'strike': 4155, 'expiry': '2023-04-12', 'dividend_rate': 0.015, 'opt_type': 'CE', 'timestamp': '2023-04-12 09:30:00', 'underlying_spot': 4154.75, 'id': 335343, 'bid': 14.75, 'ask': 15.25, 'mid': 15.0, 'delta': 0.5010254475961595, 'theta': -13.746873719973095, 'gamma': 0.0105589772125824, 'vega': 0.5605072802917537, 'sigma': 0.268914515707174, 'moneyness': 0.01}",0,0
2023-04-12 09:30:00,2,1,1,straddle_component,624212,SPXW_4155_PE_20230412,50,12.0,trade,"{'detailed': True, 'instrument_type': 'option', 'underlying': 'SPXW', 'strike': 4155, 'expiry': '2023-04-12', 'dividend_rate': 0.015, 'opt_type': 'PE', 'timestamp': '2023-04-12 09:30:00', 'underlying_spot': 4154.75, 'id': 624212, 'bid': 11.5, 'ask': 12.0, 'mid': 11.75, 'delta': -0.4996125566870013, 'theta': -10.4936546741509, 'gamma': 0.0136298889152897, 'vega': 0.5605088649170593, 'sigma': 0.2083267242518573, 'moneyness': -0.01}",0,0
2023-10-18 09:30:00,1,1,1,straddle_component,42140101,SPXW_4385_CE_20231018,50,11.5,trade,"{'detailed': True, 'instrument_type': 'option', 'underlying': 'SPXW', 'strike': 4385, 'expiry': '2023-10-18', 'dividend_rate': 0.015, 'opt_type': 'CE', 'timestamp': '2023-10-18 09:30:00', 'underlying_spot': 4383.0, 'id': 42140101, 'bid': 11.0, 'ask': 11.5, 'mid': 11.25, 'delta': 0.4776680023373281, 'theta': -10.87849655405503, 'gamma': 0.0130578633950051, 'vega': 0.5903727462530028, 'sigma': 0.2058057880531049, 'moneyness': 0.05}",0,0
2023-10-18 09:30:00,2,1,1,straddle_component,42164820,SPXW_4385_PE_20231018,50,14.0,trade,"{'detailed': True, 'instrument_type': 'option', 'underlying': 'SPXW', 'strike': 4385, 'expiry': '2023-10-18', 'dividend_rate': 0.015, 'opt_type': 'PE', 'timestamp': '2023-10-18 09:30:00', 'underlying_spot': 4383.0, 'id': 42164820, 'bid': 13.5, 'ask': 14.0, 'mid': 13.75, 'delta': -0.521129802308451, 'theta': -11.259789293735183, 'gamma': 0.0124357903885652, 'vega': 0.5904702938727802, 'sigma': 0.2161363147766985, 'moneyness': -0.05}",0,0
2023-11-22 09:30:00,1,1,1,straddle_component,42237501,SPXW_4570_CE_20231122,50,6.4,trade,"{'detailed': True, 'instrument_type': 'option', 'underlying': 'SPXW', 'strike': 4570, 'expiry': '2023-11-22', 'dividend_rate': 0.015, 'opt_type': 'CE', 'timestamp': '2023-11-22 09:30:00', 'underlying_spot': 4570.0, 'id': 42237501, 'bid': 6.15, 'ask': 6.4, 'mid': 6.28, 'delta': 0.5056161720269348, 'theta': -5.732267851861425, 'gamma': 0.0255941416771321, 'vega': 0.6164681309152762, 'sigma': 0.1008515345358042, 'moneyness': 0.0}",0,0
2023-11-22 09:30:00,2,1,1,straddle_component,42230773,SPXW_4570_PE_20231122,50,10.0,trade,"{'detailed': True, 'instrument_type': 'option', 'underlying': 'SPXW', 'strike': 4570, 'expiry': '2023-11-22', 'dividend_rate': 0.015, 'opt_type': 'PE', 'timestamp': '2023-11-22 09:30:00', 'underlying_spot': 4570.0, 'id': 42230773, 'bid': 9.7, 'ask': 10.0, 'mid': 9.85, 'delta': -0.4958182847642156, 'theta': -8.885453125217506, 'gamma': 0.01606332714843, 'vega': 0.6164957501228496, 'sigma': 0.1606966275115783, 'moneyness': 0.0}",0,0
2023-09-06 09:30:00,1,1,1,straddle_component,42088711,SPXW_4490_CE_20230906,50,11.0,trade,"{'detailed': True, 'instrument_type': 'option', 'underlying': 'SPXW', 'strike': 4490, 'expiry': '2023-09-06', 'dividend_rate': 0.015, 'opt_type': 'CE', 'timestamp': '2023-09-06 09:30:00', 'underlying_spot': 4489.5, 'id': 42088711, 'bid': 10.5, 'ask': 11.0, 'mid': 10.75, 'delta': 0.4967021364381097, 'theta': -9.994811591842998, 'gamma': 0.0145442743360035, 'vega': 0.6056487824608494, 'sigma': 0.1806663956326467, 'moneyness': 0.01}",0,0
2023-09-06 09:30:00,2,1,1,straddle_component,42087174,SPXW_4490_PE_20230906,50,8.0,trade,"{'detailed': True, 'instrument_type': 'option', 'underlying': 'SPXW', 'strike': 4490, 'expiry': '2023-09-06', 'dividend_rate': 0.015, 'opt_type': 'PE', 'timestamp': '2023-09-06 09:30:00', 'underlying_spot': 4489.5, 'id': 42087174, 'bid': 7.5, 'ask': 8.0, 'mid': 7.75, 'delta': -0.5057005824966154, 'theta': -6.727552868323263, 'gamma': 0.0210655454324637, 'vega': 0.6056072348181747, 'sigma': 0.1247289443226905, 'moneyness': -0.01}",0,0
2023-06-14 09:30:00,1,1,1,straddle_component,394774,SPXW_4415_CE_20230614,50,3.65,trade,"{'detailed': True, 'instrument_type': 'option', 'underlying': 'SPXW', 'strike': 4415, 'expiry': '2023-06-14', 'dividend_rate': 0.015, 'opt_type': 'CE', 'timestamp': '2023-06-14 09:30:00', 'underlying_spot': 4415.25, 'id': 394774, 'bid': 3.5, 'ask': 3.65, 'mid': 3.58, 'delta': 0.5208477206086526, 'theta': -3.1555680892658824, 'gamma': 0.0468584283419559, 'vega': 0.5948142709938238, 'sigma': 0.056943706097412, 'moneyness': -0.01}",0,0
2023-06-14 09:30:00,2,1,1,straddle_component,649890,SPXW_4415_PE_20230614,50,44.75,trade,"{'detailed': True, 'instrument_type': 'option', 'underlying': 'SPXW', 'strike': 4415, 'expiry': '2023-06-14', 'dividend_rate': 0.015, 'opt_type': 'PE', 'timestamp': '2023-06-14 09:30:00', 'underlying_spot': 4415.25, 'id': 649890, 'bid': 44.0, 'ask': 44.75, 'mid': 44.38, 'delta': -0.4933958520698667, 'theta': -40.29551577857882, 'gamma': 0.0035713048163188, 'vega': 0.5955710561034699, 'sigma': 0.7480671462689071, 'moneyness': 0.01}",0,0
2023-10-11 09:30:00,1,1,1,straddle_component,42176932,SPXW_4410_CE_20231011,50,8.85,trade,"{'detailed': True, 'instrument_type': 'option', 'underlying': 'SPXW', 'strike': 4410, 'expiry': '2023-10-11', 'dividend_rate': 0.015, 'opt_type': 'CE', 'timestamp': '2023-10-11 09:30:00', 'underlying_spot': 4408.25, 'id': 42176932, 'bid': 8.6, 'ask': 8.85, 'mid': 8.72, 'delta': 0.4749574794859157, 'theta': -8.484550943005418, 'gamma': 0.0166837578063905, 'vega': 0.5935312678744626, 'sigma': 0.1600904879864698, 'moneyness': 0.04}",0,0
2023-10-11 09:30:00,2,1,1,straddle_component,42176902,SPXW_4410_PE_20231011,50,16.5,trade,"{'detailed': True, 'instrument_type': 'option', 'underlying': 'SPXW', 'strike': 4410, 'expiry': '2023-10-11', 'dividend_rate': 0.015, 'opt_type': 'PE', 'timestamp': '2023-10-11 09:30:00', 'underlying_spot': 4408.25, 'id': 42176902, 'bid': 16.0, 'ask': 16.5, 'mid': 16.25, 'delta': -0.514393890688325, 'theta': -13.72969666325065, 'gamma': 0.0103187586120157, 'vega': 0.5943204630710293, 'sigma': 0.2591826694935542, 'moneyness': -0.04}",0,0
2023-11-15 09:30:00,1,1,1,straddle_component,42209366,SPXW_4525_CE_20231115,50,10.5,trade,"{'detailed': True, 'instrument_type': 'option', 'underlying': 'SPXW', 'strike': 4525, 'expiry': '2023-11-15', 'dividend_rate': 0.015, 'opt_type': 'CE', 'timestamp': '2023-11-15 09:30:00', 'underlying_spot': 4525.25, 'id': 42209366, 'bid': 10.25, 'ask': 10.5, 'mid': 10.38, 'delta': 0.5080109447360925, 'theta': -9.330124238263997, 'gamma': 0.0156111270399605, 'vega': 0.61036914391984, 'sigma': 0.1669620557212901, 'moneyness': -0.01}",0,0
2023-11-15 09:30:00,2,1,1,straddle_component,42232699,SPXW_4525_PE_20231115,50,11.75,trade,"{'detailed': True, 'instrument_type': 'option', 'underlying': 'SPXW', 'strike': 4525, 'expiry': '2023-11-15', 'dividend_rate': 0.015, 'opt_type': 'PE', 'timestamp': '2023-11-15 09:30:00', 'underlying_spot': 4525.25, 'id': 42232699, 'bid': 11.25, 'ask': 11.75, 'mid': 11.5, 'delta': -0.4927018253234827, 'theta': -10.490600752972831, 'gamma': 0.0136223051860895, 'vega': 0.6103902110033737, 'sigma': 0.1913446431179608, 'moneyness': 0.01}",0,0
2023-10-25 09:30:00,1,1,1,straddle_component,42177047,SPXW_4250_CE_20231025,50,14.75,trade,"{'detailed': True, 'instrument_type': 'option', 'underlying': 'SPXW', 'strike': 4250, 'expiry': '2023-10-25', 'dividend_rate': 0.015, 'opt_type': 'CE', 'timestamp': '2023-10-25 09:30:00', 'underlying_spot': 4250.75, 'id': 42177047, 'bid': 14.5, 'ask': 14.75, 'mid': 14.62, 'delta': 0.5120890955234714, 'theta': -12.925556971535778, 'gamma': 0.0112073737312812, 'vega': 0.5731966704918143, 'sigma': 0.2475217982731344, 'moneyness': -0.02}",0,0
2023-10-25 09:30:00,2,1,1,straddle_component,42201233,SPXW_4250_PE_20231025,50,11.5,trade,"{'detailed': True, 'instrument_type': 'option', 'underlying': 'SPXW', 'strike': 4250, 'expiry': '2023-10-25', 'dividend_rate': 0.015, 'opt_type': 'PE', 'timestamp': '2023-10-25 09:30:00', 'underlying_spot': 4250.75, 'id': 42201233, 'bid': 11.0, 'ask': 11.5, 'mid': 11.25, 'delta': -0.485959068427455, 'theta': -10.45776324205654, 'gamma': 0.0136241263248848, 'vega': 0.5731043914683749, 'sigma': 0.2035818273546492, 'moneyness': 0.02}",0,0
2023-10-04 09:30:00,1,1,1,straddle_component,42167348,SPXW_4275_CE_20231004,50,11.25,trade,"{'detailed': True, 'instrument_type': 'option', 'underlying': 'SPXW', 'strike': 4275, 'expiry': '2023-10-04', 'dividend_rate': 0.015, 'opt_type': 'CE', 'timestamp': '2023-10-04 09:30:00', 'underlying_spot': 4274.25, 'id': 42167348, 'bid': 11.0, 'ask': 11.25, 'mid': 11.12, 'delta': 0.4934169404354094, 'theta': -10.423807066096764, 'gamma': 0.0139066687410149, 'vega': 0.5765518457375238, 'sigma': 0.1984450018460642, 'moneyness': 0.02}",0,0
2023-10-04 09:30:00,2,1,1,straddle_component,42166793,SPXW_4275_PE_20231004,50,16.75,trade,"{'detailed': True, 'instrument_type': 'option', 'underlying': 'SPXW', 'strike': 4275, 'expiry': '2023-10-04', 'dividend_rate': 0.015, 'opt_type': 'PE', 'timestamp': '2023-10-04 09:30:00', 'underlying_spot': 4274.25, 'id': 42166793, 'bid': 16.25, 'ask': 16.75, 'mid': 16.5, 'delta': -0.5037118678673735, 'theta': -14.546697195884656, 'gamma': 0.0098387581815018, 'vega': 0.5766056110494002, 'sigma': 0.2805196740929638, 'moneyness': -0.02}",0,0
2023-07-12 09:30:00,1,1,1,straddle_component,192038,SPXW_4510_CE_20230712,50,12.75,trade,"{'detailed': True, 'instrument_type': 'option', 'underlying': 'SPXW', 'strike': 4510, 'expiry': '2023-07-12', 'dividend_rate': 0.015, 'opt_type': 'CE', 'timestamp': '2023-07-12 09:30:00', 'underlying_spot': 4510.5, 'id': 192038, 'bid': 12.25, 'ask': 12.75, 'mid': 12.5, 'delta': 0.5103622169798427, 'theta': -11.131032501612529, 'gamma': 0.0130494875349995, 'vega': 0.6082969993946294, 'sigma': 0.2003629820988789, 'moneyness': -0.01}",0,0
2023-07-12 09:30:00,2,1,1,straddle_component,455043,SPXW_4510_PE_20230712,50,10.25,trade,"{'detailed': True, 'instrument_type': 'option', 'underlying': 'SPXW', 'strike': 4510, 'expiry': '2023-07-12', 'dividend_rate': 0.015, 'opt_type': 'PE', 'timestamp': '2023-07-12 09:30:00', 'underlying_spot': 4510.5, 'id': 455043, 'bid': 10.0, 'ask': 10.25, 'mid': 10.12, 'delta': -0.4883106356439626, 'theta': -9.34230206439758, 'gamma': 0.0152535131547892, 'vega': 0.60824070924048, 'sigma': 0.1713961791845985, 'moneyness': 0.01}",0,0
2023-04-26 09:30:00,1,1,1,straddle_component,659128,SPXW_4100_CE_20230426,50,10.75,trade,"{'detailed': True, 'instrument_type': 'option', 'underlying': 'SPXW', 'strike': 4100, 'expiry': '2023-04-26', 'dividend_rate': 0.015, 'opt_type': 'CE', 'timestamp': '2023-04-26 09:30:00', 'underlying_spot': 4101.0, 'id': 659128, 'bid': 10.25, 'ask': 10.75, 'mid': 10.5, 'delta': 0.5199870356605629, 'theta': -9.021754464632254, 'gamma': 0.0159907213514998, 'vega': 0.5525614365592055, 'sigma': 0.1796713710300745, 'moneyness': -0.02}",0,0
2023-04-26 09:30:00,2,1,1,straddle_component,736389,SPXW_4100_PE_20230426,50,12.0,trade,"{'detailed': True, 'instrument_type': 'option', 'underlying': 'SPXW', 'strike': 4100, 'expiry': '2023-04-26', 'dividend_rate': 0.015, 'opt_type': 'PE', 'timestamp': '2023-04-26 09:30:00', 'underlying_spot': 4101.0, 'id': 736389, 'bid': 11.5, 'ask': 12.0, 'mid': 11.75, 'delta': -0.4833198862780108, 'theta': -10.998350853919666, 'gamma': 0.0129329962561541, 'vega': 0.5527733563439776, 'sigma': 0.2222354973039738, 'moneyness': 0.02}",0,0
2023-07-05 09:30:00,1,1,1,straddle_component,288007,SPXW_4475_CE_20230705,50,7.0,trade,"{'detailed': True, 'instrument_type': 'option', 'underlying': 'SPXW', 'strike': 4475, 'expiry': '2023-07-05', 'dividend_rate': 0.015, 'opt_type': 'CE', 'timestamp': '2023-07-05 09:30:00', 'underlying_spot': 4474.25, 'id': 288007, 'bid': 6.5, 'ask': 7.0, 'mid': 6.75, 'delta': 0.4881484882853115, 'theta': -6.43460696419961, 'gamma': 0.0225204920489829, 'vega': 0.603343649808576, 'sigma': 0.1170287459189179, 'moneyness': 0.02}",0,0
2023-07-05 09:30:00,2,1,1,straddle_component,623044,SPXW_4475_PE_20230705,50,11.0,trade,"{'detailed': True, 'instrument_type': 'option', 'underlying': 'SPXW', 'strike': 4475, 'expiry': '2023-07-05', 'dividend_rate': 0.015, 'opt_type': 'PE', 'timestamp': '2023-07-05 09:30:00', 'underlying_spot': 4474.25, 'id': 623044, 'bid': 10.5, 'ask': 11.0, 'mid': 10.75, 'delta': -0.5073990398645201, 'theta': -9.316314777828955, 'gamma': 0.0152605460890242, 'vega': 0.6035079635539047, 'sigma': 0.1727497285288499, 'moneyness': -0.02}",0,0
2023-08-02 09:30:00,1,1,1,straddle_component,4187157,SPXW_4570_CE_20230802,50,9.75,trade,"{'detailed': True, 'instrument_type': 'option', 'underlying': 'SPXW', 'strike': 4570, 'expiry': '2023-08-02', 'dividend_rate': 0.015, 'opt_type': 'CE', 'timestamp': '2023-08-02 09:30:00', 'underlying_spot': 4568.5, 'id': 4187157, 'bid': 9.25, 'ask': 9.75, 'mid': 9.5, 'delta': 0.4806807126890966, 'theta': -9.153231290732538, 'gamma': 0.0156212654012222, 'vega': 0.6156015410698039, 'sigma': 0.1651136029512408, 'moneyness': 0.03}",0,0
2023-08-02 09:30:00,2,1,1,straddle_component,4187170,SPXW_4570_PE_20230802,50,12.5,trade,"{'detailed': True, 'instrument_type': 'option', 'underlying': 'SPXW', 'strike': 4570, 'expiry': '2023-08-02', 'dividend_rate': 0.015, 'opt_type': 'PE', 'timestamp': '2023-08-02 09:30:00', 'underlying_spot': 4568.5, 'id': 4187170, 'bid': 12.0, 'ask': 12.5, 'mid': 12.25, 'delta': -0.5167532301422639, 'theta': -10.219375781306374, 'gamma': 0.0137764750718361, 'vega': 0.615782006768189, 'sigma': 0.1872782849505934, 'moneyness': -0.03}",0,0
2023-03-22 09:30:00,1,1,1,straddle_component,450567,SPXW_4035_CE_20230322,50,28.75,trade,"{'detailed': True, 'instrument_type': 'option', 'underlying': 'SPXW', 'strike': 4035, 'expiry': '2023-03-22', 'dividend_rate': 0.015, 'opt_type': 'CE', 'timestamp': '2023-03-22 09:30:00', 'underlying_spot': 4034.25, 'id': 450567, 'bid': 28.0, 'ask': 28.75, 'mid': 28.38, 'delta': 0.5003416121720505, 'theta': -26.08348995221092, 'gamma': 0.0055460719039501, 'vega': 0.5442525100742746, 'sigma': 0.5272709716039605, 'moneyness': 0.02}",0,0
2023-03-22 09:30:00,2,1,1,straddle_component,518759,SPXW_4035_PE_20230322,50,28.25,trade,"{'detailed': True, 'instrument_type': 'option', 'underlying': 'SPXW', 'strike': 4035, 'expiry': '2023-03-22', 'dividend_rate': 0.015, 'opt_type': 'PE', 'timestamp': '2023-03-22 09:30:00', 'underlying_spot': 4034.25, 'id': 518759, 'bid': 27.5, 'ask': 28.25, 'mid': 27.88, 'delta': -0.49993488015172, 'theta': -24.87252112772049, 'gamma': 0.0057773876349642, 'vega': 0.5442527012283378, 'sigma': 0.5061602196971405, 'moneyness': -0.02}",0,0
2023-04-05 09:30:00,1,1,1,straddle_component,571734,SPXW_4120_CE_20230405,50,11.25,trade,"{'detailed': True, 'instrument_type': 'option', 'underlying': 'SPXW', 'strike': 4120, 'expiry': '2023-04-05', 'dividend_rate': 0.015, 'opt_type': 'CE', 'timestamp': '2023-04-05 09:30:00', 'underlying_spot': 4121.75, 'id': 571734, 'bid': 11.0, 'ask': 11.25, 'mid': 11.12, 'delta': 0.5313042104651444, 'theta': -9.08985468384955, 'gamma': 0.0155950409919114, 'vega': 0.5543396838535131, 'sigma': 0.182967680591769, 'moneyness': -0.04}",0,0
2023-04-05 09:30:00,2,1,1,straddle_component,393972,SPXW_4120_PE_20230405,50,11.25,trade,"{'detailed': True, 'instrument_type': 'option', 'underlying': 'SPXW', 'strike': 4120, 'expiry': '2023-04-05', 'dividend_rate': 0.015, 'opt_type': 'PE', 'timestamp': '2023-04-05 09:30:00', 'underlying_spot': 4121.75, 'id': 393972, 'bid': 11.0, 'ask': 11.25, 'mid': 11.12, 'delta': -0.4731065220526353, 'theta': -10.632079876031478, 'gamma': 0.0131977902562141, 'vega': 0.5547908104430652, 'sigma': 0.2163770339192666, 'moneyness': 0.04}",0,0
2023-05-24 09:30:00,1,1,1,straddle_component,528795,SPXW_4135_CE_20230524,50,15.0,trade,"{'detailed': True, 'instrument_type': 'option', 'underlying': 'SPXW', 'strike': 4135, 'expiry': '2023-05-24', 'dividend_rate': 0.015, 'opt_type': 'CE', 'timestamp': '2023-05-24 09:30:00', 'underlying_spot': 4137.25, 'id': 528795, 'bid': 14.5, 'ask': 15.0, 'mid': 14.75, 'delta': 0.5301048868175506, 'theta': -12.089690686326804, 'gamma': 0.0117167711088939, 'vega': 0.5565558955130596, 'sigma': 0.2426743589779546, 'moneyness': -0.05}",0,0
2023-05-24 09:30:00,2,1,1,straddle_component,211404,SPXW_4135_PE_20230524,50,10.25,trade,"{'detailed': True, 'instrument_type': 'option', 'underlying': 'SPXW', 'strike': 4135, 'expiry': '2023-05-24', 'dividend_rate': 0.015, 'opt_type': 'PE', 'timestamp': '2023-05-24 09:30:00', 'underlying_spot': 4137.25, 'id': 211404, 'bid': 9.75, 'ask': 10.25, 'mid': 10.0, 'delta': -0.4640559853165804, 'theta': -9.686291286136743, 'gamma': 0.0142280297588115, 'vega': 0.5558760055403882, 'sigma': 0.1995990217906085, 'moneyness': 0.05}",0,0
2023-01-18 09:30:00,1,1,1,straddle_component,170900,SPXW_4025_CE_20230118,50,10.5,trade,"{'detailed': True, 'instrument_type': 'option', 'underlying': 'SPXW', 'strike': 4025, 'expiry': '2023-01-18', 'dividend_rate': 0.015, 'opt_type': 'CE', 'timestamp': '2023-01-18 09:30:00', 'underlying_spot': 4025.75, 'id': 170900, 'bid': 10.0, 'ask': 10.5, 'mid': 10.25, 'delta': 0.516125054129013, 'theta': -8.943137631761765, 'gamma': 0.0161940485909894, 'vega': 0.5426611287452054, 'sigma': 0.1808111663040619, 'moneyness': -0.02}",0,0
2023-01-18 09:30:00,2,1,1,straddle_component,642252,SPXW_4025_PE_20230118,50,13.5,trade,"{'detailed': True, 'instrument_type': 'option', 'underlying': 'SPXW', 'strike': 4025, 'expiry': '2023-01-18', 'dividend_rate': 0.015, 'opt_type': 'PE', 'timestamp': '2023-01-18 09:30:00', 'underlying_spot': 4025.75, 'id': 642252, 'bid': 13.0, 'ask': 13.5, 'mid': 13.25, 'delta': -0.487595504242666, 'theta': -12.278578137711834, 'gamma': 0.0116345513667681, 'vega': 0.5428431292764389, 'sigma': 0.2517538048432502, 'moneyness': 0.02}",0,0
2023-07-26 09:30:00,1,1,1,straddle_component,4143549,SPXW_4590_CE_20230726,50,13.0,trade,"{'detailed': True, 'instrument_type': 'option', 'underlying': 'SPXW', 'strike': 4590, 'expiry': '2023-07-26', 'dividend_rate': 0.015, 'opt_type': 'CE', 'timestamp': '2023-07-26 09:30:00', 'underlying_spot': 4589.25, 'id': 4143549, 'bid': 12.5, 'ask': 13.0, 'mid': 12.75, 'delta': 0.4946466731429844, 'theta': -11.904970340023034, 'gamma': 0.0121812283104816, 'vega': 0.6190707289138055, 'sigma': 0.2110135467577351, 'moneyness': 0.02}",0,0
2023-07-26 09:30:00,2,1,1,straddle_component,4146779,SPXW_4590_PE_20230726,50,17.75,trade,"{'detailed': True, 'instrument_type': 'option', 'underlying': 'SPXW', 'strike': 4590, 'expiry': '2023-07-26', 'dividend_rate': 0.015, 'opt_type': 'PE', 'timestamp': '2023-07-26 09:30:00', 'underlying_spot': 4589.25, 'id': 4146779, 'bid': 17.25, 'ask': 17.75, 'mid': 17.5, 'delta': -0.5032817019069213, 'theta': -15.45187981357328, 'gamma': 0.009263768383505, 'vega': 0.6191056574893405, 'sigma': 0.2774841095885731, 'moneyness': -0.02}",0,0
2023-02-15 09:30:00,1,1,1,straddle_component,407146,SPXW_4125_CE_20230215,50,13.0,trade,"{'detailed': True, 'instrument_type': 'option', 'underlying': 'SPXW', 'strike': 4125, 'expiry': '2023-02-15', 'dividend_rate': 0.015, 'opt_type': 'CE', 'timestamp': '2023-02-15 09:30:00', 'underlying_spot': 4122.75, 'id': 407146, 'bid': 12.75, 'ask': 13.0, 'mid': 12.88, 'delta': 0.4779675593150401, 'theta': -12.433733130256634, 'gamma': 0.0114172028276016, 'vega': 0.5553420879369204, 'sigma': 0.2502490658167954, 'moneyness': 0.05}",0,0
2023-02-15 09:30:00,2,1,1,straddle_component,249899,SPXW_4125_PE_20230215,50,16.5,trade,"{'detailed': True, 'instrument_type': 'option', 'underlying': 'SPXW', 'strike': 4125, 'expiry': '2023-02-15', 'dividend_rate': 0.015, 'opt_type': 'PE', 'timestamp': '2023-02-15 09:30:00', 'underlying_spot': 4122.75, 'id': 249899, 'bid': 16.0, 'ask': 16.5, 'mid': 16.25, 'delta': -0.5199589470354482, 'theta': -13.397157084344162, 'gamma': 0.0104929308264445, 'vega': 0.5554947471997611, 'sigma': 0.272367162792148, 'moneyness': -0.05}",0,0
2023-01-11 09:30:00,1,1,1,straddle_component,704269,SPXW_3960_CE_20230111,50,12.0,trade,"{'detailed': True, 'instrument_type': 'option', 'underlying': 'SPXW', 'strike': 3960, 'expiry': '2023-01-11', 'dividend_rate': 0.015, 'opt_type': 'CE', 'timestamp': '2023-01-11 09:30:00', 'underlying_spot': 3960.0, 'id': 704269, 'bid': 11.5, 'ask': 12.0, 'mid': 11.75, 'delta': 0.5037502303141039, 'theta': -10.689285673851634, 'gamma': 0.0136015418661372, 'vega': 0.5342121718134498, 'sigma': 0.2190179308010736, 'moneyness': 0.0}",0,0
2023-01-11 09:30:00,2,1,1,straddle_component,539990,SPXW_3960_PE_20230111,50,14.25,trade,"{'detailed': True, 'instrument_type': 'option', 'underlying': 'SPXW', 'strike': 3960, 'expiry': '2023-01-11', 'dividend_rate': 0.015, 'opt_type': 'PE', 'timestamp': '2023-01-11 09:30:00', 'underlying_spot': 3960.0, 'id': 539990, 'bid': 13.75, 'ask': 14.25, 'mid': 14.0, 'delta': -0.4963331916175484, 'theta': -12.653132739009996, 'gamma': 0.0113272769119987, 'vega': 0.5342132197037, 'sigma': 0.2629923485813883, 'moneyness': 0.0}",0,0
2023-05-31 09:30:00,1,1,1,straddle_component,386233,SPXW_4195_CE_20230531,50,11.0,trade,"{'detailed': True, 'instrument_type': 'option', 'underlying': 'SPXW', 'strike': 4195, 'expiry': '2023-05-31', 'dividend_rate': 0.015, 'opt_type': 'CE', 'timestamp': '2023-05-31 09:30:00', 'underlying_spot': 4196.5, 'id': 386233, 'bid': 10.75, 'ask': 11.0, 'mid': 10.88, 'delta': 0.5277274539268184, 'theta': -9.037481878692674, 'gamma': 0.0157914349507848, 'vega': 0.564769621849436, 'sigma': 0.1775917810851932, 'moneyness': -0.04}",0,0
2023-05-31 09:30:00,2,1,1,straddle_component,558860,SPXW_4195_PE_20230531,50,11.5,trade,"{'detailed': True, 'instrument_type': 'option', 'underlying': 'SPXW', 'strike': 4195, 'expiry': '2023-05-31', 'dividend_rate': 0.015, 'opt_type': 'PE', 'timestamp': '2023-05-31 09:30:00', 'underlying_spot': 4196.5, 'id': 558860, 'bid': 11.0, 'ask': 11.5, 'mid': 11.25, 'delta': -0.4764032278039565, 'theta': -10.68518396283786, 'gamma': 0.0131978888973094, 'vega': 0.5651489907950511, 'sigma': 0.2126326984760415, 'moneyness': 0.04}",0,0
2023-03-15 09:30:00,1,1,1,straddle_component,338147,SPXW_3895_CE_20230315,50,9.25,trade,"{'detailed': True, 'instrument_type': 'option', 'underlying': 'SPXW', 'strike': 3895, 'expiry': '2023-03-15', 'dividend_rate': 0.015, 'opt_type': 'CE', 'timestamp': '2023-03-15 09:30:00', 'underlying_spot': 3893.75, 'id': 338147, 'bid': 8.75, 'ask': 9.25, 'mid': 9.0, 'delta': 0.4831692213829619, 'theta': -8.62680863506287, 'gamma': 0.0166263431289337, 'vega': 0.5248289604624139, 'sigma': 0.1820667939068435, 'moneyness': 0.03}",0,0
2023-03-15 09:30:00,2,1,1,straddle_component,378947,SPXW_3895_PE_20230315,50,45.25,trade,"{'detailed': True, 'instrument_type': 'option', 'underlying': 'SPXW', 'strike': 3895, 'expiry': '2023-03-15', 'dividend_rate': 0.015, 'opt_type': 'PE', 'timestamp': '2023-03-15 09:30:00', 'underlying_spot': 3893.75, 'id': 378947, 'bid': 44.0, 'ask': 45.25, 'mid': 44.62, 'delta': -0.4982671724615528, 'theta': -39.81818148191943, 'gamma': 0.0036136641057282, 'vega': 0.5252931790137936, 'sigma': 0.8384209398575475, 'moneyness': -0.03}",0,0
2023-12-20 09:30:00,1,1,1,straddle_component,42280855,SPXW_4810_CE_20231220,50,8.45,trade,"{'detailed': True, 'instrument_type': 'option', 'underlying': 'SPXW', 'strike': 4810, 'expiry': '2023-12-20', 'dividend_rate': 0.015, 'opt_type': 'CE', 'timestamp': '2023-12-20 09:30:00', 'underlying_spot': 4810.75, 'id': 42280855, 'bid': 8.15, 'ask': 8.45, 'mid': 8.3, 'delta': 0.5201114005984664, 'theta': -7.171825317837288, 'gamma': 0.0202282386752017, 'vega': 0.6481787389894511, 'sigma': 0.1210762719010952, 'moneyness': -0.02}",0,0
2023-12-20 09:30:00,2,1,1,straddle_component,42280125,SPXW_4810_PE_20231220,50,8.05,trade,"{'detailed': True, 'instrument_type': 'option', 'underlying': 'SPXW', 'strike': 4810, 'expiry': '2023-12-20', 'dividend_rate': 0.015, 'opt_type': 'PE', 'timestamp': '2023-12-20 09:30:00', 'underlying_spot': 4810.75, 'id': 42280125, 'bid': 7.75, 'ask': 8.05, 'mid': 7.9, 'delta': -0.4809298332940859, 'theta': -7.400292439814931, 'gamma': 0.0190869492922018, 'vega': 0.6482630384892492, 'sigma': 0.1283324058016527, 'moneyness': 0.02}",0,0
2023-02-22 09:30:00,1,1,1,straddle_component,448850,SPXW_4010_CE_20230222,50,16.0,trade,"{'detailed': True, 'instrument_type': 'option', 'underlying': 'SPXW', 'strike': 4010, 'expiry': '2023-02-22', 'dividend_rate': 0.015, 'opt_type': 'CE', 'timestamp': '2023-02-22 09:30:00', 'underlying_spot': 4010.75, 'id': 448850, 'bid': 15.5, 'ask': 16.0, 'mid': 15.75, 'delta': 0.5114572618892588, 'theta': -13.945405942367438, 'gamma': 0.0103824006991715, 'vega': 0.540859029835012, 'sigma': 0.2831913502401076, 'moneyness': -0.02}",0,0
2023-02-22 09:30:00,2,1,1,straddle_component,135083,SPXW_4010_PE_20230222,50,17.0,trade,"{'detailed': True, 'instrument_type': 'option', 'underlying': 'SPXW', 'strike': 4010, 'expiry': '2023-02-22', 'dividend_rate': 0.015, 'opt_type': 'PE', 'timestamp': '2023-02-22 09:30:00', 'underlying_spot': 4010.75, 'id': 135083, 'bid': 16.75, 'ask': 17.0, 'mid': 16.88, 'delta': -0.4893868177221705, 'theta': -15.571807197228935, 'gamma': 0.0091969386417645, 'vega': 0.5408907753025716, 'sigma': 0.3197127350619771, 'moneyness': 0.02}",0,0
2023-06-21 09:30:00,1,1,1,straddle_component,294666,SPXW_4415_CE_20230621,50,13.75,trade,"{'detailed': True, 'instrument_type': 'option', 'underlying': 'SPXW', 'strike': 4415, 'expiry': '2023-06-21', 'dividend_rate': 0.015, 'opt_type': 'CE', 'timestamp': '2023-06-21 09:30:00', 'underlying_spot': 4416.25, 'id': 294666, 'bid': 13.0, 'ask': 13.75, 'mid': 13.38, 'delta': 0.5194517586349257, 'theta': -11.498843539196894, 'gamma': 0.0125314758925298, 'vega': 0.595077895866793, 'sigma': 0.2129167382570963, 'moneyness': -0.03}",0,0
2023-06-21 09:30:00,2,1,1,straddle_component,406008,SPXW_4415_PE_20230621,50,6.75,trade,"{'detailed': True, 'instrument_type': 'option', 'underlying': 'SPXW', 'strike': 4415, 'expiry': '2023-06-21', 'dividend_rate': 0.015, 'opt_type': 'PE', 'timestamp': '2023-06-21 09:30:00', 'underlying_spot': 4416.25, 'id': 406008, 'bid': 6.5, 'ask': 6.75, 'mid': 6.62, 'delta': -0.4678318822833205, 'theta': -6.358827580049786, 'gamma': 0.0217719510331448, 'vega': 0.5938373587499015, 'sigma': 0.1222971716772905, 'moneyness': 0.03}",0,0
2023-05-17 09:30:00,1,1,1,straddle_component,513151,SPXW_4145_CE_20230517,50,8.0,trade,"{'detailed': True, 'instrument_type': 'option', 'underlying': 'SPXW', 'strike': 4145, 'expiry': '2023-05-17', 'dividend_rate': 0.015, 'opt_type': 'CE', 'timestamp': '2023-05-17 09:30:00', 'underlying_spot': 4142.75, 'id': 513151, 'bid': 7.5, 'ask': 8.0, 'mid': 7.75, 'delta': 0.4635016479163756, 'theta': -7.639483901428252, 'gamma': 0.0180525926207764, 'vega': 0.5565396085651915, 'sigma': 0.1570837820264935, 'moneyness': 0.05}",0,0
2023-05-17 09:30:00,2,1,1,straddle_component,535775,SPXW_4145_PE_20230517,50,9.75,trade,"{'detailed': True, 'instrument_type': 'option', 'underlying': 'SPXW', 'strike': 4145, 'expiry': '2023-05-17', 'dividend_rate': 0.015, 'opt_type': 'PE', 'timestamp': '2023-05-17 09:30:00', 'underlying_spot': 4142.75, 'id': 535775, 'bid': 9.0, 'ask': 9.75, 'mid': 9.38, 'delta': -0.5389362406785558, 'theta': -6.970756000781547, 'gamma': 0.0191865630760901, 'vega': 0.5562134382493262, 'sigma': 0.1477138893462396, 'moneyness': -0.05}",0,0
2023-09-27 09:30:00,1,1,1,straddle_component,42125959,SPXW_4330_CE_20230927,50,10.0,trade,"{'detailed': True, 'instrument_type': 'option', 'underlying': 'SPXW', 'strike': 4330, 'expiry': '2023-09-27', 'dividend_rate': 0.015, 'opt_type': 'CE', 'timestamp': '2023-09-27 09:30:00', 'underlying_spot': 4327.75, 'id': 42125959, 'bid': 9.5, 'ask': 10.0, 'mid': 9.75, 'delta': 0.47077084451006, 'theta': -9.52589459092936, 'gamma': 0.0147181458665102, 'vega': 0.5822754794790184, 'sigma': 0.1847137911099234, 'moneyness': 0.05}",0,0
2023-09-27 09:30:00,2,1,1,straddle_component,42154602,SPXW_4330_PE_20230927,50,14.5,trade,"{'detailed': True, 'instrument_type': 'option', 'underlying': 'SPXW', 'strike': 4330, 'expiry': '2023-09-27', 'dividend_rate': 0.015, 'opt_type': 'PE', 'timestamp': '2023-09-27 09:30:00', 'underlying_spot': 4327.75, 'id': 42154602, 'bid': 13.5, 'ask': 14.5, 'mid': 14.0, 'delta': -0.5239985711856576, 'theta': -11.311521641581376, 'gamma': 0.0123171538746191, 'vega': 0.5827890807803815, 'sigma': 0.2209139073560689, 'moneyness': -0.05}",0,0
2023-09-13 09:30:00,1,1,1,straddle_component,42112673,SPXW_4520_CE_20230913,50,0.2,trade,"{'detailed': True, 'instrument_type': 'option', 'underlying': 'SPXW', 'strike': 4520, 'expiry': '2023-09-13', 'dividend_rate': 0.015, 'opt_type': 'CE', 'timestamp': '2023-09-13 09:30:00', 'underlying_spot': 4518.75, 'id': 42112673, 'bid': 0.15, 'ask': 0.2, 'mid': 0.18, 'delta': 0.2303186347091368, 'theta': -0.1922244895112821, 'gamma': 0.2117295029685495, 'vega': 0.3637101319863069, 'sigma': 0.0093924037303257, 'moneyness': 0.03}",0,0
2023-09-13 09:30:00,2,1,1,straddle_component,42111934,SPXW_4520_PE_20230913,50,54.25,trade,"{'detailed': True, 'instrument_type': 'option', 'underlying': 'SPXW', 'strike': 4520, 'expiry': '2023-09-13', 'dividend_rate': 0.015, 'opt_type': 'PE', 'timestamp': '2023-09-13 09:30:00', 'underlying_spot': 4518.75, 'id': 42111934, 'bid': 53.25, 'ask': 54.25, 'mid': 53.75, 'delta': -0.4972861400403872, 'theta': -48.08904667704928, 'gamma': 0.0029929276479379, 'vega': 0.6096015481792243, 'sigma': 0.8722844485495233, 'moneyness': -0.03}",0,0
2023-09-20 09:30:00,1,1,1,straddle_component,42132891,SPXW_4500_CE_20230920,50,16.5,trade,"{'detailed': True, 'instrument_type': 'option', 'underlying': 'SPXW', 'strike': 4500, 'expiry': '2023-09-20', 'dividend_rate': 0.015, 'opt_type': 'CE', 'timestamp': '2023-09-20 09:30:00', 'underlying_spot': 4499.25, 'id': 42132891, 'bid': 16.0, 'ask': 16.5, 'mid': 16.25, 'delta': 0.4964600665925189, 'theta': -15.084526101873946, 'gamma': 0.0096070245092505, 'vega': 0.6069609794712392, 'sigma': 0.2729205329568812, 'moneyness': 0.02}",0,0
2023-09-20 09:30:00,2,1,1,straddle_component,42132917,SPXW_4500_PE_20230920,50,13.0,trade,"{'detailed': True, 'instrument_type': 'option', 'underlying': 'SPXW', 'strike': 4500, 'expiry': '2023-09-20', 'dividend_rate': 0.015, 'opt_type': 'PE', 'timestamp': '2023-09-20 09:30:00', 'underlying_spot': 4499.25, 'id': 42132917, 'bid': 12.5, 'ask': 13.0, 'mid': 12.75, 'delta': -0.5057911071673971, 'theta': -11.136337307993577, 'gamma': 0.0128046954372962, 'vega': 0.6069207622802386, 'sigma': 0.204751546198138, 'moneyness': -0.02}",0,0
2023-01-25 09:30:00,1,1,1,straddle_component,741857,SPXW_3985_CE_20230125,50,16.0,trade,"{'detailed': True, 'instrument_type': 'option', 'underlying': 'SPXW', 'strike': 3985, 'expiry': '2023-01-25', 'dividend_rate': 0.015, 'opt_type': 'CE', 'timestamp': '2023-01-25 09:30:00', 'underlying_spot': 3984.25, 'id': 741857, 'bid': 15.5, 'ask': 16.0, 'mid': 15.75, 'delta': 0.496255609511298, 'theta': -14.625504158803984, 'gamma': 0.0099021642618879, 'vega': 0.537483576231506, 'sigma': 0.2990105372216703, 'moneyness': 0.02}",0,0
2023-01-25 09:30:00,2,1,1,straddle_component,127054,SPXW_3985_PE_20230125,50,13.75,trade,"{'detailed': True, 'instrument_type': 'option', 'underlying': 'SPXW', 'strike': 3985, 'expiry': '2023-01-25', 'dividend_rate': 0.015, 'opt_type': 'PE', 'timestamp': '2023-01-25 09:30:00', 'underlying_spot': 3984.25, 'id': 127054, 'bid': 13.25, 'ask': 13.75, 'mid': 13.5, 'delta': -0.505376989774664, 'theta': -11.823322150672183, 'gamma': 0.0120821474602905, 'vega': 0.5374583529172972, 'sigma': 0.245048565933433, 'moneyness': -0.02}",0,0
2023-08-16 09:30:00,1,1,1,straddle_component,4209034,SPXW_4450_CE_20230816,50,10.5,trade,"{'detailed': True, 'instrument_type': 'option', 'underlying': 'SPXW', 'strike': 4450, 'expiry': '2023-08-16', 'dividend_rate': 0.015, 'opt_type': 'CE', 'timestamp': '2023-08-16 09:30:00', 'underlying_spot': 4449.75, 'id': 4209034, 'bid': 10.25, 'ask': 10.5, 'mid': 10.38, 'delta': 0.50022531532532, 'theta': -9.555601191063454, 'gamma': 0.015238650501459, 'vega': 0.6003069006511517, 'sigma': 0.1739803532700438, 'moneyness': 0.01}",0,0
2023-08-16 09:30:00,2,1,1,straddle_component,4235662,SPXW_4450_PE_20230816,50,12.5,trade,"{'detailed': True, 'instrument_type': 'option', 'underlying': 'SPXW', 'strike': 4450, 'expiry': '2023-08-16', 'dividend_rate': 0.015, 'opt_type': 'PE', 'timestamp': '2023-08-16 09:30:00', 'underlying_spot': 4449.75, 'id': 4235662, 'bid': 12.25, 'ask': 12.5, 'mid': 12.38, 'delta': -0.499422075518563, 'theta': -11.057630773060248, 'gamma': 0.0129334815746062, 'vega': 0.6003063692093136, 'sigma': 0.2049891597842179, 'moneyness': -0.01}",0,0
2023-03-29 09:30:00,1,1,1,straddle_component,103337,SPXW_4040_CE_20230329,50,14.0,trade,"{'detailed': True, 'instrument_type': 'option', 'underlying': 'SPXW', 'strike': 4040, 'expiry': '2023-03-29', 'dividend_rate': 0.015, 'opt_type': 'CE', 'timestamp': '2023-03-29 09:30:00', 'underlying_spot': 4041.75, 'id': 103337, 'bid': 13.5, 'ask': 14.0, 'mid': 13.75, 'delta': 0.5254399878245053, 'theta': -11.5150563254755, 'gamma': 0.0124025694248075, 'vega': 0.5441537418019546, 'sigma': 0.2348643789013016, 'moneyness': -0.04}",0,0
2023-03-29 09:30:00,2,1,1,straddle_component,784005,SPXW_4040_PE_20230329,50,9.75,trade,"{'detailed': True, 'instrument_type': 'option', 'underlying': 'SPXW', 'strike': 4040, 'expiry': '2023-03-29', 'dividend_rate': 0.015, 'opt_type': 'PE', 'timestamp': '2023-03-29 09:30:00', 'underlying_spot': 4041.75, 'id': 784005, 'bid': 9.25, 'ask': 9.75, 'mid': 9.5, 'delta': -0.4693522147721118, 'theta': -9.129906054036631, 'gamma': 0.0152553383792053, 'vega': 0.5436506785398727, 'sigma': 0.1907686855001375, 'moneyness': 0.04}",0,0
2023-07-19 09:30:00,1,1,1,straddle_component,4104919,SPXW_4600_CE_20230719,50,6.5,trade,"{'detailed': True, 'instrument_type': 'option', 'underlying': 'SPXW', 'strike': 4600, 'expiry': '2023-07-19', 'dividend_rate': 0.015, 'opt_type': 'CE', 'timestamp': '2023-07-19 09:30:00', 'underlying_spot': 4599.0, 'id': 4104919, 'bid': 6.25, 'ask': 6.5, 'mid': 6.38, 'delta': 0.4819072008991121, 'theta': -6.154759829358298, 'gamma': 0.0233545810424118, 'vega': 0.61979807038675, 'sigma': 0.1097235497282032, 'moneyness': 0.02}",0,0
2023-07-19 09:30:00,2,1,1,straddle_component,4103030,SPXW_4600_PE_20230719,50,11.5,trade,"{'detailed': True, 'instrument_type': 'option', 'underlying': 'SPXW', 'strike': 4600, 'expiry': '2023-07-19', 'dividend_rate': 0.015, 'opt_type': 'PE', 'timestamp': '2023-07-19 09:30:00', 'underlying_spot': 4599.0, 'id': 4103030, 'bid': 11.0, 'ask': 11.5, 'mid': 11.25, 'delta': -0.5106984650994129, 'theta': -9.622861211066876, 'gamma': 0.0147298992736466, 'vega': 0.620218005579436, 'sigma': 0.1740856071016369, 'moneyness': -0.02}",0,0
2023-02-01 09:30:00,1,1,1,straddle_component,188949,SPXW_4080_CE_20230201,50,25.5,trade,"{'detailed': True, 'instrument_type': 'option', 'underlying': 'SPXW', 'strike': 4080, 'expiry': '2023-02-01', 'dividend_rate': 0.015, 'opt_type': 'CE', 'timestamp': '2023-02-01 09:30:00', 'underlying_spot': 4078.5, 'id': 188949, 'bid': 25.0, 'ask': 25.5, 'mid': 25.25, 'delta': 0.4950342227679982, 'theta': -23.53448387944243, 'gamma': 0.0061352211844223, 'vega': 0.5501797192523235, 'sigma': 0.4714308498116722, 'moneyness': 0.04}",0,0
2023-02-01 09:30:00,2,1,1,straddle_component,360096,SPXW_4080_PE_20230201,50,27.5,trade,"{'detailed': True, 'instrument_type': 'option', 'underlying': 'SPXW', 'strike': 4080, 'expiry': '2023-02-01', 'dividend_rate': 0.015, 'opt_type': 'PE', 'timestamp': '2023-02-01 09:30:00', 'underlying_spot': 4078.5, 'id': 360096, 'bid': 27.0, 'ask': 27.5, 'mid': 27.25, 'delta': -0.5047071200626974, 'theta': -23.911365727215195, 'gamma': 0.0059960512643897, 'vega': 0.5501840487194514, 'sigma': 0.482376677225706, 'moneyness': -0.04}",0,0
2023-04-19 09:30:00,1,1,1,straddle_component,427509,SPXW_4160_CE_20230419,50,9.25,trade,"{'detailed': True, 'instrument_type': 'option', 'underlying': 'SPXW', 'strike': 4160, 'expiry': '2023-04-19', 'dividend_rate': 0.015, 'opt_type': 'CE', 'timestamp': '2023-04-19 09:30:00', 'underlying_spot': 4162.0, 'id': 427509, 'bid': 8.75, 'ask': 9.25, 'mid': 9.0, 'delta': 0.5446655506383458, 'theta': -6.905160779291686, 'gamma': 0.0200057859878199, 'vega': 0.557947413245313, 'sigma': 0.1407963015800887, 'moneyness': -0.05}",0,0
2023-04-19 09:30:00,2,1,1,straddle_component,710805,SPXW_4160_PE_20230419,50,10.75,trade,"{'detailed': True, 'instrument_type': 'option', 'underlying': 'SPXW', 'strike': 4160, 'expiry': '2023-04-19', 'dividend_rate': 0.015, 'opt_type': 'PE', 'timestamp': '2023-04-19 09:30:00', 'underlying_spot': 4162.0, 'id': 710805, 'bid': 10.25, 'ask': 10.75, 'mid': 10.5, 'delta': -0.4685960548203027, 'theta': -10.10678325161014, 'gamma': 0.0137671611710743, 'vega': 0.5597429103179934, 'sigma': 0.2052520536989855, 'moneyness': 0.05}",0,0
2023-11-01 09:30:00,1,1,1,straddle_component,42194999,SPXW_4220_CE_20231101,50,18.0,trade,"{'detailed': True, 'instrument_type': 'option', 'underlying': 'SPXW', 'strike': 4220, 'expiry': '2023-11-01', 'dividend_rate': 0.015, 'opt_type': 'CE', 'timestamp': '2023-11-01 09:30:00', 'underlying_spot': 4219.5, 'id': 42194999, 'bid': 17.75, 'ask': 18.0, 'mid': 17.88, 'delta': 0.4993061593815184, 'theta': -16.45867525729187, 'gamma': 0.008807179696646, 'vega': 0.5692435531296827, 'sigma': 0.3174562930241612, 'moneyness': 0.01}",0,0
2023-11-01 09:30:00,2,1,1,straddle_component,42209459,SPXW_4220_PE_20231101,50,16.75,trade,"{'detailed': True, 'instrument_type': 'option', 'underlying': 'SPXW', 'strike': 4220, 'expiry': '2023-11-01', 'dividend_rate': 0.015, 'opt_type': 'PE', 'timestamp': '2023-11-01 09:30:00', 'underlying_spot': 4219.5, 'id': 42209459, 'bid': 16.25, 'ask': 16.75, 'mid': 16.5, 'delta': -0.5012112321113094, 'theta': -14.677017576859177, 'gamma': 0.0097630653428382, 'vega': 0.5692417831355128, 'sigma': 0.2863737765021584, 'moneyness': -0.01}",0,0
2023-06-07 09:30:00,1,1,1,straddle_component,750077,SPXW_4295_CE_20230607,50,7.5,trade,"{'detailed': True, 'instrument_type': 'option', 'underlying': 'SPXW', 'strike': 4295, 'expiry': '2023-06-07', 'dividend_rate': 0.015, 'opt_type': 'CE', 'timestamp': '2023-06-07 09:30:00', 'underlying_spot': 4295.25, 'id': 750077, 'bid': 7.0, 'ask': 7.5, 'mid': 7.25, 'delta': 0.510529614912425, 'theta': -6.493019846470618, 'gamma': 0.0225028163924889, 'vega': 0.5792607030764199, 'sigma': 0.1220128831661958, 'moneyness': -0.01}",0,0
2023-06-07 09:30:00,2,1,1,straddle_component,222079,SPXW_4295_PE_20230607,50,9.75,trade,"{'detailed': True, 'instrument_type': 'option', 'underlying': 'SPXW', 'strike': 4295, 'expiry': '2023-06-07', 'dividend_rate': 0.015, 'opt_type': 'PE', 'timestamp': '2023-06-07 09:30:00', 'underlying_spot': 4295.25, 'id': 222079, 'bid': 9.25, 'ask': 9.75, 'mid': 9.5, 'delta': -0.4917821950126466, 'theta': -8.678933358279277, 'gamma': 0.0164410111480606, 'vega': 0.5793404394387869, 'sigma': 0.1670218167467516, 'moneyness': 0.01}",0,0
2023-12-27 09:30:00,1,1,1,straddle_component,42245916,SPXW_4820_CE_20231227,50,8.6,trade,"{'detailed': True, 'instrument_type': 'option', 'underlying': 'SPXW', 'strike': 4820, 'expiry': '2023-12-27', 'dividend_rate': 0.015, 'opt_type': 'CE', 'timestamp': '2023-12-27 09:30:00', 'underlying_spot': 4822.0, 'id': 42245916, 'bid': 8.4, 'ask': 8.6, 'mid': 8.5, 'delta': 0.5480940110812682, 'theta': -6.437040396444629, 'gamma': 0.0213710071150785, 'vega': 0.645758184903912, 'sigma': 0.1136472398279732, 'moneyness': -0.04}",0,0
2023-12-27 09:30:00,2,1,1,straddle_component,42275365,SPXW_4820_PE_20231227,50,6.65,trade,"{'detailed': True, 'instrument_type': 'option', 'underlying': 'SPXW', 'strike': 4820, 'expiry': '2023-12-27', 'dividend_rate': 0.015, 'opt_type': 'PE', 'timestamp': '2023-12-27 09:30:00', 'underlying_spot': 4822.0, 'id': 42275365, 'bid': 6.4, 'ask': 6.65, 'mid': 6.52, 'delta': -0.4528070961250297, 'theta': -6.373907614649824, 'gamma': 0.0209610498647094, 'vega': 0.6459367572270951, 'sigma': 0.1159015187070028, 'moneyness': 0.04}",0,0
2023-03-08 09:30:00,1,1,1,straddle_component,775796,SPXW_3995_CE_20230308,50,11.5,trade,"{'detailed': True, 'instrument_type': 'option', 'underlying': 'SPXW', 'strike': 3995, 'expiry': '2023-03-08', 'dividend_rate': 0.015, 'opt_type': 'CE', 'timestamp': '2023-03-08 09:30:00', 'underlying_spot': 3994.25, 'id': 775796, 'bid': 11.25, 'ask': 11.5, 'mid': 11.38, 'delta': 0.4935534180880552, 'theta': -10.64867101247494, 'gamma': 0.0136054317678713, 'vega': 0.5387858150972269, 'sigma': 0.2170591608021803, 'moneyness': 0.02}",0,0
2023-03-08 09:30:00,2,1,1,straddle_component,519561,SPXW_3995_PE_20230308,50,16.5,trade,"{'detailed': True, 'instrument_type': 'option', 'underlying': 'SPXW', 'strike': 3995, 'expiry': '2023-03-08', 'dividend_rate': 0.015, 'opt_type': 'PE', 'timestamp': '2023-03-08 09:30:00', 'underlying_spot': 3994.25, 'id': 519561, 'bid': 16.0, 'ask': 16.5, 'mid': 16.25, 'delta': -0.5038183106163885, 'theta': -14.322301216984416, 'gamma': 0.0099954815979685, 'vega': 0.5388316479132804, 'sigma': 0.2954769182310955, 'moneyness': -0.02}",0,0
2023-05-10 09:30:00,1,1,1,straddle_component,402046,SPXW_4165_CE_20230510,50,10.5,trade,"{'detailed': True, 'instrument_type': 'option', 'underlying': 'SPXW', 'strike': 4165, 'expiry': '2023-05-10', 'dividend_rate': 0.015, 'opt_type': 'CE', 'timestamp': '2023-05-10 09:30:00', 'underlying_spot': 4164.25, 'id': 402046, 'bid': 10.0, 'ask': 10.5, 'mid': 10.25, 'delta': 0.4926226300355552, 'theta': -9.626184330616857, 'gamma': 0.0150559663580907, 'vega': 0.5616943265453109, 'sigma': 0.1881320106187046, 'moneyness': 0.02}",0,0
2023-05-10 09:30:00,2,1,1,straddle_component,668767,SPXW_4165_PE_20230510,50,12.5,trade,"{'detailed': True, 'instrument_type': 'option', 'underlying': 'SPXW', 'strike': 4165, 'expiry': '2023-05-10', 'dividend_rate': 0.015, 'opt_type': 'PE', 'timestamp': '2023-05-10 09:30:00', 'underlying_spot': 4164.25, 'id': 668767, 'bid': 12.0, 'ask': 12.5, 'mid': 12.25, 'delta': -0.5062325621227437, 'theta': -10.684714341225224, 'gamma': 0.0133461748141883, 'vega': 0.5617219697996143, 'sigma': 0.2122441830102794, 'moneyness': -0.02}",0,0
2023-08-23 09:30:00,1,1,1,straddle_component,42130552,SPXW_4415_CE_20230823,50,9.0,trade,"{'detailed': True, 'instrument_type': 'option', 'underlying': 'SPXW', 'strike': 4415, 'expiry': '2023-08-23', 'dividend_rate': 0.015, 'opt_type': 'CE', 'timestamp': '2023-08-23 09:30:00', 'underlying_spot': 4414.25, 'id': 42130552, 'bid': 8.5, 'ask': 9.0, 'mid': 8.75, 'delta': 0.4911319135472602, 'theta': -8.261465049565105, 'gamma': 0.0175515228839628, 'vega': 0.595369836217464, 'sigma': 0.152231083187019, 'moneyness': 0.02}",0,0
2023-08-23 09:30:00,2,1,1,straddle_component,42127281,SPXW_4415_PE_20230823,50,13.5,trade,"{'detailed': True, 'instrument_type': 'option', 'underlying': 'SPXW', 'strike': 4415, 'expiry': '2023-08-23', 'dividend_rate': 0.015, 'opt_type': 'PE', 'timestamp': '2023-08-23 09:30:00', 'underlying_spot': 4414.25, 'id': 42127281, 'bid': 13.0, 'ask': 13.5, 'mid': 13.25, 'delta': -0.505475318422377, 'theta': -11.59187297820854, 'gamma': 0.0123105836991044, 'vega': 0.5954614873719031, 'sigma': 0.217073064680685, 'moneyness': -0.02}",0,0
2023-06-28 09:30:00,1,1,1,straddle_component,4143510,SPXW_4405_CE_20230628,50,9.5,trade,"{'detailed': True, 'instrument_type': 'option', 'underlying': 'SPXW', 'strike': 4405, 'expiry': '2023-06-28', 'dividend_rate': 0.015, 'opt_type': 'CE', 'timestamp': '2023-06-28 09:30:00', 'underlying_spot': 4406.25, 'id': 4143510, 'bid': 8.75, 'ask': 9.5, 'mid': 9.12, 'delta': 0.5280501706183216, 'theta': -7.597852644840243, 'gamma': 0.0188354936270229, 'vega': 0.5929617015424453, 'sigma': 0.1417949953125172, 'moneyness': -0.03}",0,0
2023-06-28 09:30:00,2,1,1,straddle_component,4145513,SPXW_4405_PE_20230628,50,8.25,trade,"{'detailed': True, 'instrument_type': 'option', 'underlying': 'SPXW', 'strike': 4405, 'expiry': '2023-06-28', 'dividend_rate': 0.015, 'opt_type': 'PE', 'timestamp': '2023-06-28 09:30:00', 'underlying_spot': 4406.25, 'id': 4145513, 'bid': 7.75, 'ask': 8.25, 'mid': 8.0, 'delta': -0.4726593440265159, 'theta': -7.630707569498273, 'gamma': 0.0183251536522988, 'vega': 0.5930358685869059, 'sigma': 0.1457619194608676, 'moneyness': 0.03}",0,0
2023-11-29 09:30:00,1,1,1,straddle_component,42211391,SPXW_4585_CE_20231129,50,8.35,trade,"{'detailed': True, 'instrument_type': 'option', 'underlying': 'SPXW', 'strike': 4585, 'expiry': '2023-11-29', 'dividend_rate': 0.015, 'opt_type': 'CE', 'timestamp': '2023-11-29 09:30:00', 'underlying_spot': 4585.5, 'id': 42211391, 'bid': 8.15, 'ask': 8.35, 'mid': 8.25, 'delta': 0.5147646918312709, 'theta': -7.270360212592932, 'gamma': 0.0200322825172349, 'vega': 0.6181947611510901, 'sigma': 0.1283416199214158, 'moneyness': -0.01}",0,0
2023-11-29 09:30:00,2,1,1,straddle_component,42199530,SPXW_4585_PE_20231129,50,8.05,trade,"{'detailed': True, 'instrument_type': 'option', 'underlying': 'SPXW', 'strike': 4585, 'expiry': '2023-11-29', 'dividend_rate': 0.015, 'opt_type': 'PE', 'timestamp': '2023-11-29 09:30:00', 'underlying_spot': 4585.5, 'id': 42199530, 'bid': 7.75, 'ask': 8.05, 'mid': 7.9, 'delta': -0.485655108198646, 'theta': -7.31944580539413, 'gamma': 0.0193860929798006, 'vega': 0.6182187985067609, 'sigma': 0.1326246794159094, 'moneyness': 0.01}",0,0
2023-04-13 09:30:00,1,1,1,straddle_component,40559,SPXW_4130_CE_20230413,50,10.5,trade,"{'detailed': True, 'instrument_type': 'option', 'underlying': 'SPXW', 'strike': 4130, 'expiry': '2023-04-13', 'dividend_rate': 0.015, 'opt_type': 'CE', 'timestamp': '2023-04-13 09:30:00', 'underlying_spot': 4129.5, 'id': 40559, 'bid': 10.0, 'ask': 10.5, 'mid': 10.25, 'delta': 0.4963027031915423, 'theta': -9.53721576093045, 'gamma': 0.0152341771020303, 'vega': 0.5570786575586757, 'sigma': 0.1875198044283249, 'moneyness': 0.01}",0,0
2023-04-13 09:30:00,2,1,1,straddle_component,641187,SPXW_4130_PE_20230413,50,10.25,trade,"{'detailed': True, 'instrument_type': 'option', 'underlying': 'SPXW', 'strike': 4130, 'expiry': '2023-04-13', 'dividend_rate': 0.015, 'opt_type': 'PE', 'timestamp': '2023-04-13 09:30:00', 'underlying_spot': 4129.5, 'id': 641187, 'bid': 9.75, 'ask': 10.25, 'mid': 10.0, 'delta': -0.5041029858537271, 'theta': -8.777025532534322, 'gamma': 0.0162391850366816, 'vega': 0.5570730831649593, 'sigma': 0.1759128624133625, 'moneyness': -0.01}",0,0
2023-09-14 09:30:00,1,1,1,straddle_component,42092103,SPXW_4540_CE_20230914,50,0.1,trade,"{'detailed': True, 'instrument_type': 'option', 'underlying': 'SPXW', 'strike': 4540, 'expiry': '2023-09-14', 'dividend_rate': 0.015, 'opt_type': 'CE', 'timestamp': '2023-09-14 09:30:00', 'underlying_spot': 4538.0, 'id': 42092103, 'bid': 0.05, 'ask': 0.1, 'mid': 0.08, 'delta': 0.1142768032072728, 'theta': -0.0835134242420561, 'gamma': 0.1287019724945104, 'vega': 0.2579528111729335, 'sigma': 0.0097836277316116, 'moneyness': 0.04}",0,0
2023-09-14 09:30:00,2,1,1,straddle_component,42094318,SPXW_4540_PE_20230914,50,48.0,trade,"{'detailed': True, 'instrument_type': 'option', 'underlying': 'SPXW', 'strike': 4540, 'expiry': '2023-09-14', 'dividend_rate': 0.015, 'opt_type': 'PE', 'timestamp': '2023-09-14 09:30:00', 'underlying_spot': 4538.0, 'id': 42094318, 'bid': 46.25, 'ask': 48.0, 'mid': 47.12, 'delta': -0.5011460886517938, 'theta': -41.69515962845275, 'gamma': 0.0034472719079303, 'vega': 0.6122100961093757, 'sigma': 0.7541200387734657, 'moneyness': -0.04}",0,0
2023-05-18 09:30:00,1,1,1,straddle_component,312150,SPXW_4165_CE_20230518,50,10.75,trade,"{'detailed': True, 'instrument_type': 'option', 'underlying': 'SPXW', 'strike': 4165, 'expiry': '2023-05-18', 'dividend_rate': 0.015, 'opt_type': 'CE', 'timestamp': '2023-05-18 09:30:00', 'underlying_spot': 4167.5, 'id': 312150, 'bid': 10.25, 'ask': 10.75, 'mid': 10.5, 'delta': 0.5475815192985678, 'theta': -7.909201259595081, 'gamma': 0.0172854142732603, 'vega': 0.5582111691835632, 'sigma': 0.1626009699859575, 'moneyness': -0.06}",0,0
2023-05-18 09:30:00,2,1,1,straddle_component,99867,SPXW_4165_PE_20230518,50,8.75,trade,"{'detailed': True, 'instrument_type': 'option', 'underlying': 'SPXW', 'strike': 4165, 'expiry': '2023-05-18', 'dividend_rate': 0.015, 'opt_type': 'PE', 'timestamp': '2023-05-18 09:30:00', 'underlying_spot': 4167.5, 'id': 99867, 'bid': 8.25, 'ask': 8.75, 'mid': 8.5, 'delta': -0.4552329625461482, 'theta': -8.309045951409233, 'gamma': 0.0162206341514092, 'vega': 0.5586745416687515, 'sigma': 0.1734174935517676, 'moneyness': 0.06}",0,0
2023-04-20 09:30:00,1,1,1,straddle_component,248872,SPXW_4150_CE_20230420,50,8.25,trade,"{'detailed': True, 'instrument_type': 'option', 'underlying': 'SPXW', 'strike': 4150, 'expiry': '2023-04-20', 'dividend_rate': 0.015, 'opt_type': 'CE', 'timestamp': '2023-04-20 09:30:00', 'underlying_spot': 4148.0, 'id': 248872, 'bid': 7.75, 'ask': 8.25, 'mid': 8.0, 'delta': 0.4685322438628958, 'theta': -7.844151923220087, 'gamma': 0.0177987658744882, 'vega': 0.5578494223836135, 'sigma': 0.1592941761507644, 'moneyness': 0.05}",0,0
2023-04-20 09:30:00,2,1,1,straddle_component,218351,SPXW_4150_PE_20230420,50,12.0,trade,"{'detailed': True, 'instrument_type': 'option', 'underlying': 'SPXW', 'strike': 4150, 'expiry': '2023-04-20', 'dividend_rate': 0.015, 'opt_type': 'PE', 'timestamp': '2023-04-20 09:30:00', 'underlying_spot': 4148.0, 'id': 218351, 'bid': 11.5, 'ask': 12.0, 'mid': 11.75, 'delta': -0.5256372948371002, 'theta': -9.405729259927138, 'gamma': 0.0147427352992224, 'vega': 0.5584391608847552, 'sigma': 0.1925163303188335, 'moneyness': -0.05}",0,0
2023-08-10 09:30:00,1,1,1,straddle_component,4220801,SPXW_4510_CE_20230810,50,12.5,trade,"{'detailed': True, 'instrument_type': 'option', 'underlying': 'SPXW', 'strike': 4510, 'expiry': '2023-08-10', 'dividend_rate': 0.015, 'opt_type': 'CE', 'timestamp': '2023-08-10 09:30:00', 'underlying_spot': 4510.5, 'id': 4220801, 'bid': 12.0, 'ask': 12.5, 'mid': 12.25, 'delta': 0.5105231541074673, 'theta': -10.90406304523666, 'gamma': 0.0133226109966244, 'vega': 0.6082905395741882, 'sigma': 0.1962533200067803, 'moneyness': -0.01}",0,0
2023-08-10 09:30:00,2,1,1,straddle_component,4219983,SPXW_4510_PE_20230810,50,14.0,trade,"{'detailed': True, 'instrument_type': 'option', 'underlying': 'SPXW', 'strike': 4510, 'expiry': '2023-08-10', 'dividend_rate': 0.015, 'opt_type': 'PE', 'timestamp': '2023-08-10 09:30:00', 'underlying_spot': 4510.5, 'id': 4219983, 'bid': 13.5, 'ask': 14.0, 'mid': 13.75, 'delta': -0.4906256699307221, 'theta': -12.633324142130732, 'gamma': 0.0113201317830657, 'vega': 0.6083344441322733, 'sigma': 0.2309862088834179, 'moneyness': 0.01}",0,0
2023-03-09 09:30:00,1,1,1,straddle_component,565132,SPXW_4000_CE_20230309,50,13.25,trade,"{'detailed': True, 'instrument_type': 'option', 'underlying': 'SPXW', 'strike': 4000, 'expiry': '2023-03-09', 'dividend_rate': 0.015, 'opt_type': 'CE', 'timestamp': '2023-03-09 09:30:00', 'underlying_spot': 4002.0, 'id': 565132, 'bid': 13.0, 'ask': 13.25, 'mid': 13.12, 'delta': 0.5301313969201971, 'theta': -10.762437082163029, 'gamma': 0.0131710602602197, 'vega': 0.5383584717290706, 'sigma': 0.2231739105281452, 'moneyness': -0.05}",0,0
2023-03-09 09:30:00,2,1,1,straddle_component,367479,SPXW_4000_PE_20230309,50,10.75,trade,"{'detailed': True, 'instrument_type': 'option', 'underlying': 'SPXW', 'strike': 4000, 'expiry': '2023-03-09', 'dividend_rate': 0.015, 'opt_type': 'PE', 'timestamp': '2023-03-09 09:30:00', 'underlying_spot': 4002.0, 'id': 367479, 'bid': 10.25, 'ask': 10.75, 'mid': 10.5, 'delta': -0.4686291664355302, 'theta': -10.108190463007832, 'gamma': 0.013769378224282, 'vega': 0.5382285040283579, 'sigma': 0.213425062210502, 'moneyness': 0.05}",0,0
2023-08-24 09:30:00,1,1,1,straddle_component,42132278,SPXW_4465_CE_20230824,50,10.25,trade,"{'detailed': True, 'instrument_type': 'option', 'underlying': 'SPXW', 'strike': 4465, 'expiry': '2023-08-24', 'dividend_rate': 0.015, 'opt_type': 'CE', 'timestamp': '2023-08-24 09:30:00', 'underlying_spot': 4463.0, 'id': 42132278, 'bid': 9.75, 'ask': 10.25, 'mid': 10.0, 'delta': 0.4748320218873836, 'theta': -9.71812221304753, 'gamma': 0.0145509540949717, 'vega': 0.6008919741359549, 'sigma': 0.1813003572315059, 'moneyness': 0.04}",0,0
2023-08-24 09:30:00,2,1,1,straddle_component,42132288,SPXW_4465_PE_20230824,50,11.75,trade,"{'detailed': True, 'instrument_type': 'option', 'underlying': 'SPXW', 'strike': 4465, 'expiry': '2023-08-24', 'dividend_rate': 0.015, 'opt_type': 'PE', 'timestamp': '2023-08-24 09:30:00', 'underlying_spot': 4463.0, 'id': 42132288, 'bid': 11.5, 'ask': 11.75, 'mid': 11.62, 'delta': -0.5258499596774158, 'theta': -9.28621248349116, 'gamma': 0.0149095894741435, 'vega': 0.6008257043192966, 'sigma': 0.1769199632359593, 'moneyness': -0.04}",0,0
2023-10-05 09:30:00,1,1,1,straddle_component,42155236,SPXW_4290_CE_20231005,50,14.0,trade,"{'detailed': True, 'instrument_type': 'option', 'underlying': 'SPXW', 'strike': 4290, 'expiry': '2023-10-05', 'dividend_rate': 0.015, 'opt_type': 'CE', 'timestamp': '2023-10-05 09:30:00', 'underlying_spot': 4290.5, 'id': 42155236, 'bid': 13.75, 'ask': 14.0, 'mid': 13.88, 'delta': 0.5095682702270565, 'theta': -12.377002828795854, 'gamma': 0.0117247585862401, 'vega': 0.5786561988854295, 'sigma': 0.2344473956498515, 'moneyness': -0.01}",0,0
2023-10-05 09:30:00,2,1,1,straddle_component,42110799,SPXW_4290_PE_20231005,50,13.25,trade,"{'detailed': True, 'instrument_type': 'option', 'underlying': 'SPXW', 'strike': 4290, 'expiry': '2023-10-05', 'dividend_rate': 0.015, 'opt_type': 'PE', 'timestamp': '2023-10-05 09:30:00', 'underlying_spot': 4290.5, 'id': 42110799, 'bid': 12.75, 'ask': 13.25, 'mid': 13.0, 'delta': -0.4903022486878683, 'theta': -11.954710524863708, 'gamma': 0.0119605696369262, 'vega': 0.5786516446810133, 'sigma': 0.2298234743810086, 'moneyness': 0.01}",0,0
2023-02-09 09:30:00,1,1,1,straddle_component,364297,SPXW_4165_CE_20230209,50,14.75,trade,"{'detailed': True, 'instrument_type': 'option', 'underlying': 'SPXW', 'strike': 4165, 'expiry': '2023-02-09', 'dividend_rate': 0.015, 'opt_type': 'CE', 'timestamp': '2023-02-09 09:30:00', 'underlying_spot': 4163.0, 'id': 364297, 'bid': 14.5, 'ask': 14.75, 'mid': 14.62, 'delta': 0.4832070118275133, 'theta': -13.99093339611591, 'gamma': 0.0102251671130204, 'vega': 0.5611236844198144, 'sigma': 0.2768985060266202, 'moneyness': 0.05}",0,0
2023-02-09 09:30:00,2,1,1,straddle_component,363194,SPXW_4165_PE_20230209,50,14.5,trade,"{'detailed': True, 'instrument_type': 'option', 'underlying': 'SPXW', 'strike': 4165, 'expiry': '2023-02-09', 'dividend_rate': 0.015, 'opt_type': 'PE', 'timestamp': '2023-02-09 09:30:00', 'underlying_spot': 4163.0, 'id': 363194, 'bid': 14.0, 'ask': 14.5, 'mid': 14.25, 'delta': -0.5202581016209962, 'theta': -11.72416857240006, 'gamma': 0.0119710147217233, 'vega': 0.5608963727293848, 'sigma': 0.2364202237175423, 'moneyness': -0.05}",0,0
2023-07-27 09:30:00,1,1,1,straddle_component,4153849,SPXW_4625_CE_20230727,50,11.25,trade,"{'detailed': True, 'instrument_type': 'option', 'underlying': 'SPXW', 'strike': 4625, 'expiry': '2023-07-27', 'dividend_rate': 0.015, 'opt_type': 'CE', 'timestamp': '2023-07-27 09:30:00', 'underlying_spot': 4626.25, 'id': 4153849, 'bid': 10.75, 'ask': 11.25, 'mid': 11.0, 'delta': 0.5234246285559685, 'theta': -9.325581799666766, 'gamma': 0.0154187026346619, 'vega': 0.623038495757803, 'sigma': 0.1651034020824141, 'moneyness': -0.03}",0,0
2023-07-27 09:30:00,2,1,1,straddle_component,4154700,SPXW_4625_PE_20230727,50,7.0,trade,"{'detailed': True, 'instrument_type': 'option', 'underlying': 'SPXW', 'strike': 4625, 'expiry': '2023-07-27', 'dividend_rate': 0.015, 'opt_type': 'PE', 'timestamp': '2023-07-27 09:30:00', 'underlying_spot': 4626.25, 'id': 4154700, 'bid': 6.5, 'ask': 7.0, 'mid': 6.75, 'delta': -0.4682051311218238, 'theta': -6.472945779792648, 'gamma': 0.0213982818664248, 'vega': 0.6221216932008029, 'sigma': 0.1187933756076066, 'moneyness': 0.03}",0,0
2023-07-06 09:30:00,1,1,1,straddle_component,4187244,SPXW_4445_CE_20230706,50,9.75,trade,"{'detailed': True, 'instrument_type': 'option', 'underlying': 'SPXW', 'strike': 4445, 'expiry': '2023-07-06', 'dividend_rate': 0.015, 'opt_type': 'CE', 'timestamp': '2023-07-06 09:30:00', 'underlying_spot': 4444.25, 'id': 4187244, 'bid': 9.5, 'ask': 9.75, 'mid': 9.62, 'delta': 0.4921144173157366, 'theta': -9.059468522558085, 'gamma': 0.0160075663835357, 'vega': 0.5994473205073678, 'sigma': 0.1657958608566642, 'moneyness': 0.02}",0,0
2023-07-06 09:30:00,2,1,1,straddle_component,4187758,SPXW_4445_PE_20230706,50,11.0,trade,"{'detailed': True, 'instrument_type': 'option', 'underlying': 'SPXW', 'strike': 4445, 'expiry': '2023-07-06', 'dividend_rate': 0.015, 'opt_type': 'PE', 'timestamp': '2023-07-06 09:30:00', 'underlying_spot': 4444.25, 'id': 4187758, 'bid': 10.5, 'ask': 11.0, 'mid': 10.75, 'delta': -0.5074108510596531, 'theta': -9.316602880502272, 'gamma': 0.0152611042025796, 'vega': 0.5994610965091409, 'sigma': 0.1739093562408041, 'moneyness': -0.02}",0,0
2023-06-29 09:30:00,1,1,1,straddle_component,305712,SPXW_4410_CE_20230629,50,11.5,trade,"{'detailed': True, 'instrument_type': 'option', 'underlying': 'SPXW', 'strike': 4410, 'expiry': '2023-06-29', 'dividend_rate': 0.015, 'opt_type': 'CE', 'timestamp': '2023-06-29 09:30:00', 'underlying_spot': 4412.25, 'id': 305712, 'bid': 11.0, 'ask': 11.5, 'mid': 11.25, 'delta': 0.5397425477434048, 'theta': -8.827248194116535, 'gamma': 0.0157914858256447, 'vega': 0.5922820436341114, 'sigma': 0.1684756215324153, 'moneyness': -0.05}",0,0
2023-06-29 09:30:00,2,1,1,straddle_component,592678,SPXW_4410_PE_20230629,50,7.25,trade,"{'detailed': True, 'instrument_type': 'option', 'underlying': 'SPXW', 'strike': 4410, 'expiry': '2023-06-29', 'dividend_rate': 0.015, 'opt_type': 'PE', 'timestamp': '2023-06-29 09:30:00', 'underlying_spot': 4412.25, 'id': 592678, 'bid': 7.0, 'ask': 7.25, 'mid': 7.12, 'delta': -0.4521930559216791, 'theta': -6.973967902857275, 'gamma': 0.0191438121177611, 'vega': 0.5909475369191415, 'sigma': 0.1386629646791771, 'moneyness': 0.05}",0,0
2023-09-07 09:30:00,1,1,1,straddle_component,42058479,SPXW_4440_CE_20230907,50,9.25,trade,"{'detailed': True, 'instrument_type': 'option', 'underlying': 'SPXW', 'strike': 4440, 'expiry': '2023-09-07', 'dividend_rate': 0.015, 'opt_type': 'CE', 'timestamp': '2023-09-07 09:30:00', 'underlying_spot': 4439.5, 'id': 42058479, 'bid': 8.75, 'ask': 9.25, 'mid': 9.0, 'delta': 0.4956227656105483, 'theta': -8.404284753364335, 'gamma': 0.0173118495183643, 'vega': 0.5988879080661169, 'sigma': 0.1534894936510449, 'moneyness': 0.01}",0,0
2023-09-07 09:30:00,2,1,1,straddle_component,42057243,SPXW_4440_PE_20230907,50,11.25,trade,"{'detailed': True, 'instrument_type': 'option', 'underlying': 'SPXW', 'strike': 4440, 'expiry': '2023-09-07', 'dividend_rate': 0.015, 'opt_type': 'PE', 'timestamp': '2023-09-07 09:30:00', 'underlying_spot': 4439.5, 'id': 42057243, 'bid': 10.75, 'ask': 11.25, 'mid': 11.0, 'delta': -0.5033885473679334, 'theta': -9.68255280935163, 'gamma': 0.0147302876385424, 'vega': 0.5989024668524543, 'sigma': 0.1803937037037073, 'moneyness': -0.01}",0,0
2023-12-07 09:30:00,1,1,1,straddle_component,42246615,SPXW_4575_CE_20231207,50,9.2,trade,"{'detailed': True, 'instrument_type': 'option', 'underlying': 'SPXW', 'strike': 4575, 'expiry': '2023-12-07', 'dividend_rate': 0.015, 'opt_type': 'CE', 'timestamp': '2023-12-07 09:30:00', 'underlying_spot': 4576.75, 'id': 42246615, 'bid': 8.9, 'ask': 9.2, 'mid': 9.05, 'delta': 0.5390765066886516, 'theta': -7.158644949592857, 'gamma': 0.0195899205479577, 'vega': 0.6144594866266413, 'sigma': 0.1309490336830909, 'moneyness': -0.04}",0,0
2023-12-07 09:30:00,2,1,1,straddle_component,42245794,SPXW_4575_PE_20231207,50,7.8,trade,"{'detailed': True, 'instrument_type': 'option', 'underlying': 'SPXW', 'strike': 4575, 'expiry': '2023-12-07', 'dividend_rate': 0.015, 'opt_type': 'PE', 'timestamp': '2023-12-07 09:30:00', 'underlying_spot': 4576.75, 'id': 42245794, 'bid': 7.55, 'ask': 7.8, 'mid': 7.68, 'delta': -0.4630528039121451, 'theta': -7.425937334097736, 'gamma': 0.0184765234934047, 'vega': 0.6147774376294288, 'sigma': 0.1389110887829662, 'moneyness': 0.04}",0,0
2023-11-09 09:30:00,1,1,1,straddle_component,42263369,SPXW_4405_CE_20231109,50,12.0,trade,"{'detailed': True, 'instrument_type': 'option', 'underlying': 'SPXW', 'strike': 4405, 'expiry': '2023-11-09', 'dividend_rate': 0.015, 'opt_type': 'CE', 'timestamp': '2023-11-09 09:30:00', 'underlying_spot': 4405.0, 'id': 42263369, 'bid': 11.5, 'ask': 12.0, 'mid': 11.75, 'delta': 0.503856970910288, 'theta': -10.693572370484352, 'gamma': 0.0136080165624719, 'vega': 0.5942420633519188, 'sigma': 0.1967982755477913, 'moneyness': 0.0}",0,0
2023-11-09 09:30:00,2,1,1,straddle_component,42263746,SPXW_4405_PE_20231109,50,7.7,trade,"{'detailed': True, 'instrument_type': 'option', 'underlying': 'SPXW', 'strike': 4405, 'expiry': '2023-11-09', 'dividend_rate': 0.015, 'opt_type': 'PE', 'timestamp': '2023-11-09 09:30:00', 'underlying_spot': 4405.0, 'id': 42263746, 'bid': 7.45, 'ask': 7.7, 'mid': 7.58, 'delta': -0.4952569085886704, 'theta': -6.824802459069888, 'gamma': 0.0208569083870457, 'vega': 0.5942276952600825, 'sigma': 0.128397267447944, 'moneyness': 0.0}",0,0
2023-12-14 09:30:00,1,1,1,straddle_component,42293817,SPXW_4785_CE_20231214,50,0.4,trade,"{'detailed': True, 'instrument_type': 'option', 'underlying': 'SPXW', 'strike': 4785, 'expiry': '2023-12-14', 'dividend_rate': 0.015, 'opt_type': 'CE', 'timestamp': '2023-12-14 09:30:00', 'underlying_spot': 4783.75, 'id': 42293817, 'bid': 0.35, 'ask': 0.4, 'mid': 0.38, 'delta': 0.3049193875493267, 'theta': -0.3994500279421618, 'gamma': 0.1706172761145596, 'vega': 0.4992754453211928, 'sigma': 0.0126894413364279, 'moneyness': 0.03}",0,0
2023-12-14 09:30:00,2,1,1,straddle_component,42323248,SPXW_4785_PE_20231214,50,59.25,trade,"{'detailed': True, 'instrument_type': 'option', 'underlying': 'SPXW', 'strike': 4785, 'expiry': '2023-12-14', 'dividend_rate': 0.015, 'opt_type': 'PE', 'timestamp': '2023-12-14 09:30:00', 'underlying_spot': 4783.75, 'id': 42323248, 'bid': 58.25, 'ask': 59.25, 'mid': 58.75, 'delta': -0.496785903600383, 'theta': -52.62108192846968, 'gamma': 0.0027354899856391, 'vega': 0.6453453368445672, 'sigma': 0.901496706161165, 'moneyness': -0.03}",0,0
2023-07-20 09:30:00,1,1,1,straddle_component,4205674,SPXW_4585_CE_20230720,50,9.25,trade,"{'detailed': True, 'instrument_type': 'option', 'underlying': 'SPXW', 'strike': 4585, 'expiry': '2023-07-20', 'dividend_rate': 0.015, 'opt_type': 'CE', 'timestamp': '2023-07-20 09:30:00', 'underlying_spot': 4586.0, 'id': 4205674, 'bid': 8.75, 'ask': 9.25, 'mid': 9.0, 'delta': 0.5234355017755377, 'theta': -7.652690130792852, 'gamma': 0.0188424299807365, 'vega': 0.6176150826709303, 'sigma': 0.1362891094148153, 'moneyness': -0.02}",0,0
2023-07-20 09:30:00,2,1,1,straddle_component,4213068,SPXW_4585_PE_20230720,50,9.75,trade,"{'detailed': True, 'instrument_type': 'option', 'underlying': 'SPXW', 'strike': 4585, 'expiry': '2023-07-20', 'dividend_rate': 0.015, 'opt_type': 'PE', 'timestamp': '2023-07-20 09:30:00', 'underlying_spot': 4586.0, 'id': 4213068, 'bid': 9.25, 'ask': 9.75, 'mid': 9.5, 'delta': -0.4800082071874989, 'theta': -8.939709496757414, 'gamma': 0.0158180491460768, 'vega': 0.6179085919186598, 'sigma': 0.1624237736111422, 'moneyness': 0.02}",0,0
2023-08-31 09:30:00,1,1,1,straddle_component,4188457,SPXW_4530_CE_20230831,50,9.25,trade,"{'detailed': True, 'instrument_type': 'option', 'underlying': 'SPXW', 'strike': 4530, 'expiry': '2023-08-31', 'dividend_rate': 0.015, 'opt_type': 'CE', 'timestamp': '2023-08-31 09:30:00', 'underlying_spot': 4529.75, 'id': 4188457, 'bid': 9.0, 'ask': 9.25, 'mid': 9.12, 'delta': 0.4999959001191989, 'theta': -8.422556974428321, 'gamma': 0.0173123558688814, 'vega': 0.6110996354567364, 'sigma': 0.1504360719768416, 'moneyness': 0.01}",0,0
2023-08-31 09:30:00,2,1,1,straddle_component,4186471,SPXW_4530_PE_20230831,50,11.75,trade,"{'detailed': True, 'instrument_type': 'option', 'underlying': 'SPXW', 'strike': 4530, 'expiry': '2023-08-31', 'dividend_rate': 0.015, 'opt_type': 'PE', 'timestamp': '2023-08-31 09:30:00', 'underlying_spot': 4529.75, 'id': 4186471, 'bid': 11.25, 'ask': 11.75, 'mid': 11.5, 'delta': -0.4995575047332501, 'theta': -10.263354665499818, 'gamma': 0.0139223160822155, 'vega': 0.6110992647344782, 'sigma': 0.1870666704016182, 'moneyness': -0.01}",0,0
2023-01-19 09:30:00,1,1,1,straddle_component,170339,SPXW_3925_CE_20230119,50,13.25,trade,"{'detailed': True, 'instrument_type': 'option', 'underlying': 'SPXW', 'strike': 3925, 'expiry': '2023-01-19', 'dividend_rate': 0.015, 'opt_type': 'CE', 'timestamp': '2023-01-19 09:30:00', 'underlying_spot': 3926.75, 'id': 170339, 'bid': 12.75, 'ask': 13.25, 'mid': 13.0, 'delta': 0.5268089750520843, 'theta': -10.822661181376803, 'gamma': 0.0131710539363893, 'vega': 0.5285514617464351, 'sigma': 0.2275864749640943, 'moneyness': -0.04}",0,0
2023-01-19 09:30:00,2,1,1,straddle_component,603860,SPXW_3925_PE_20230119,50,15.5,trade,"{'detailed': True, 'instrument_type': 'option', 'underlying': 'SPXW', 'strike': 3925, 'expiry': '2023-01-19', 'dividend_rate': 0.015, 'opt_type': 'PE', 'timestamp': '2023-01-19 09:30:00', 'underlying_spot': 3926.75, 'id': 603860, 'bid': 15.0, 'ask': 15.5, 'mid': 15.25, 'delta': -0.4790824715981578, 'theta': -14.423722619029682, 'gamma': 0.0098342700560749, 'vega': 0.529021115012843, 'sigma': 0.3050771025844053, 'moneyness': 0.04}",0,0
2023-11-30 09:30:00,1,1,1,straddle_component,42295615,SPXW_4565_CE_20231130,50,10.5,trade,"{'detailed': True, 'instrument_type': 'option', 'underlying': 'SPXW', 'strike': 4565, 'expiry': '2023-11-30', 'dividend_rate': 0.015, 'opt_type': 'CE', 'timestamp': '2023-11-30 09:30:00', 'underlying_spot': 4564.75, 'id': 42295615, 'bid': 10.0, 'ask': 10.5, 'mid': 10.25, 'delta': 0.5002451328956603, 'theta': -9.443329539731636, 'gamma': 0.0154253790718428, 'vega': 0.6158213036773095, 'sigma': 0.1675442290154528, 'moneyness': 0.01}",0,0
2023-11-30 09:30:00,2,1,1,straddle_component,42254687,SPXW_4565_PE_20231130,50,9.0,trade,"{'detailed': True, 'instrument_type': 'option', 'underlying': 'SPXW', 'strike': 4565, 'expiry': '2023-11-30', 'dividend_rate': 0.015, 'opt_type': 'PE', 'timestamp': '2023-11-30 09:30:00', 'underlying_spot': 4564.75, 'id': 42254687, 'bid': 8.7, 'ask': 9.0, 'mid': 8.85, 'delta': -0.5000778439166353, 'theta': -7.859406917888271, 'gamma': 0.0181228093865115, 'vega': 0.6158214032895337, 'sigma': 0.1426066758015569, 'moneyness': -0.01}",0,0
2023-10-12 09:30:00,1,1,1,straddle_component,42144501,SPXW_4410_CE_20231012,50,14.0,trade,"{'detailed': True, 'instrument_type': 'option', 'underlying': 'SPXW', 'strike': 4410, 'expiry': '2023-10-12', 'dividend_rate': 0.015, 'opt_type': 'CE', 'timestamp': '2023-10-12 09:30:00', 'underlying_spot': 4410.25, 'id': 42144501, 'bid': 13.75, 'ask': 14.0, 'mid': 13.88, 'delta': 0.5066205300114923, 'theta': -12.502934868131089, 'gamma': 0.0116199071520384, 'vega': 0.594896113443478, 'sigma': 0.2301741120670212, 'moneyness': -0.01}",0,0
2023-10-12 09:30:00,2,1,1,straddle_component,42144556,SPXW_4410_PE_20231012,50,10.25,trade,"{'detailed': True, 'instrument_type': 'option', 'underlying': 'SPXW', 'strike': 4410, 'expiry': '2023-10-12', 'dividend_rate': 0.015, 'opt_type': 'PE', 'timestamp': '2023-10-12 09:30:00', 'underlying_spot': 4410.25, 'id': 42144556, 'bid': 9.95, 'ask': 10.25, 'mid': 10.1, 'delta': -0.4920831566074923, 'theta': -9.222036431106726, 'gamma': 0.0154792112638801, 'vega': 0.594860691261645, 'sigma': 0.17277648313597, 'moneyness': 0.01}",0,0
2023-03-16 09:30:00,1,1,1,straddle_component,706059,SPXW_3900_CE_20230316,50,8.0,trade,"{'detailed': True, 'instrument_type': 'option', 'underlying': 'SPXW', 'strike': 3900, 'expiry': '2023-03-16', 'dividend_rate': 0.015, 'opt_type': 'CE', 'timestamp': '2023-03-16 09:30:00', 'underlying_spot': 3899.75, 'id': 706059, 'bid': 7.5, 'ask': 8.0, 'mid': 7.75, 'delta': 0.499265921517189, 'theta': -7.1690758006409405, 'gamma': 0.0203368699835948, 'vega': 0.5261066727614221, 'sigma': 0.1487512789997339, 'moneyness': 0.01}",0,0
2023-03-16 09:30:00,2,1,1,straddle_component,750455,SPXW_3900_PE_20230316,50,39.5,trade,"{'detailed': True, 'instrument_type': 'option', 'underlying': 'SPXW', 'strike': 3900, 'expiry': '2023-03-16', 'dividend_rate': 0.015, 'opt_type': 'PE', 'timestamp': '2023-03-16 09:30:00', 'underlying_spot': 3899.75, 'id': 750455, 'bid': 38.5, 'ask': 39.5, 'mid': 39.0, 'delta': -0.4953587594151543, 'theta': -35.20113985209381, 'gamma': 0.004088512355338, 'vega': 0.5260719821372071, 'sigma': 0.73986219036614, 'moneyness': -0.01}",0,0
2023-08-17 09:30:00,1,1,1,straddle_component,42112753,SPXW_4435_CE_20230817,50,10.25,trade,"{'detailed': True, 'instrument_type': 'option', 'underlying': 'SPXW', 'strike': 4435, 'expiry': '2023-08-17', 'dividend_rate': 0.015, 'opt_type': 'CE', 'timestamp': '2023-08-17 09:30:00', 'underlying_spot': 4434.75, 'id': 42112753, 'bid': 9.75, 'ask': 10.25, 'mid': 10.0, 'delta': 0.500141723385017, 'theta': -9.215332334690396, 'gamma': 0.0158058934651705, 'vega': 0.5982833372543395, 'sigma': 0.1683038718891484, 'moneyness': 0.01}",0,0
2023-08-17 09:30:00,2,1,1,straddle_component,42112761,SPXW_4435_PE_20230817,50,12.25,trade,"{'detailed': True, 'instrument_type': 'option', 'underlying': 'SPXW', 'strike': 4435, 'expiry': '2023-08-17', 'dividend_rate': 0.015, 'opt_type': 'PE', 'timestamp': '2023-08-17 09:30:00', 'underlying_spot': 4434.75, 'id': 42112761, 'bid': 11.5, 'ask': 12.25, 'mid': 11.88, 'delta': -0.4995164265893415, 'theta': -10.6043437070106, 'gamma': 0.0134814768593116, 'vega': 0.5982829385808035, 'sigma': 0.1973219501898427, 'moneyness': -0.01}",0,0
2023-10-26 09:30:00,1,1,1,straddle_component,42201055,SPXW_4195_CE_20231026,50,16.0,trade,"{'detailed': True, 'instrument_type': 'option', 'underlying': 'SPXW', 'strike': 4195, 'expiry': '2023-10-26', 'dividend_rate': 0.015, 'opt_type': 'CE', 'timestamp': '2023-10-26 09:30:00', 'underlying_spot': 4196.75, 'id': 42201055, 'bid': 15.5, 'ask': 16.0, 'mid': 15.75, 'delta': 0.5224689841093699, 'theta': -13.354700636161787, 'gamma': 0.0107311638508633, 'vega': 0.5652759361820578, 'sigma': 0.2615368328149596, 'moneyness': -0.04}",0,0
2023-10-26 09:30:00,2,1,1,straddle_component,42237624,SPXW_4195_PE_20231026,50,15.0,trade,"{'detailed': True, 'instrument_type': 'option', 'underlying': 'SPXW', 'strike': 4195, 'expiry': '2023-10-26', 'dividend_rate': 0.015, 'opt_type': 'PE', 'timestamp': '2023-10-26 09:30:00', 'underlying_spot': 4196.75, 'id': 42237624, 'bid': 14.5, 'ask': 15.0, 'mid': 14.75, 'delta': -0.4785599019799136, 'theta': -13.963216513124625, 'gamma': 0.0101459969314987, 'vega': 0.5653565580055107, 'sigma': 0.2766602200778523, 'moneyness': 0.04}",0,0
2023-06-15 09:30:00,1,1,1,straddle_component,228134,SPXW_4410_CE_20230615,50,0.6,trade,"{'detailed': True, 'instrument_type': 'option', 'underlying': 'SPXW', 'strike': 4410, 'expiry': '2023-06-15', 'dividend_rate': 0.015, 'opt_type': 'CE', 'timestamp': '2023-06-15 09:30:00', 'underlying_spot': 4411.5, 'id': 228134, 'bid': 0.55, 'ask': 0.6, 'mid': 0.57, 'delta': 1.000000000023138, 'theta': -0.1844576644445881, 'gamma': 0.0, 'vega': 0.0481683511082923, 'sigma': 0.0, 'moneyness': -0.03}",0,0
2023-06-15 09:30:00,2,1,1,straddle_component,554252,SPXW_4410_PE_20230615,50,46.75,trade,"{'detailed': True, 'instrument_type': 'option', 'underlying': 'SPXW', 'strike': 4410, 'expiry': '2023-06-15', 'dividend_rate': 0.015, 'opt_type': 'PE', 'timestamp': '2023-06-15 09:30:00', 'underlying_spot': 4411.5, 'id': 554252, 'bid': 45.75, 'ask': 46.75, 'mid': 46.25, 'delta': -0.4889642754029921, 'theta': -42.5229603370053, 'gamma': 0.0033805524424224, 'vega': 0.5949190390355881, 'sigma': 0.7907565400095338, 'moneyness': 0.03}",0,0
2023-10-19 09:30:00,1,1,1,straddle_component,42162355,SPXW_4350_CE_20231019,50,14.25,trade,"{'detailed': True, 'instrument_type': 'option', 'underlying': 'SPXW', 'strike': 4350, 'expiry': '2023-10-19', 'dividend_rate': 0.015, 'opt_type': 'CE', 'timestamp': '2023-10-19 09:30:00', 'underlying_spot': 4350.0, 'id': 42162355, 'bid': 14.0, 'ask': 14.25, 'mid': 14.12, 'delta': 0.503693492060453, 'theta': -12.845934858493402, 'gamma': 0.0113104223764537, 'vega': 0.5868247613255306, 'sigma': 0.2397703350487626, 'moneyness': 0.0}",0,0
2023-10-19 09:30:00,2,1,1,straddle_component,42168629,SPXW_4350_PE_20231019,50,16.5,trade,"{'detailed': True, 'instrument_type': 'option', 'underlying': 'SPXW', 'strike': 4350, 'expiry': '2023-10-19', 'dividend_rate': 0.015, 'opt_type': 'PE', 'timestamp': '2023-10-19 09:30:00', 'underlying_spot': 4350.0, 'id': 42168629, 'bid': 16.0, 'ask': 16.5, 'mid': 16.25, 'delta': -0.4963341928418074, 'theta': -14.689014923913968, 'gamma': 0.0097607229676555, 'vega': 0.5868251431278004, 'sigma': 0.2778385692406152, 'moneyness': 0.0}",0,0
2023-08-03 09:30:00,1,1,1,straddle_component,42052310,SPXW_4515_CE_20230803,50,10.75,trade,"{'detailed': True, 'instrument_type': 'option', 'underlying': 'SPXW', 'strike': 4515, 'expiry': '2023-08-03', 'dividend_rate': 0.015, 'opt_type': 'CE', 'timestamp': '2023-08-03 09:30:00', 'underlying_spot': 4515.75, 'id': 42052310, 'bid': 10.25, 'ask': 10.75, 'mid': 10.5, 'delta': 0.5159855398031432, 'theta': -9.175696019144254, 'gamma': 0.0158020056240104, 'vega': 0.6087202394479991, 'sigma': 0.1651928528742021, 'moneyness': -0.02}",0,0
2023-08-03 09:30:00,2,1,1,straddle_component,42053030,SPXW_4515_PE_20230803,50,12.75,trade,"{'detailed': True, 'instrument_type': 'option', 'underlying': 'SPXW', 'strike': 4515, 'expiry': '2023-08-03', 'dividend_rate': 0.015, 'opt_type': 'PE', 'timestamp': '2023-08-03 09:30:00', 'underlying_spot': 4515.75, 'id': 42053030, 'bid': 12.25, 'ask': 12.75, 'mid': 12.5, 'delta': -0.4869914362754635, 'theta': -11.592194735560168, 'gamma': 0.0123039133903546, 'vega': 0.60888645845972, 'sigma': 0.2122159560172264, 'moneyness': 0.02}",0,0
2023-11-16 09:30:00,1,1,1,straddle_component,42276610,SPXW_4515_CE_20231116,50,8.45,trade,"{'detailed': True, 'instrument_type': 'option', 'underlying': 'SPXW', 'strike': 4515, 'expiry': '2023-11-16', 'dividend_rate': 0.015, 'opt_type': 'CE', 'timestamp': '2023-11-16 09:30:00', 'underlying_spot': 4515.5, 'id': 42276610, 'bid': 8.2, 'ask': 8.45, 'mid': 8.32, 'delta': 0.5145962669762305, 'theta': -7.337897177471941, 'gamma': 0.019842782403856, 'vega': 0.6087673369700464, 'sigma': 0.131577911690604, 'moneyness': -0.01}",0,0
2023-11-16 09:30:00,2,1,1,straddle_component,42233497,SPXW_4515_PE_20231116,50,10.5,trade,"{'detailed': True, 'instrument_type': 'option', 'underlying': 'SPXW', 'strike': 4515, 'expiry': '2023-11-16', 'dividend_rate': 0.015, 'opt_type': 'PE', 'timestamp': '2023-11-16 09:30:00', 'underlying_spot': 4515.5, 'id': 42233497, 'bid': 10.0, 'ask': 10.5, 'mid': 10.25, 'delta': -0.4884197078141916, 'theta': -9.455795401097465, 'gamma': 0.0150728303616176, 'vega': 0.6089198488701584, 'sigma': 0.1732600795583992, 'moneyness': 0.01}",0,0
2023-04-06 09:30:00,1,1,1,straddle_component,397849,SPXW_4110_CE_20230406,50,10.25,trade,"{'detailed': True, 'instrument_type': 'option', 'underlying': 'SPXW', 'strike': 4110, 'expiry': '2023-04-06', 'dividend_rate': 0.015, 'opt_type': 'CE', 'timestamp': '2023-04-06 09:30:00', 'underlying_spot': 4107.75, 'id': 397849, 'bid': 9.75, 'ask': 10.25, 'mid': 10.0, 'delta': 0.4714327954689068, 'theta': -9.758083124164727, 'gamma': 0.01438231365114, 'vega': 0.5527431420513347, 'sigma': 0.1991746908614199, 'moneyness': 0.05}",0,0
2023-04-06 09:30:00,2,1,1,straddle_component,706620,SPXW_4110_PE_20230406,50,12.5,trade,"{'detailed': True, 'instrument_type': 'option', 'underlying': 'SPXW', 'strike': 4110, 'expiry': '2023-04-06', 'dividend_rate': 0.015, 'opt_type': 'PE', 'timestamp': '2023-04-06 09:30:00', 'underlying_spot': 4107.75, 'id': 706620, 'bid': 12.0, 'ask': 12.5, 'mid': 12.25, 'delta': -0.528277948757605, 'theta': -9.682514969612246, 'gamma': 0.0142497638933036, 'vega': 0.5527719360840697, 'sigma': 0.2010378112577588, 'moneyness': -0.05}",0,0
2023-02-16 09:30:00,1,1,1,straddle_component,519413,SPXW_4110_CE_20230216,50,12.5,trade,"{'detailed': True, 'instrument_type': 'option', 'underlying': 'SPXW', 'strike': 4110, 'expiry': '2023-02-16', 'dividend_rate': 0.015, 'opt_type': 'CE', 'timestamp': '2023-02-16 09:30:00', 'underlying_spot': 4108.5, 'id': 519413, 'bid': 11.75, 'ask': 12.5, 'mid': 12.12, 'delta': 0.4850826483975723, 'theta': -11.56419785336663, 'gamma': 0.0124160913372861, 'vega': 0.5538812214118654, 'sigma': 0.2311055153783637, 'moneyness': 0.04}",0,0
2023-02-16 09:30:00,2,1,1,straddle_component,161425,SPXW_4110_PE_20230216,50,18.75,trade,"{'detailed': True, 'instrument_type': 'option', 'underlying': 'SPXW', 'strike': 4110, 'expiry': '2023-02-16', 'dividend_rate': 0.015, 'opt_type': 'PE', 'timestamp': '2023-02-16 09:30:00', 'underlying_spot': 4108.5, 'id': 161425, 'bid': 18.25, 'ask': 18.75, 'mid': 18.5, 'delta': -0.5096999611190256, 'theta': -15.944654689066308, 'gamma': 0.0089436097994166, 'vega': 0.5541055543525264, 'sigma': 0.3209650071562172, 'moneyness': -0.04}",0,0
2023-03-02 09:30:00,1,1,1,straddle_component,509951,SPXW_3935_CE_20230302,50,13.5,trade,"{'detailed': True, 'instrument_type': 'option', 'underlying': 'SPXW', 'strike': 3935, 'expiry': '2023-03-02', 'dividend_rate': 0.015, 'opt_type': 'CE', 'timestamp': '2023-03-02 09:30:00', 'underlying_spot': 3937.25, 'id': 509951, 'bid': 13.0, 'ask': 13.5, 'mid': 13.25, 'delta': 0.5334289394037128, 'theta': -10.69397552931118, 'gamma': 0.0131689824911518, 'vega': 0.5292974726329813, 'sigma': 0.2267299299752586, 'moneyness': -0.06}",0,0
2023-03-02 09:30:00,2,1,1,straddle_component,405455,SPXW_3935_PE_20230302,50,13.75,trade,"{'detailed': True, 'instrument_type': 'option', 'underlying': 'SPXW', 'strike': 3935, 'expiry': '2023-03-02', 'dividend_rate': 0.015, 'opt_type': 'PE', 'timestamp': '2023-03-02 09:30:00', 'underlying_spot': 3937.25, 'id': 405455, 'bid': 13.25, 'ask': 13.75, 'mid': 13.5, 'delta': -0.4719056075041195, 'theta': -12.93992325739092, 'gamma': 0.0108376343632698, 'vega': 0.5298474798261958, 'sigma': 0.2757885082720304, 'moneyness': 0.06}",0,0
2023-06-01 09:30:00,1,1,1,straddle_component,357949,SPXW_4190_CE_20230601,50,10.5,trade,"{'detailed': True, 'instrument_type': 'option', 'underlying': 'SPXW', 'strike': 4190, 'expiry': '2023-06-01', 'dividend_rate': 0.015, 'opt_type': 'CE', 'timestamp': '2023-06-01 09:30:00', 'underlying_spot': 4188.75, 'id': 357949, 'bid': 10.0, 'ask': 10.5, 'mid': 10.25, 'delta': 0.4854974855843963, 'theta': -9.77765489592912, 'gamma': 0.0147110257131544, 'vega': 0.5647213666557933, 'sigma': 0.1913232925313177, 'moneyness': 0.03}",0,0
2023-06-01 09:30:00,2,1,1,straddle_component,465550,SPXW_4190_PE_20230601,50,9.5,trade,"{'detailed': True, 'instrument_type': 'option', 'underlying': 'SPXW', 'strike': 4190, 'expiry': '2023-06-01', 'dividend_rate': 0.015, 'opt_type': 'PE', 'timestamp': '2023-06-01 09:30:00', 'underlying_spot': 4188.75, 'id': 465550, 'bid': 9.0, 'ask': 9.5, 'mid': 9.25, 'delta': -0.5186697806013107, 'theta': -7.629685936411255, 'gamma': 0.0183486916860431, 'vega': 0.5644741522605372, 'sigma': 0.1533263735293827, 'moneyness': -0.03}",0,0
2023-03-30 09:30:00,1,1,1,straddle_component,123109,SPXW_4080_CE_20230330,50,13.75,trade,"{'detailed': True, 'instrument_type': 'option', 'underlying': 'SPXW', 'strike': 4080, 'expiry': '2023-03-30', 'dividend_rate': 0.015, 'opt_type': 'CE', 'timestamp': '2023-03-30 09:30:00', 'underlying_spot': 4082.5, 'id': 123109, 'bid': 13.25, 'ask': 13.75, 'mid': 13.5, 'delta': 0.5364277334467538, 'theta': -10.738148616943374, 'gamma': 0.0130351431515407, 'vega': 0.5484600705766995, 'sigma': 0.2207621633556878, 'moneyness': -0.06}",0,0
2023-03-30 09:30:00,2,1,1,straddle_component,340413,SPXW_4080_PE_20230330,50,8.75,trade,"{'detailed': True, 'instrument_type': 'option', 'underlying': 'SPXW', 'strike': 4080, 'expiry': '2023-03-30', 'dividend_rate': 0.015, 'opt_type': 'PE', 'timestamp': '2023-03-30 09:30:00', 'underlying_spot': 4082.5, 'id': 340413, 'bid': 8.25, 'ask': 8.75, 'mid': 8.5, 'delta': -0.4552627140896881, 'theta': -8.30975525589482, 'gamma': 0.0162222991484384, 'vega': 0.547284942694465, 'sigma': 0.1770114708249787, 'moneyness': 0.06}",0,0
2023-02-23 09:30:00,1,1,1,straddle_component,491124,SPXW_4025_CE_20230223,50,15.0,trade,"{'detailed': True, 'instrument_type': 'option', 'underlying': 'SPXW', 'strike': 4025, 'expiry': '2023-02-23', 'dividend_rate': 0.015, 'opt_type': 'CE', 'timestamp': '2023-02-23 09:30:00', 'underlying_spot': 4027.25, 'id': 491124, 'bid': 14.75, 'ask': 15.0, 'mid': 14.88, 'delta': 0.5298477434966031, 'theta': -12.204466638213493, 'gamma': 0.0116085832502221, 'vega': 0.5417849003648465, 'sigma': 0.2516383896908793, 'moneyness': -0.06}",0,0
2023-02-23 09:30:00,2,1,1,straddle_component,214462,SPXW_4025_PE_20230223,50,11.75,trade,"{'detailed': True, 'instrument_type': 'option', 'underlying': 'SPXW', 'strike': 4025, 'expiry': '2023-02-23', 'dividend_rate': 0.015, 'opt_type': 'PE', 'timestamp': '2023-02-23 09:30:00', 'underlying_spot': 4027.25, 'id': 214462, 'bid': 11.25, 'ask': 11.75, 'mid': 11.5, 'delta': -0.4679972322151116, 'theta': -11.085550186989392, 'gamma': 0.0125463275324477, 'vega': 0.5415563849854905, 'sigma': 0.2327324249214525, 'moneyness': 0.06}",0,0
2023-06-08 09:30:00,1,1,1,straddle_component,328111,SPXW_4275_CE_20230608,50,7.5,trade,"{'detailed': True, 'instrument_type': 'option', 'underlying': 'SPXW', 'strike': 4275, 'expiry': '2023-06-08', 'dividend_rate': 0.015, 'opt_type': 'CE', 'timestamp': '2023-06-08 09:30:00', 'underlying_spot': 4272.75, 'id': 328111, 'bid': 7.0, 'ask': 7.5, 'mid': 7.25, 'delta': 0.4612359396451104, 'theta': -7.165376286057518, 'gamma': 0.0191413916361682, 'vega': 0.5736911090307943, 'sigma': 0.1435637090640968, 'moneyness': 0.05}",0,0
2023-06-08 09:30:00,2,1,1,straddle_component,694256,SPXW_4275_PE_20230608,50,10.0,trade,"{'detailed': True, 'instrument_type': 'option', 'underlying': 'SPXW', 'strike': 4275, 'expiry': '2023-06-08', 'dividend_rate': 0.015, 'opt_type': 'PE', 'timestamp': '2023-06-08 09:30:00', 'underlying_spot': 4272.75, 'id': 694256, 'bid': 9.5, 'ask': 10.0, 'mid': 9.75, 'delta': -0.5370758890965277, 'theta': -7.326149677348895, 'gamma': 0.0183532899100669, 'vega': 0.5739254732435057, 'sigma': 0.1497890261301092, 'moneyness': -0.05}",0,0
2023-09-21 09:30:00,1,1,1,straddle_component,42113856,SPXW_4420_CE_20230921,50,10.0,trade,"{'detailed': True, 'instrument_type': 'option', 'underlying': 'SPXW', 'strike': 4420, 'expiry': '2023-09-21', 'dividend_rate': 0.015, 'opt_type': 'CE', 'timestamp': '2023-09-21 09:30:00', 'underlying_spot': 4418.25, 'id': 42113856, 'bid': 9.75, 'ask': 10.0, 'mid': 9.88, 'delta': 0.4779081878184321, 'theta': -9.552885248195471, 'gamma': 0.0148892854845428, 'vega': 0.5951400860476577, 'sigma': 0.1790571309019651, 'moneyness': 0.04}",0,0
2023-09-21 09:30:00,2,1,1,straddle_component,42113873,SPXW_4420_PE_20230921,50,14.25,trade,"{'detailed': True, 'instrument_type': 'option', 'underlying': 'SPXW', 'strike': 4420, 'expiry': '2023-09-21', 'dividend_rate': 0.015, 'opt_type': 'PE', 'timestamp': '2023-09-21 09:30:00', 'underlying_spot': 4418.25, 'id': 42113873, 'bid': 13.75, 'ask': 14.25, 'mid': 14.0, 'delta': -0.517407489840771, 'theta': -11.663036899091615, 'gamma': 0.0120805506398369, 'vega': 0.5954885090013917, 'sigma': 0.2208165480357406, 'moneyness': -0.04}",0,0
2023-02-02 09:30:00,1,1,1,straddle_component,209233,SPXW_4175_CE_20230202,50,12.5,trade,"{'detailed': True, 'instrument_type': 'option', 'underlying': 'SPXW', 'strike': 4175, 'expiry': '2023-02-02', 'dividend_rate': 0.015, 'opt_type': 'CE', 'timestamp': '2023-02-02 09:30:00', 'underlying_spot': 4174.0, 'id': 209233, 'bid': 12.0, 'ask': 12.5, 'mid': 12.25, 'delta': 0.4911910376735662, 'theta': -11.53117965000355, 'gamma': 0.012537145046565, 'vega': 0.5629684608432877, 'sigma': 0.2253851336660587, 'moneyness': 0.02}",0,0
2023-02-02 09:30:00,2,1,1,straddle_component,223828,SPXW_4175_PE_20230202,50,15.0,trade,"{'detailed': True, 'instrument_type': 'option', 'underlying': 'SPXW', 'strike': 4175, 'expiry': '2023-02-02', 'dividend_rate': 0.015, 'opt_type': 'PE', 'timestamp': '2023-02-02 09:30:00', 'underlying_spot': 4174.0, 'id': 223828, 'bid': 14.5, 'ask': 15.0, 'mid': 14.75, 'delta': -0.5074572859773419, 'theta': -12.81843473697943, 'gamma': 0.0111304318828331, 'vega': 0.5630075002372275, 'sigma': 0.2538878354879309, 'moneyness': -0.02}",0,0
2023-07-13 09:30:00,1,1,1,straddle_component,614965,SPXW_4520_CE_20230713,50,12.5,trade,"{'detailed': True, 'instrument_type': 'option', 'underlying': 'SPXW', 'strike': 4520, 'expiry': '2023-07-13', 'dividend_rate': 0.015, 'opt_type': 'CE', 'timestamp': '2023-07-13 09:30:00', 'underlying_spot': 4521.75, 'id': 614965, 'bid': 11.75, 'ask': 12.5, 'mid': 12.12, 'delta': 0.5288652984863695, 'theta': -10.02025884601721, 'gamma': 0.0142095832167399, 'vega': 0.6084185328714975, 'sigma': 0.1831283774392539, 'moneyness': -0.04}",0,0
2023-07-13 09:30:00,2,1,1,straddle_component,65779,SPXW_4520_PE_20230713,50,6.25,trade,"{'detailed': True, 'instrument_type': 'option', 'underlying': 'SPXW', 'strike': 4520, 'expiry': '2023-07-13', 'dividend_rate': 0.015, 'opt_type': 'PE', 'timestamp': '2023-07-13 09:30:00', 'underlying_spot': 4521.75, 'id': 65779, 'bid': 5.75, 'ask': 6.25, 'mid': 6.0, 'delta': -0.4545175347314689, 'theta': -5.850348540293616, 'gamma': 0.0229388758299364, 'vega': 0.6060215687531687, 'sigma': 0.112997522390417, 'moneyness': 0.04}",0,0
2023-01-12 09:30:00,1,1,1,straddle_component,776015,SPXW_4000_CE_20230112,50,21.5,trade,"{'detailed': True, 'instrument_type': 'option', 'underlying': 'SPXW', 'strike': 4000, 'expiry': '2023-01-12', 'dividend_rate': 0.015, 'opt_type': 'CE', 'timestamp': '2023-01-12 09:30:00', 'underlying_spot': 4000.5, 'id': 776015, 'bid': 20.0, 'ask': 21.5, 'mid': 20.75, 'delta': 0.5077607137232931, 'theta': -18.611358543881227, 'gamma': 0.007780959272452, 'vega': 0.5395974160585659, 'sigma': 0.3789245407706781, 'moneyness': -0.01}",0,0
2023-01-12 09:30:00,2,1,1,straddle_component,351236,SPXW_4000_PE_20230112,50,21.25,trade,"{'detailed': True, 'instrument_type': 'option', 'underlying': 'SPXW', 'strike': 4000, 'expiry': '2023-01-12', 'dividend_rate': 0.015, 'opt_type': 'PE', 'timestamp': '2023-01-12 09:30:00', 'underlying_spot': 4000.5, 'id': 351236, 'bid': 20.5, 'ask': 21.25, 'mid': 20.88, 'delta': -0.4923269030529198, 'theta': -19.101745437339726, 'gamma': 0.0075144853539654, 'vega': 0.5395997131473749, 'sigma': 0.3923633836744091, 'moneyness': 0.01}",0,0
2023-11-02 09:30:00,1,1,1,straddle_component,42251562,SPXW_4295_CE_20231102,50,11.25,trade,"{'detailed': True, 'instrument_type': 'option', 'underlying': 'SPXW', 'strike': 4295, 'expiry': '2023-11-02', 'dividend_rate': 0.015, 'opt_type': 'CE', 'timestamp': '2023-11-02 09:30:00', 'underlying_spot': 4295.5, 'id': 42251562, 'bid': 10.75, 'ask': 11.25, 'mid': 11.0, 'delta': 0.5113822244815047, 'theta': -9.76688160603119, 'gamma': 0.0148759764506678, 'vega': 0.5792610109862846, 'sigma': 0.1845467126376407, 'moneyness': -0.01}",0,0
2023-11-02 09:30:00,2,1,1,straddle_component,42232041,SPXW_4295_PE_20231102,50,12.0,trade,"{'detailed': True, 'instrument_type': 'option', 'underlying': 'SPXW', 'strike': 4295, 'expiry': '2023-11-02', 'dividend_rate': 0.015, 'opt_type': 'PE', 'timestamp': '2023-11-02 09:30:00', 'underlying_spot': 4295.5, 'id': 42232041, 'bid': 11.75, 'ask': 12.0, 'mid': 11.88, 'delta': -0.4896795198717107, 'theta': -10.93345465971767, 'gamma': 0.0130652611751713, 'vega': 0.5793031898224301, 'sigma': 0.2101382711015767, 'moneyness': 0.01}",0,0
2023-12-21 09:30:00,1,1,1,straddle_component,42327884,SPXW_4785_CE_20231221,50,8.9,trade,"{'detailed': True, 'instrument_type': 'option', 'underlying': 'SPXW', 'strike': 4785, 'expiry': '2023-12-21', 'dividend_rate': 0.015, 'opt_type': 'CE', 'timestamp': '2023-12-21 09:30:00', 'underlying_spot': 4786.25, 'id': 42327884, 'bid': 8.55, 'ask': 8.9, 'mid': 8.73, 'delta': 0.5296180027571928, 'theta': -7.232047655488673, 'gamma': 0.0197831844239715, 'vega': 0.6439123233019615, 'sigma': 0.1242486486000928, 'moneyness': -0.03}",0,0
2023-12-21 09:30:00,2,1,1,straddle_component,42230858,SPXW_4785_PE_20231221,50,12.75,trade,"{'detailed': True, 'instrument_type': 'option', 'underlying': 'SPXW', 'strike': 4785, 'expiry': '2023-12-21', 'dividend_rate': 0.015, 'opt_type': 'PE', 'timestamp': '2023-12-21 09:30:00', 'underlying_spot': 4786.25, 'id': 42230858, 'bid': 12.0, 'ask': 12.75, 'mid': 12.38, 'delta': -0.4809348646306333, 'theta': -11.640334207278476, 'gamma': 0.0121813105735668, 'vega': 0.6449645234120469, 'sigma': 0.2021141095726025, 'moneyness': 0.03}",0,0
2023-03-23 09:30:00,1,1,1,straddle_component,758680,SPXW_4000_CE_20230323,50,15.0,trade,"{'detailed': True, 'instrument_type': 'option', 'underlying': 'SPXW', 'strike': 4000, 'expiry': '2023-03-23', 'dividend_rate': 0.015, 'opt_type': 'CE', 'timestamp': '2023-03-23 09:30:00', 'underlying_spot': 4002.25, 'id': 758680, 'bid': 14.5, 'ask': 15.0, 'mid': 14.75, 'delta': 0.5300896713510639, 'theta': -12.088371684550404, 'gamma': 0.0117151436995754, 'vega': 0.5383969869164691, 'sigma': 0.2508954913021306, 'moneyness': -0.06}",0,0
2023-03-23 09:30:00,2,1,1,straddle_component,361763,SPXW_4000_PE_20230323,50,18.5,trade,"{'detailed': True, 'instrument_type': 'option', 'underlying': 'SPXW', 'strike': 4000, 'expiry': '2023-03-23', 'dividend_rate': 0.015, 'opt_type': 'PE', 'timestamp': '2023-03-23 09:30:00', 'underlying_spot': 4002.25, 'id': 361763, 'bid': 17.75, 'ask': 18.5, 'mid': 18.12, 'delta': -0.477633246044995, 'theta': -17.19593992269162, 'gamma': 0.0082405017209907, 'vega': 0.5390863173128686, 'sigma': 0.3571422114319172, 'moneyness': 0.06}",0,0
2023-05-11 09:30:00,1,1,1,straddle_component,524841,SPXW_4140_CE_20230511,50,12.5,trade,"{'detailed': True, 'instrument_type': 'option', 'underlying': 'SPXW', 'strike': 4140, 'expiry': '2023-05-11', 'dividend_rate': 0.015, 'opt_type': 'CE', 'timestamp': '2023-05-11 09:30:00', 'underlying_spot': 4139.5, 'id': 524841, 'bid': 12.0, 'ask': 12.5, 'mid': 12.25, 'delta': 0.4973439475857155, 'theta': -11.353563846205168, 'gamma': 0.0127865329879739, 'vega': 0.5584393479358312, 'sigma': 0.2228804693154817, 'moneyness': 0.01}",0,0
2023-05-11 09:30:00,2,1,1,straddle_component,530090,SPXW_4140_PE_20230511,50,11.0,trade,"{'detailed': True, 'instrument_type': 'option', 'underlying': 'SPXW', 'strike': 4140, 'expiry': '2023-05-11', 'dividend_rate': 0.015, 'opt_type': 'PE', 'timestamp': '2023-05-11 09:30:00', 'underlying_spot': 4139.5, 'id': 530090, 'bid': 10.75, 'ask': 11.0, 'mid': 10.88, 'delta': -0.5035602050210031, 'theta': -9.571884305702088, 'gamma': 0.0149080269906676, 'vega': 0.5584294351707584, 'sigma': 0.1911599799727426, 'moneyness': -0.01}",0,0
2023-12-28 09:30:00,1,1,1,straddle_component,42346388,SPXW_4835_CE_20231228,50,6.45,trade,"{'detailed': True, 'instrument_type': 'option', 'underlying': 'SPXW', 'strike': 4835, 'expiry': '2023-12-28', 'dividend_rate': 0.015, 'opt_type': 'CE', 'timestamp': '2023-12-28 09:30:00', 'underlying_spot': 4835.0, 'id': 42346388, 'bid': 6.2, 'ask': 6.45, 'mid': 6.32, 'delta': 0.5058310163937652, 'theta': -5.780162600027034, 'gamma': 0.0254032932200942, 'vega': 0.6522100412612968, 'sigma': 0.0960393971825817, 'moneyness': 0.0}",0,0
2023-12-28 09:30:00,2,1,1,straddle_component,42306599,SPXW_4835_PE_20231228,50,9.65,trade,"{'detailed': True, 'instrument_type': 'option', 'underlying': 'SPXW', 'strike': 4835, 'expiry': '2023-12-28', 'dividend_rate': 0.015, 'opt_type': 'PE', 'timestamp': '2023-12-28 09:30:00', 'underlying_spot': 4835.0, 'id': 42306599, 'bid': 9.3, 'ask': 9.65, 'mid': 9.48, 'delta': -0.4956087547745902, 'theta': -8.543017493374526, 'gamma': 0.0166893989650418, 'vega': 0.6522406933094462, 'sigma': 0.1461903952239836, 'moneyness': 0.0}",0,0
2023-09-28 09:30:00,1,1,1,straddle_component,42201290,SPXW_4305_CE_20230928,50,16.75,trade,"{'detailed': True, 'instrument_type': 'option', 'underlying': 'SPXW', 'strike': 4305, 'expiry': '2023-09-28', 'dividend_rate': 0.015, 'opt_type': 'CE', 'timestamp': '2023-09-28 09:30:00', 'underlying_spot': 4304.5, 'id': 42201290, 'bid': 16.25, 'ask': 16.75, 'mid': 16.5, 'delta': 0.4989045302940198, 'theta': -15.212086179301815, 'gamma': 0.0095330834781748, 'vega': 0.5807094011199689, 'sigma': 0.287491221375084, 'moneyness': 0.01}",0,0
2023-09-28 09:30:00,2,1,1,straddle_component,42177536,SPXW_4305_PE_20230928,50,14.25,trade,"{'detailed': True, 'instrument_type': 'option', 'underlying': 'SPXW', 'strike': 4305, 'expiry': '2023-09-28', 'dividend_rate': 0.015, 'opt_type': 'PE', 'timestamp': '2023-09-28 09:30:00', 'underlying_spot': 4304.5, 'id': 42177536, 'bid': 13.75, 'ask': 14.25, 'mid': 14.0, 'delta': -0.502067331618683, 'theta': -12.407603624213824, 'gamma': 0.0115305827819156, 'vega': 0.5807037701442699, 'sigma': 0.2376854103651521, 'moneyness': -0.01}",0,0
2023-01-05 09:30:00,1,1,1,straddle_component,310760,SPXW_3850_CE_20230105,50,17.5,trade,"{'detailed': True, 'instrument_type': 'option', 'underlying': 'SPXW', 'strike': 3850, 'expiry': '2023-01-05', 'dividend_rate': 0.015, 'opt_type': 'CE', 'timestamp': '2023-01-05 09:30:00', 'underlying_spot': 3852.25, 'id': 310760, 'bid': 17.0, 'ask': 17.5, 'mid': 17.25, 'delta': 0.5259881842091474, 'theta': -14.397122184975496, 'gamma': 0.0098922145852498, 'vega': 0.5185953960062033, 'sigma': 0.3089239316089099, 'moneyness': -0.06}",0,0
2023-01-05 09:30:00,2,1,1,straddle_component,682135,SPXW_3850_PE_20230105,50,15.0,trade,"{'detailed': True, 'instrument_type': 'option', 'underlying': 'SPXW', 'strike': 3850, 'expiry': '2023-01-05', 'dividend_rate': 0.015, 'opt_type': 'PE', 'timestamp': '2023-01-05 09:30:00', 'underlying_spot': 3852.25, 'id': 682135, 'bid': 14.5, 'ask': 15.0, 'mid': 14.75, 'delta': -0.473800648445799, 'theta': -14.09448935662658, 'gamma': 0.0099876360160067, 'vega': 0.5185773521383927, 'sigma': 0.3059618615924923, 'moneyness': 0.06}",0,0
2023-04-27 09:30:00,1,1,1,straddle_component,358531,SPXW_4100_CE_20230427,50,9.75,trade,"{'detailed': True, 'instrument_type': 'option', 'underlying': 'SPXW', 'strike': 4100, 'expiry': '2023-04-27', 'dividend_rate': 0.015, 'opt_type': 'CE', 'timestamp': '2023-04-27 09:30:00', 'underlying_spot': 4098.0, 'id': 358531, 'bid': 8.75, 'ask': 9.75, 'mid': 9.25, 'delta': 0.4726722414345019, 'theta': -9.01543408188658, 'gamma': 0.0156152900743222, 'vega': 0.5515513203684534, 'sigma': 0.1839246143468365, 'moneyness': 0.05}",0,0
2023-04-27 09:30:00,2,1,1,straddle_component,586359,SPXW_4100_PE_20230427,50,9.75,trade,"{'detailed': True, 'instrument_type': 'option', 'underlying': 'SPXW', 'strike': 4100, 'expiry': '2023-04-27', 'dividend_rate': 0.015, 'opt_type': 'PE', 'timestamp': '2023-04-27 09:30:00', 'underlying_spot': 4098.0, 'id': 586359, 'bid': 9.0, 'ask': 9.75, 'mid': 9.38, 'delta': -0.5335842802246304, 'theta': -7.179958976514208, 'gamma': 0.018901317346831, 'vega': 0.5508839196009001, 'sigma': 0.1517664637185873, 'moneyness': -0.05}",0,0
2023-01-26 09:30:00,1,1,1,straddle_component,432191,SPXW_4060_CE_20230126,50,14.0,trade,"{'detailed': True, 'instrument_type': 'option', 'underlying': 'SPXW', 'strike': 4060, 'expiry': '2023-01-26', 'dividend_rate': 0.015, 'opt_type': 'CE', 'timestamp': '2023-01-26 09:30:00', 'underlying_spot': 4062.5, 'id': 432191, 'bid': 13.5, 'ask': 14.0, 'mid': 13.75, 'delta': 0.5357495655367472, 'theta': -10.971823307244865, 'gamma': 0.01277319658044, 'vega': 0.5458579602100713, 'sigma': 0.2264336446866206, 'moneyness': -0.06}",0,0
2023-01-26 09:30:00,2,1,1,straddle_component,455733,SPXW_4060_PE_20230126,50,15.25,trade,"{'detailed': True, 'instrument_type': 'option', 'underlying': 'SPXW', 'strike': 4060, 'expiry': '2023-01-26', 'dividend_rate': 0.015, 'opt_type': 'PE', 'timestamp': '2023-01-26 09:30:00', 'underlying_spot': 4062.5, 'id': 455733, 'bid': 14.75, 'ask': 15.25, 'mid': 15.0, 'delta': -0.471886001369981, 'theta': -14.38047518083294, 'gamma': 0.0097558461931157, 'vega': 0.5467010734779434, 'sigma': 0.2969229874019274, 'moneyness': 0.06}",0,0
2023-06-22 09:30:00,1,1,1,straddle_component,4105479,SPXW_4395_CE_20230622,50,11.5,trade,"{'detailed': True, 'instrument_type': 'option', 'underlying': 'SPXW', 'strike': 4395, 'expiry': '2023-06-22', 'dividend_rate': 0.015, 'opt_type': 'CE', 'timestamp': '2023-06-22 09:30:00', 'underlying_spot': 4396.25, 'id': 4105479, 'bid': 11.0, 'ask': 11.5, 'mid': 11.25, 'delta': 0.5228306088981505, 'theta': -9.55275550009251, 'gamma': 0.0150498429896117, 'vega': 0.5921152097916504, 'sigma': 0.1780147701178032, 'moneyness': -0.03}",0,0
2023-06-22 09:30:00,2,1,1,straddle_component,4104113,SPXW_4395_PE_20230622,50,8.5,trade,"{'detailed': True, 'instrument_type': 'option', 'underlying': 'SPXW', 'strike': 4395, 'expiry': '2023-06-22', 'dividend_rate': 0.015, 'opt_type': 'PE', 'timestamp': '2023-06-22 09:30:00', 'underlying_spot': 4396.25, 'id': 4104113, 'bid': 8.0, 'ask': 8.5, 'mid': 8.25, 'delta': -0.4733754368286824, 'theta': -7.861269322208433, 'gamma': 0.0178126090233377, 'vega': 0.5917627161812518, 'sigma': 0.1503155147863552, 'moneyness': 0.03}",0,0
2023-05-04 09:30:00,1,1,1,straddle_component,476184,SPXW_4095_CE_20230504,50,15.25,trade,"{'detailed': True, 'instrument_type': 'option', 'underlying': 'SPXW', 'strike': 4095, 'expiry': '2023-05-04', 'dividend_rate': 0.015, 'opt_type': 'CE', 'timestamp': '2023-05-04 09:30:00', 'underlying_spot': 4095.0, 'id': 476184, 'bid': 14.75, 'ask': 15.25, 'mid': 15.0, 'delta': 0.503664909067858, 'theta': -13.636654731266978, 'gamma': 0.0106459615167864, 'vega': 0.5524250591520818, 'sigma': 0.2705983889865877, 'moneyness': 0.0}",0,0
2023-05-04 09:30:00,2,1,1,straddle_component,676996,SPXW_4095_PE_20230504,50,15.25,trade,"{'detailed': True, 'instrument_type': 'option', 'underlying': 'SPXW', 'strike': 4095, 'expiry': '2023-05-04', 'dividend_rate': 0.015, 'opt_type': 'PE', 'timestamp': '2023-05-04 09:30:00', 'underlying_spot': 4095.0, 'id': 676996, 'bid': 14.75, 'ask': 15.25, 'mid': 15.0, 'delta': -0.4963351035523367, 'theta': -13.558333666761373, 'gamma': 0.0105734246780286, 'vega': 0.5524250595291846, 'sigma': 0.2724547736632164, 'moneyness': 0.0}",0,0
2023-05-25 09:30:00,1,1,1,straddle_component,522974,SPXW_4150_CE_20230525,50,20.75,trade,"{'detailed': True, 'instrument_type': 'option', 'underlying': 'SPXW', 'strike': 4150, 'expiry': '2023-05-25', 'dividend_rate': 0.015, 'opt_type': 'CE', 'timestamp': '2023-05-25 09:30:00', 'underlying_spot': 4152.0, 'id': 522974, 'bid': 20.0, 'ask': 20.75, 'mid': 20.38, 'delta': 0.520248771091758, 'theta': -17.432185465355623, 'gamma': 0.0082314197413779, 'vega': 0.5594159957722233, 'sigma': 0.344738941639558, 'moneyness': -0.05}",0,0
2023-05-25 09:30:00,2,1,1,straddle_component,569936,SPXW_4150_PE_20230525,50,10.0,trade,"{'detailed': True, 'instrument_type': 'option', 'underlying': 'SPXW', 'strike': 4150, 'expiry': '2023-05-25', 'dividend_rate': 0.015, 'opt_type': 'PE', 'timestamp': '2023-05-25 09:30:00', 'underlying_spot': 4152.0, 'id': 569936, 'bid': 9.5, 'ask': 10.0, 'mid': 9.75, 'delta': -0.4665970052234236, 'theta': -9.409445440413185, 'gamma': 0.0147227954450102, 'vega': 0.5581686537106254, 'sigma': 0.1923130788061024, 'moneyness': 0.05}",0,0
2023-12-08 09:30:00,1,1,1,straddle_component,42300820,SPXW_4585_CE_20231208,50,9.0,trade,"{'detailed': True, 'instrument_type': 'option', 'underlying': 'SPXW', 'strike': 4585, 'expiry': '2023-12-08', 'dividend_rate': 0.015, 'opt_type': 'CE', 'timestamp': '2023-12-08 09:30:00', 'underlying_spot': 4585.0, 'id': 42300820, 'bid': 8.9, 'ask': 9.0, 'mid': 8.95, 'delta': 0.5044322990503503, 'theta': -8.157183053674073, 'gamma': 0.0178960601004973, 'vega': 0.6185150237420309, 'sigma': 0.1437668073739514, 'moneyness': 0.0}",0,0
2023-12-08 09:30:00,2,1,1,straddle_component,42300203,SPXW_4585_PE_20231208,50,13.75,trade,"{'detailed': True, 'instrument_type': 'option', 'underlying': 'SPXW', 'strike': 4585, 'expiry': '2023-12-08', 'dividend_rate': 0.015, 'opt_type': 'PE', 'timestamp': '2023-12-08 09:30:00', 'underlying_spot': 4585.0, 'id': 42300203, 'bid': 13.5, 'ask': 13.75, 'mid': 13.62, 'delta': -0.4962574927441565, 'theta': -12.307262957039953, 'gamma': 0.0116312590492384, 'vega': 0.618526074826196, 'sigma': 0.2212060306476431, 'moneyness': 0.0}",0,0
2023-12-22 09:30:00,1,1,1,straddle_component,42328925,SPXW_4805_CE_20231222,50,11.75,trade,"{'detailed': True, 'instrument_type': 'option', 'underlying': 'SPXW', 'strike': 4805, 'expiry': '2023-12-22', 'dividend_rate': 0.015, 'opt_type': 'CE', 'timestamp': '2023-12-22 09:30:00', 'underlying_spot': 4807.5, 'id': 42328925, 'bid': 11.5, 'ask': 11.75, 'mid': 11.62, 'delta': 0.5429029252878692, 'theta': -8.982359034507908, 'gamma': 0.0154154181686294, 'vega': 0.6448020825241381, 'sigma': 0.1582656902589426, 'moneyness': -0.05}",0,0
2023-12-22 09:30:00,2,1,1,straddle_component,42328933,SPXW_4805_PE_20231222,50,9.5,trade,"{'detailed': True, 'instrument_type': 'option', 'underlying': 'SPXW', 'strike': 4805, 'expiry': '2023-12-22', 'dividend_rate': 0.015, 'opt_type': 'PE', 'timestamp': '2023-12-22 09:30:00', 'underlying_spot': 4807.5, 'id': 42328933, 'bid': 9.45, 'ask': 9.5, 'mid': 9.48, 'delta': -0.4588835926798928, 'theta': -9.225166368540462, 'gamma': 0.0147436831277047, 'vega': 0.6451108273004262, 'sigma': 0.1655550470155223, 'moneyness': 0.05}",0,0
2023-04-14 09:30:00,1,1,1,straddle_component,378081,SPXW_4170_CE_20230414,50,9.75,trade,"{'detailed': True, 'instrument_type': 'option', 'underlying': 'SPXW', 'strike': 4170, 'expiry': '2023-04-14', 'dividend_rate': 0.015, 'opt_type': 'CE', 'timestamp': '2023-04-14 09:30:00', 'underlying_spot': 4168.5, 'id': 378081, 'bid': 9.5, 'ask': 9.75, 'mid': 9.62, 'delta': 0.4808001769248449, 'theta': -9.264984801707769, 'gamma': 0.0154247328865153, 'vega': 0.5617105212623246, 'sigma': 0.1832657618960946, 'moneyness': 0.04}",0,0
2023-04-14 09:30:00,2,1,1,straddle_component,577724,SPXW_4170_PE_20230414,50,10.5,trade,"{'detailed': True, 'instrument_type': 'option', 'underlying': 'SPXW', 'strike': 4170, 'expiry': '2023-04-14', 'dividend_rate': 0.015, 'opt_type': 'PE', 'timestamp': '2023-04-14 09:30:00', 'underlying_spot': 4168.5, 'id': 577724, 'bid': 10.25, 'ask': 10.5, 'mid': 10.38, 'delta': -0.520643688895639, 'theta': -8.494163916317257, 'gamma': 0.0164540271896385, 'vega': 0.5616081907186903, 'sigma': 0.1717704322586822, 'moneyness': -0.04}",0,0
2023-09-22 09:30:00,1,1,1,straddle_component,42064105,SPXW_4380_CE_20230922,50,11.5,trade,"{'detailed': True, 'instrument_type': 'option', 'underlying': 'SPXW', 'strike': 4380, 'expiry': '2023-09-22', 'dividend_rate': 0.015, 'opt_type': 'CE', 'timestamp': '2023-09-22 09:30:00', 'underlying_spot': 4379.5, 'id': 42064105, 'bid': 11.25, 'ask': 11.5, 'mid': 11.38, 'delta': 0.4969849538349002, 'theta': -10.561372971044744, 'gamma': 0.0137568513203234, 'vega': 0.5908127483461616, 'sigma': 0.195806125554756, 'moneyness': 0.01}",0,0
2023-09-22 09:30:00,2,1,1,straddle_component,42065049,SPXW_4380_PE_20230922,50,11.75,trade,"{'detailed': True, 'instrument_type': 'option', 'underlying': 'SPXW', 'strike': 4380, 'expiry': '2023-09-22', 'dividend_rate': 0.015, 'opt_type': 'PE', 'timestamp': '2023-09-22 09:30:00', 'underlying_spot': 4379.5, 'id': 42065049, 'bid': 11.5, 'ask': 11.75, 'mid': 11.62, 'delta': -0.5030842968069216, 'theta': -10.25076086794647, 'gamma': 0.0139257319098362, 'vega': 0.5908119597630686, 'sigma': 0.1934312826511414, 'moneyness': -0.01}",0,0
2023-11-17 09:30:00,1,1,1,straddle_component,42129507,SPXW_4525_CE_20231117,50,9.6,trade,"{'detailed': True, 'instrument_type': 'option', 'underlying': 'SPXW', 'strike': 4525, 'expiry': '2023-11-17', 'dividend_rate': 0.015, 'opt_type': 'CE', 'timestamp': '2023-11-17 09:30:00', 'underlying_spot': 4523.5, 'id': 42129507, 'bid': 9.55, 'ask': 9.6, 'mid': 9.57, 'delta': 0.480821326085934, 'theta': -9.22206009267248, 'gamma': 0.0155062976681108, 'vega': 0.6095483452018131, 'sigma': 0.1679953704902252, 'moneyness': 0.03}",0,0
2023-11-17 09:30:00,2,1,1,straddle_component,42128985,SPXW_4525_PE_20231117,50,9.6,trade,"{'detailed': True, 'instrument_type': 'option', 'underlying': 'SPXW', 'strike': 4525, 'expiry': '2023-11-17', 'dividend_rate': 0.015, 'opt_type': 'PE', 'timestamp': '2023-11-17 09:30:00', 'underlying_spot': 4523.5, 'id': 42128985, 'bid': 9.55, 'ask': 9.6, 'mid': 9.57, 'delta': -0.5225115091044508, 'theta': -7.749637139722133, 'gamma': 0.0179281884804538, 'vega': 0.6092796163397161, 'sigma': 0.1452376141083713, 'moneyness': -0.03}",0,0
2023-03-24 09:30:00,1,1,1,straddle_component,359325,SPXW_3960_CE_20230324,50,22.25,trade,"{'detailed': True, 'instrument_type': 'option', 'underlying': 'SPXW', 'strike': 3960, 'expiry': '2023-03-24', 'dividend_rate': 0.015, 'opt_type': 'CE', 'timestamp': '2023-03-24 09:30:00', 'underlying_spot': 3959.75, 'id': 359325, 'bid': 22.0, 'ask': 22.25, 'mid': 22.12, 'delta': 0.5022089288415188, 'theta': -20.20489758522797, 'gamma': 0.0071688770830746, 'vega': 0.5341938786691376, 'sigma': 0.4155819130014772, 'moneyness': 0.01}",0,0
2023-03-24 09:30:00,2,1,1,straddle_component,326479,SPXW_3960_PE_20230324,50,19.75,trade,"{'detailed': True, 'instrument_type': 'option', 'underlying': 'SPXW', 'strike': 3960, 'expiry': '2023-03-24', 'dividend_rate': 0.015, 'opt_type': 'PE', 'timestamp': '2023-03-24 09:30:00', 'underlying_spot': 3959.75, 'id': 326479, 'bid': 19.5, 'ask': 19.75, 'mid': 19.62, 'delta': -0.4982063849869433, 'theta': -17.63598598098735, 'gamma': 0.0081410070862375, 'vega': 0.5341966682199839, 'sigma': 0.3659585685121822, 'moneyness': -0.01}",0,0
2023-02-17 09:30:00,1,1,1,straddle_component,194258,SPXW_4075_CE_20230217,50,17.0,trade,"{'detailed': True, 'instrument_type': 'option', 'underlying': 'SPXW', 'strike': 4075, 'expiry': '2023-02-17', 'dividend_rate': 0.015, 'opt_type': 'CE', 'timestamp': '2023-02-17 09:30:00', 'underlying_spot': 4076.25, 'id': 194258, 'bid': 16.75, 'ask': 17.0, 'mid': 16.88, 'delta': 0.5159602241525008, 'theta': -14.68968797127361, 'gamma': 0.0098207403809169, 'vega': 0.5494783304119881, 'sigma': 0.2944622024639222, 'moneyness': -0.03}",0,0
2023-02-17 09:30:00,2,1,1,straddle_component,635266,SPXW_4075_PE_20230217,50,17.5,trade,"{'detailed': True, 'instrument_type': 'option', 'underlying': 'SPXW', 'strike': 4075, 'expiry': '2023-02-17', 'dividend_rate': 0.015, 'opt_type': 'PE', 'timestamp': '2023-02-17 09:30:00', 'underlying_spot': 4076.25, 'id': 635266, 'bid': 17.25, 'ask': 17.5, 'mid': 17.38, 'delta': -0.4852470782745754, 'theta': -16.206157330200526, 'gamma': 0.0088132017239672, 'vega': 0.5495425434824188, 'sigma': 0.3281638331203835, 'moneyness': 0.03}",0,0
2023-03-10 09:30:00,1,1,1,straddle_component,740113,SPXW_3910_CE_20230310,50,18.75,trade,"{'detailed': True, 'instrument_type': 'option', 'underlying': 'SPXW', 'strike': 3910, 'expiry': '2023-03-10', 'dividend_rate': 0.015, 'opt_type': 'CE', 'timestamp': '2023-03-10 09:30:00', 'underlying_spot': 3908.25, 'id': 740113, 'bid': 18.5, 'ask': 18.75, 'mid': 18.62, 'delta': 0.4895113933082839, 'theta': -17.58191432752919, 'gamma': 0.0081857525557893, 'vega': 0.5270718645334931, 'sigma': 0.3686305826406152, 'moneyness': 0.04}",0,0
2023-03-10 09:30:00,2,1,1,straddle_component,320064,SPXW_3910_PE_20230310,50,20.5,trade,"{'detailed': True, 'instrument_type': 'option', 'underlying': 'SPXW', 'strike': 3910, 'expiry': '2023-03-10', 'dividend_rate': 0.015, 'opt_type': 'PE', 'timestamp': '2023-03-10 09:30:00', 'underlying_spot': 3908.25, 'id': 320064, 'bid': 20.25, 'ask': 20.5, 'mid': 20.38, 'delta': -0.510411005502398, 'theta': -17.507805966363414, 'gamma': 0.0081447327815453, 'vega': 0.5270745553657861, 'sigma': 0.3704890242853516, 'moneyness': -0.04}",0,0
2023-05-12 09:30:00,1,1,1,straddle_component,443052,SPXW_4155_CE_20230512,50,9.5,trade,"{'detailed': True, 'instrument_type': 'option', 'underlying': 'SPXW', 'strike': 4155, 'expiry': '2023-05-12', 'dividend_rate': 0.015, 'opt_type': 'CE', 'timestamp': '2023-05-12 09:30:00', 'underlying_spot': 4155.0, 'id': 443052, 'bid': 9.25, 'ask': 9.5, 'mid': 9.38, 'delta': 0.5041148671142359, 'theta': -8.538280752515632, 'gamma': 0.017069996598451, 'vega': 0.5605129855350279, 'sigma': 0.166323938325642, 'moneyness': 0.0}",0,0
2023-05-12 09:30:00,2,1,1,straddle_component,750926,SPXW_4155_PE_20230512,50,9.5,trade,"{'detailed': True, 'instrument_type': 'option', 'underlying': 'SPXW', 'strike': 4155, 'expiry': '2023-05-12', 'dividend_rate': 0.015, 'opt_type': 'PE', 'timestamp': '2023-05-12 09:30:00', 'underlying_spot': 4155.0, 'id': 750926, 'bid': 9.25, 'ask': 9.5, 'mid': 9.38, 'delta': -0.4959056468710088, 'theta': -8.458810967786853, 'gamma': 0.0168815859424853, 'vega': 0.5605132845882199, 'sigma': 0.1681803221554043, 'moneyness': 0.0}",0,0
2023-08-04 09:30:00,1,1,1,straddle_component,300160,SPXW_4540_CE_20230804,50,11.0,trade,"{'detailed': True, 'instrument_type': 'option', 'underlying': 'SPXW', 'strike': 4540, 'expiry': '2023-08-04', 'dividend_rate': 0.015, 'opt_type': 'CE', 'timestamp': '2023-08-04 09:30:00', 'underlying_spot': 4537.75, 'id': 300160, 'bid': 10.75, 'ask': 11.0, 'mid': 10.88, 'delta': 0.4738304863828091, 'theta': -10.579202385441576, 'gamma': 0.0133342811636794, 'vega': 0.6108574948443266, 'sigma': 0.1945523263669717, 'moneyness': 0.05}",0,0
2023-08-04 09:30:00,2,1,1,straddle_component,603320,SPXW_4540_PE_20230804,50,12.25,trade,"{'detailed': True, 'instrument_type': 'option', 'underlying': 'SPXW', 'strike': 4540, 'expiry': '2023-08-04', 'dividend_rate': 0.015, 'opt_type': 'PE', 'timestamp': '2023-08-04 09:30:00', 'underlying_spot': 4537.75, 'id': 603320, 'bid': 12.0, 'ask': 12.25, 'mid': 12.12, 'delta': -0.5284790180954069, 'theta': -9.561416547860112, 'gamma': 0.0144035284854737, 'vega': 0.6106131787055462, 'sigma': 0.1800380904814581, 'moneyness': -0.05}",0,0
2023-12-29 09:30:00,1,1,1,straddle_component,42263461,SPXW_4830_CE_20231229,50,9.1,trade,"{'detailed': True, 'instrument_type': 'option', 'underlying': 'SPXW', 'strike': 4830, 'expiry': '2023-12-29', 'dividend_rate': 0.015, 'opt_type': 'CE', 'timestamp': '2023-12-29 09:30:00', 'underlying_spot': 4830.75, 'id': 42263461, 'bid': 9.0, 'ask': 9.1, 'mid': 9.05, 'delta': 0.5185202979999914, 'theta': -7.856835155673562, 'gamma': 0.0184683041482003, 'vega': 0.6510009100802936, 'sigma': 0.132090755302327, 'moneyness': -0.02}",0,0
2023-12-29 09:30:00,2,1,1,straddle_component,42275767,SPXW_4830_PE_20231229,50,9.3,trade,"{'detailed': True, 'instrument_type': 'option', 'underlying': 'SPXW', 'strike': 4830, 'expiry': '2023-12-29', 'dividend_rate': 0.015, 'opt_type': 'PE', 'timestamp': '2023-12-29 09:30:00', 'underlying_spot': 4830.75, 'id': 42275767, 'bid': 9.2, 'ask': 9.3, 'mid': 9.25, 'delta': -0.4833196898879954, 'theta': -8.631385107945913, 'gamma': 0.0164267677327245, 'vega': 0.6511349352367208, 'sigma': 0.1485373979439012, 'moneyness': 0.02}",0,0
2023-07-28 09:30:00,1,1,1,straddle_component,470508,SPXW_4600_CE_20230728,50,7.75,trade,"{'detailed': True, 'instrument_type': 'option', 'underlying': 'SPXW', 'strike': 4600, 'expiry': '2023-07-28', 'dividend_rate': 0.015, 'opt_type': 'CE', 'timestamp': '2023-07-28 09:30:00', 'underlying_spot': 4598.0, 'id': 470508, 'bid': 7.5, 'ask': 7.75, 'mid': 7.62, 'delta': 0.4672869336049601, 'theta': -7.494771346687392, 'gamma': 0.0185896386284412, 'vega': 0.6182088243747845, 'sigma': 0.1375558443269459, 'moneyness': 0.04}",0,0
2023-07-28 09:30:00,2,1,1,straddle_component,137652,SPXW_4600_PE_20230728,50,11.25,trade,"{'detailed': True, 'instrument_type': 'option', 'underlying': 'SPXW', 'strike': 4600, 'expiry': '2023-07-28', 'dividend_rate': 0.015, 'opt_type': 'PE', 'timestamp': '2023-07-28 09:30:00', 'underlying_spot': 4598.0, 'id': 137652, 'bid': 11.0, 'ask': 11.25, 'mid': 11.12, 'delta': -0.5271782484705945, 'theta': -8.81831305501705, 'gamma': 0.0156394242445401, 'vega': 0.6188612743549253, 'sigma': 0.1636753319663766, 'moneyness': -0.04}",0,0
2023-10-20 09:30:00,1,1,1,straddle_component,42214509,SPXW_4295_CE_20231020,50,15.5,trade,"{'detailed': True, 'instrument_type': 'option', 'underlying': 'SPXW', 'strike': 4295, 'expiry': '2023-10-20', 'dividend_rate': 0.015, 'opt_type': 'CE', 'timestamp': '2023-10-20 09:30:00', 'underlying_spot': 4295.75, 'id': 42214509, 'bid': 15.25, 'ask': 15.5, 'mid': 15.38, 'delta': 0.5116564604138674, 'theta': -13.6074871196229, 'gamma': 0.0106454681869649, 'vega': 0.5792835009108037, 'sigma': 0.2578654346456349, 'moneyness': -0.02}",0,0
2023-10-20 09:30:00,2,1,1,straddle_component,42210072,SPXW_4295_PE_20231020,50,14.5,trade,"{'detailed': True, 'instrument_type': 'option', 'underlying': 'SPXW', 'strike': 4295, 'expiry': '2023-10-20', 'dividend_rate': 0.015, 'opt_type': 'PE', 'timestamp': '2023-10-20 09:30:00', 'underlying_spot': 4295.75, 'id': 42210072, 'bid': 14.25, 'ask': 14.5, 'mid': 14.38, 'delta': -0.4882646639848609, 'theta': -13.298411129551315, 'gamma': 0.0107478996902443, 'vega': 0.5792801307115552, 'sigma': 0.2554063985193903, 'moneyness': 0.02}",0,0
2023-04-21 09:30:00,1,1,1,straddle_component,541238,SPXW_4150_CE_20230421,50,12.75,trade,"{'detailed': True, 'instrument_type': 'option', 'underlying': 'SPXW', 'strike': 4150, 'expiry': '2023-04-21', 'dividend_rate': 0.015, 'opt_type': 'CE', 'timestamp': '2023-04-21 09:30:00', 'underlying_spot': 4151.75, 'id': 541238, 'bid': 12.5, 'ask': 12.75, 'mid': 12.62, 'delta': 0.5276281321969556, 'theta': -10.478729001078246, 'gamma': 0.0135965430025919, 'vega': 0.5587579460884378, 'sigma': 0.2084872584084782, 'moneyness': -0.04}",0,0
2023-04-21 09:30:00,2,1,1,straddle_component,592409,SPXW_4150_PE_20230421,50,8.5,trade,"{'detailed': True, 'instrument_type': 'option', 'underlying': 'SPXW', 'strike': 4150, 'expiry': '2023-04-21', 'dividend_rate': 0.015, 'opt_type': 'PE', 'timestamp': '2023-04-21 09:30:00', 'underlying_spot': 4151.75, 'id': 592409, 'bid': 8.25, 'ask': 8.5, 'mid': 8.38, 'delta': -0.4658819281477377, 'theta': -8.08317834358004, 'gamma': 0.0170973056157208, 'vega': 0.5580478953680692, 'sigma': 0.1655889605787215, 'moneyness': 0.04}",0,0
2023-01-20 09:30:00,1,1,1,straddle_component,287734,SPXW_3925_CE_20230120,50,14.5,trade,"{'detailed': True, 'instrument_type': 'option', 'underlying': 'SPXW', 'strike': 3925, 'expiry': '2023-01-20', 'dividend_rate': 0.015, 'opt_type': 'CE', 'timestamp': '2023-01-20 09:30:00', 'underlying_spot': 3925.0, 'id': 287734, 'bid': 14.25, 'ask': 14.5, 'mid': 14.38, 'delta': 0.5036649113875136, 'theta': -13.068466795477631, 'gamma': 0.0111088354337596, 'vega': 0.5294916622795327, 'sigma': 0.27055515164645, 'moneyness': 0.0}",0,0
2023-01-20 09:30:00,2,1,1,straddle_component,684406,SPXW_3925_PE_20230120,50,13.0,trade,"{'detailed': True, 'instrument_type': 'option', 'underlying': 'SPXW', 'strike': 3925, 'expiry': '2023-01-20', 'dividend_rate': 0.015, 'opt_type': 'PE', 'timestamp': '2023-01-20 09:30:00', 'underlying_spot': 3925.0, 'id': 684406, 'bid': 12.75, 'ask': 13.0, 'mid': 12.88, 'delta': -0.4963141001122828, 'theta': -11.633671283739975, 'gamma': 0.0123136719842875, 'vega': 0.5294914016938863, 'sigma': 0.2440824464667756, 'moneyness': 0.0}",0,0
2023-01-06 09:30:00,1,1,1,straddle_component,447344,SPXW_3860_CE_20230106,50,17.5,trade,"{'detailed': True, 'instrument_type': 'option', 'underlying': 'SPXW', 'strike': 3860, 'expiry': '2023-01-06', 'dividend_rate': 0.015, 'opt_type': 'CE', 'timestamp': '2023-01-06 09:30:00', 'underlying_spot': 3858.0, 'id': 447344, 'bid': 17.25, 'ask': 17.5, 'mid': 17.38, 'delta': 0.4864075168542925, 'theta': -16.511746514652113, 'gamma': 0.0086887069628005, 'vega': 0.5201727119777413, 'sigma': 0.3517327277445485, 'moneyness': 0.05}",0,0
2023-01-06 09:30:00,2,1,1,straddle_component,767891,SPXW_3860_PE_20230106,50,21.0,trade,"{'detailed': True, 'instrument_type': 'option', 'underlying': 'SPXW', 'strike': 3860, 'expiry': '2023-01-06', 'dividend_rate': 0.015, 'opt_type': 'PE', 'timestamp': '2023-01-06 09:30:00', 'underlying_spot': 3858.0, 'id': 767891, 'bid': 20.75, 'ask': 21.0, 'mid': 20.88, 'delta': -0.5121045574981054, 'theta': -17.811835271720803, 'gamma': 0.0079922698148493, 'vega': 0.5202353379483995, 'sigma': 0.3824282861737392, 'moneyness': -0.05}",0,0
2023-07-07 09:30:00,1,1,1,straddle_component,4197201,SPXW_4435_CE_20230707,50,10.5,trade,"{'detailed': True, 'instrument_type': 'option', 'underlying': 'SPXW', 'strike': 4435, 'expiry': '2023-07-07', 'dividend_rate': 0.015, 'opt_type': 'CE', 'timestamp': '2023-07-07 09:30:00', 'underlying_spot': 4435.25, 'id': 4197201, 'bid': 10.25, 'ask': 10.5, 'mid': 10.38, 'delta': 0.507973870617473, 'theta': -9.329250964414063, 'gamma': 0.0156094107062187, 'vega': 0.5982310079885123, 'sigma': 0.1703692011653878, 'moneyness': -0.01}",0,0
2023-07-07 09:30:00,2,1,1,straddle_component,4197501,SPXW_4435_PE_20230707,50,10.5,trade,"{'detailed': True, 'instrument_type': 'option', 'underlying': 'SPXW', 'strike': 4435, 'expiry': '2023-07-07', 'dividend_rate': 0.015, 'opt_type': 'PE', 'timestamp': '2023-07-07 09:30:00', 'underlying_spot': 4435.25, 'id': 4197501, 'bid': 10.25, 'ask': 10.5, 'mid': 10.38, 'delta': -0.4922188885539746, 'theta': -9.47120800933514, 'gamma': 0.0150755179895156, 'vega': 0.5982367564752726, 'sigma': 0.1764044357316772, 'moneyness': 0.01}",0,0
2023-04-28 09:30:00,1,1,1,straddle_component,656070,SPXW_4150_CE_20230428,50,8.75,trade,"{'detailed': True, 'instrument_type': 'option', 'underlying': 'SPXW', 'strike': 4150, 'expiry': '2023-04-28', 'dividend_rate': 0.015, 'opt_type': 'CE', 'timestamp': '2023-04-28 09:30:00', 'underlying_spot': 4148.75, 'id': 656070, 'bid': 8.5, 'ask': 8.75, 'mid': 8.62, 'delta': 0.4824908756154045, 'theta': -8.28396180737394, 'gamma': 0.0173099726197278, 'vega': 0.5591582743649735, 'sigma': 0.1641157023434616, 'moneyness': 0.03}",0,0
2023-04-28 09:30:00,2,1,1,straddle_component,297987,SPXW_4150_PE_20230428,50,12.0,trade,"{'detailed': True, 'instrument_type': 'option', 'underlying': 'SPXW', 'strike': 4150, 'expiry': '2023-04-28', 'dividend_rate': 0.015, 'opt_type': 'PE', 'timestamp': '2023-04-28 09:30:00', 'underlying_spot': 4148.75, 'id': 297987, 'bid': 11.75, 'ask': 12.0, 'mid': 11.88, 'delta': -0.5137852792508113, 'theta': -10.042794473260438, 'gamma': 0.0140868484521661, 'vega': 0.5593645133226639, 'sigma': 0.2017399171019781, 'moneyness': -0.03}",0,0
2023-02-24 09:30:00,1,1,1,straddle_component,362061,SPXW_3965_CE_20230224,50,17.0,trade,"{'detailed': True, 'instrument_type': 'option', 'underlying': 'SPXW', 'strike': 3965, 'expiry': '2023-02-24', 'dividend_rate': 0.015, 'opt_type': 'CE', 'timestamp': '2023-02-24 09:30:00', 'underlying_spot': 3966.75, 'id': 362061, 'bid': 16.75, 'ask': 17.0, 'mid': 16.88, 'delta': 0.5211503659051431, 'theta': -14.383789809119117, 'gamma': 0.0099722510782385, 'vega': 0.5343934831865642, 'sigma': 0.2978128151789635, 'moneyness': -0.04}",0,0
2023-02-24 09:30:00,2,1,1,straddle_component,359001,SPXW_3965_PE_20230224,50,14.75,trade,"{'detailed': True, 'instrument_type': 'option', 'underlying': 'SPXW', 'strike': 3965, 'expiry': '2023-02-24', 'dividend_rate': 0.015, 'opt_type': 'PE', 'timestamp': '2023-02-24 09:30:00', 'underlying_spot': 3966.75, 'id': 359001, 'bid': 14.5, 'ask': 14.75, 'mid': 14.62, 'delta': -0.4784061905231063, 'theta': -13.850755399966738, 'gamma': 0.0102292138670634, 'vega': 0.5343615266194277, 'sigma': 0.2903142929106151, 'moneyness': 0.04}",0,0
2023-02-03 09:30:00,1,1,1,straddle_component,153300,SPXW_4145_CE_20230203,50,16.25,trade,"{'detailed': True, 'instrument_type': 'option', 'underlying': 'SPXW', 'strike': 4145, 'expiry': '2023-02-03', 'dividend_rate': 0.015, 'opt_type': 'CE', 'timestamp': '2023-02-03 09:30:00', 'underlying_spot': 4145.75, 'id': 153300, 'bid': 16.0, 'ask': 16.25, 'mid': 16.12, 'delta': 0.5112707699941765, 'theta': -14.287369301555126, 'gamma': 0.0101355703563399, 'vega': 0.559071548025937, 'sigma': 0.2806453530904564, 'moneyness': -0.02}",0,0
2023-02-03 09:30:00,2,1,1,straddle_component,219024,SPXW_4145_PE_20230203,50,17.75,trade,"{'detailed': True, 'instrument_type': 'option', 'underlying': 'SPXW', 'strike': 4145, 'expiry': '2023-02-03', 'dividend_rate': 0.015, 'opt_type': 'PE', 'timestamp': '2023-02-03 09:30:00', 'underlying_spot': 4145.75, 'id': 219024, 'bid': 17.5, 'ask': 17.75, 'mid': 17.62, 'delta': -0.4896683441284466, 'theta': -16.25151655009244, 'gamma': 0.0088140370735345, 'vega': 0.5591072825902028, 'sigma': 0.3227445353061837, 'moneyness': 0.02}",0,0
2023-02-10 09:30:00,1,1,1,straddle_component,534180,SPXW_4085_CE_20230210,50,16.5,trade,"{'detailed': True, 'instrument_type': 'option', 'underlying': 'SPXW', 'strike': 4085, 'expiry': '2023-02-10', 'dividend_rate': 0.015, 'opt_type': 'CE', 'timestamp': '2023-02-10 09:30:00', 'underlying_spot': 4085.5, 'id': 534180, 'bid': 16.25, 'ask': 16.5, 'mid': 16.38, 'delta': 0.5086246080372447, 'theta': -14.643571516642185, 'gamma': 0.0098993326602681, 'vega': 0.5510378583570406, 'sigma': 0.2916283205537361, 'moneyness': -0.01}",0,0
2023-02-10 09:30:00,2,1,1,straddle_component,414359,SPXW_4085_PE_20230210,50,16.5,trade,"{'detailed': True, 'instrument_type': 'option', 'underlying': 'SPXW', 'strike': 4085, 'expiry': '2023-02-10', 'dividend_rate': 0.015, 'opt_type': 'PE', 'timestamp': '2023-02-10 09:30:00', 'underlying_spot': 4085.5, 'id': 414359, 'bid': 16.25, 'ask': 16.5, 'mid': 16.38, 'delta': -0.4915421516617613, 'theta': -15.019137410266044, 'gamma': 0.0095418008072556, 'vega': 0.5510428036843118, 'sigma': 0.3025582137954418, 'moneyness': 0.01}",0,0
2023-01-13 09:30:00,1,1,1,straddle_component,127264,SPXW_3975_CE_20230113,50,14.0,trade,"{'detailed': True, 'instrument_type': 'option', 'underlying': 'SPXW', 'strike': 3975, 'expiry': '2023-01-13', 'dividend_rate': 0.015, 'opt_type': 'CE', 'timestamp': '2023-01-13 09:30:00', 'underlying_spot': 3973.25, 'id': 127264, 'bid': 13.75, 'ask': 14.0, 'mid': 13.88, 'delta': 0.4847036547867667, 'theta': -13.2355022322998, 'gamma': 0.0108316501901128, 'vega': 0.535628606452252, 'sigma': 0.2739192215708749, 'moneyness': 0.04}",0,0
2023-01-13 09:30:00,2,1,1,straddle_component,335315,SPXW_3975_PE_20230113,50,16.25,trade,"{'detailed': True, 'instrument_type': 'option', 'underlying': 'SPXW', 'strike': 3975, 'expiry': '2023-01-13', 'dividend_rate': 0.015, 'opt_type': 'PE', 'timestamp': '2023-01-13 09:30:00', 'underlying_spot': 3973.25, 'id': 335315, 'bid': 16.0, 'ask': 16.25, 'mid': 16.12, 'delta': -0.5145480837544625, 'theta': -13.619284586545568, 'gamma': 0.0104070974771275, 'vega': 0.535666318322856, 'sigma': 0.2851136531768086, 'moneyness': -0.04}",0,0
2023-07-14 09:30:00,1,1,1,straddle_component,615381,SPXW_4550_CE_20230714,50,10.75,trade,"{'detailed': True, 'instrument_type': 'option', 'underlying': 'SPXW', 'strike': 4550, 'expiry': '2023-07-14', 'dividend_rate': 0.015, 'opt_type': 'CE', 'timestamp': '2023-07-14 09:30:00', 'underlying_spot': 4550.5, 'id': 615381, 'bid': 10.5, 'ask': 10.75, 'mid': 10.62, 'delta': 0.5118086171827407, 'theta': -9.428745939335265, 'gamma': 0.0154211904579426, 'vega': 0.6136292519780087, 'sigma': 0.1680408453944657, 'moneyness': -0.01}",0,0
2023-07-14 09:30:00,2,1,1,straddle_component,237149,SPXW_4550_PE_20230714,50,8.75,trade,"{'detailed': True, 'instrument_type': 'option', 'underlying': 'SPXW', 'strike': 4550, 'expiry': '2023-07-14', 'dividend_rate': 0.015, 'opt_type': 'PE', 'timestamp': '2023-07-14 09:30:00', 'underlying_spot': 4550.5, 'id': 237149, 'bid': 8.5, 'ask': 8.75, 'mid': 8.62, 'delta': -0.486686491907573, 'theta': -7.97895710370913, 'gamma': 0.0178138203033029, 'vega': 0.6135557148192556, 'sigma': 0.1454534728510899, 'moneyness': 0.01}",0,0
2023-10-13 09:30:00,1,1,1,straddle_component,42117226,SPXW_4400_CE_20231013,50,12.5,trade,"{'detailed': True, 'instrument_type': 'option', 'underlying': 'SPXW', 'strike': 4400, 'expiry': '2023-10-13', 'dividend_rate': 0.015, 'opt_type': 'CE', 'timestamp': '2023-10-13 09:30:00', 'underlying_spot': 4400.25, 'id': 42117226, 'bid': 12.25, 'ask': 12.5, 'mid': 12.38, 'delta': 0.5070714666605802, 'theta': -11.142668440828492, 'gamma': 0.0130490012928419, 'vega': 0.593535651388085, 'sigma': 0.2054278432078038, 'moneyness': -0.01}",0,0
2023-10-13 09:30:00,2,1,1,straddle_component,42090030,SPXW_4400_PE_20231013,50,12.0,trade,"{'detailed': True, 'instrument_type': 'option', 'underlying': 'SPXW', 'strike': 4400, 'expiry': '2023-10-13', 'dividend_rate': 0.015, 'opt_type': 'PE', 'timestamp': '2023-10-13 09:30:00', 'underlying_spot': 4400.25, 'id': 42090030, 'bid': 11.75, 'ask': 12.0, 'mid': 11.88, 'delta': -0.4928784730909186, 'theta': -10.831842152077948, 'gamma': 0.0132003362551813, 'vega': 0.5935343195000389, 'sigma': 0.2030722681912198, 'moneyness': 0.01}",0,0
2023-11-03 09:30:00,1,1,1,straddle_component,42171632,SPXW_4360_CE_20231103,50,11.75,trade,"{'detailed': True, 'instrument_type': 'option', 'underlying': 'SPXW', 'strike': 4360, 'expiry': '2023-11-03', 'dividend_rate': 0.015, 'opt_type': 'CE', 'timestamp': '2023-11-03 09:30:00', 'underlying_spot': 4360.0, 'id': 42171632, 'bid': 11.5, 'ask': 11.75, 'mid': 11.62, 'delta': 0.5038574870477319, 'theta': -10.57982890272736, 'gamma': 0.0137543670319928, 'vega': 0.5881714786765766, 'sigma': 0.1967138456569589, 'moneyness': 0.0}",0,0
2023-11-03 09:30:00,2,1,1,straddle_component,42134176,SPXW_4360_PE_20231103,50,13.0,trade,"{'detailed': True, 'instrument_type': 'option', 'underlying': 'SPXW', 'strike': 4360, 'expiry': '2023-11-03', 'dividend_rate': 0.015, 'opt_type': 'PE', 'timestamp': '2023-11-03 09:30:00', 'underlying_spot': 4360.0, 'id': 42134176, 'bid': 12.75, 'ask': 13.0, 'mid': 12.88, 'delta': -0.496252661263874, 'theta': -11.629538862360857, 'gamma': 0.0123084869230183, 'vega': 0.5881730376022247, 'sigma': 0.2198224353556779, 'moneyness': 0.0}",0,0
2023-06-30 09:30:00,1,1,1,straddle_component,4155021,SPXW_4465_CE_20230630,50,10.75,trade,"{'detailed': True, 'instrument_type': 'option', 'underlying': 'SPXW', 'strike': 4465, 'expiry': '2023-06-30', 'dividend_rate': 0.015, 'opt_type': 'CE', 'timestamp': '2023-06-30 09:30:00', 'underlying_spot': 4465.5, 'id': 4155021, 'bid': 10.5, 'ask': 10.75, 'mid': 10.62, 'delta': 0.5117738745376244, 'theta': -9.427917725770214, 'gamma': 0.0154196015955676, 'vega': 0.6021686951993992, 'sigma': 0.1712576689647511, 'moneyness': -0.01}",0,0
2023-06-30 09:30:00,2,1,1,straddle_component,4153040,SPXW_4465_PE_20230630,50,8.5,trade,"{'detailed': True, 'instrument_type': 'option', 'underlying': 'SPXW', 'strike': 4465, 'expiry': '2023-06-30', 'dividend_rate': 0.015, 'opt_type': 'PE', 'timestamp': '2023-06-30 09:30:00', 'underlying_spot': 4465.5, 'id': 4153040, 'bid': 8.25, 'ask': 8.5, 'mid': 8.38, 'delta': -0.4864048936522813, 'theta': -7.752477468673994, 'gamma': 0.0183289304267475, 'vega': 0.6020805073796507, 'sigma': 0.144053213906018, 'moneyness': 0.01}",0,0
2023-08-11 09:30:00,1,1,1,straddle_component,42093889,SPXW_4465_CE_20230811,50,13.0,trade,"{'detailed': True, 'instrument_type': 'option', 'underlying': 'SPXW', 'strike': 4465, 'expiry': '2023-08-11', 'dividend_rate': 0.015, 'opt_type': 'CE', 'timestamp': '2023-08-11 09:30:00', 'underlying_spot': 4463.25, 'id': 42093889, 'bid': 12.75, 'ask': 13.0, 'mid': 12.88, 'delta': 0.4833672835012237, 'theta': -12.321404771645344, 'gamma': 0.0116272257599803, 'vega': 0.6016036560646745, 'sigma': 0.2271314387380727, 'moneyness': 0.04}",0,0
2023-08-11 09:30:00,2,1,1,straddle_component,42092080,SPXW_4465_PE_20230811,50,13.0,trade,"{'detailed': True, 'instrument_type': 'option', 'underlying': 'SPXW', 'strike': 4465, 'expiry': '2023-08-11', 'dividend_rate': 0.015, 'opt_type': 'PE', 'timestamp': '2023-08-11 09:30:00', 'underlying_spot': 4463.25, 'id': 42092080, 'bid': 12.75, 'ask': 13.0, 'mid': 12.88, 'delta': -0.5192894779099788, 'theta': -10.625848047795866, 'gamma': 0.0132075500403061, 'vega': 0.6014222549278516, 'sigma': 0.1998944404889699, 'moneyness': -0.04}",0,0
2023-09-08 09:30:00,1,1,1,straddle_component,4245051,SPXW_4460_CE_20230908,50,9.5,trade,"{'detailed': True, 'instrument_type': 'option', 'underlying': 'SPXW', 'strike': 4460, 'expiry': '2023-09-08', 'dividend_rate': 0.015, 'opt_type': 'CE', 'timestamp': '2023-09-08 09:30:00', 'underlying_spot': 4459.0, 'id': 4245051, 'bid': 9.25, 'ask': 9.5, 'mid': 9.38, 'delta': 0.4879353762905047, 'theta': -8.908699581145958, 'gamma': 0.0162131020964295, 'vega': 0.6012785692082669, 'sigma': 0.1631098107746436, 'moneyness': 0.02}",0,0
2023-09-08 09:30:00,2,1,1,straddle_component,4244217,SPXW_4460_PE_20230908,50,11.25,trade,"{'detailed': True, 'instrument_type': 'option', 'underlying': 'SPXW', 'strike': 4460, 'expiry': '2023-09-08', 'dividend_rate': 0.015, 'opt_type': 'PE', 'timestamp': '2023-09-08 09:30:00', 'underlying_spot': 4459.0, 'id': 4244217, 'bid': 11.0, 'ask': 11.25, 'mid': 11.12, 'delta': -0.5109049412038047, 'theta': -9.51000701929902, 'gamma': 0.0149048019437714, 'vega': 0.6013292702605799, 'sigma': 0.1774419723072605, 'moneyness': -0.02}",0,0
2023-06-02 09:30:00,1,1,1,straddle_component,529046,SPXW_4260_CE_20230602,50,10.75,trade,"{'detailed': True, 'instrument_type': 'option', 'underlying': 'SPXW', 'strike': 4260, 'expiry': '2023-06-02', 'dividend_rate': 0.015, 'opt_type': 'CE', 'timestamp': '2023-06-02 09:30:00', 'underlying_spot': 4260.25, 'id': 529046, 'bid': 10.5, 'ask': 10.75, 'mid': 10.62, 'delta': 0.5077733997243428, 'theta': -9.55428958544306, 'gamma': 0.0152326092361931, 'vega': 0.5746325870513473, 'sigma': 0.1817567792909713, 'moneyness': -0.01}",0,0
2023-06-02 09:30:00,2,1,1,straddle_component,370843,SPXW_4260_PE_20230602,50,9.75,trade,"{'detailed': True, 'instrument_type': 'option', 'underlying': 'SPXW', 'strike': 4260, 'expiry': '2023-06-02', 'dividend_rate': 0.015, 'opt_type': 'PE', 'timestamp': '2023-06-02 09:30:00', 'underlying_spot': 4260.25, 'id': 370843, 'bid': 9.5, 'ask': 9.75, 'mid': 9.62, 'delta': -0.4918724081311332, 'theta': -8.792637632766908, 'gamma': 0.0162321328822656, 'vega': 0.5746223490431266, 'sigma': 0.1705617467985349, 'moneyness': 0.01}",0,0
2023-11-24 09:30:00,1,1,1,straddle_component,42263538,SPXW_4565_CE_20231124,50,6.1,trade,"{'detailed': True, 'instrument_type': 'option', 'underlying': 'SPXW', 'strike': 4565, 'expiry': '2023-11-24', 'dividend_rate': 0.015, 'opt_type': 'CE', 'timestamp': '2023-11-24 09:30:00', 'underlying_spot': 4564.25, 'id': 42263538, 'bid': 6.05, 'ask': 6.1, 'mid': 6.07, 'delta': 0.4868150128745085, 'theta': -5.816751485103745, 'gamma': 0.0249031405630262, 'vega': 0.6154141526503483, 'sigma': 0.1037340894997332, 'moneyness': 0.02}",0,0
2023-11-24 09:30:00,2,1,1,straddle_component,42279989,SPXW_4565_PE_20231124,50,5.25,trade,"{'detailed': True, 'instrument_type': 'option', 'underlying': 'SPXW', 'strike': 4565, 'expiry': '2023-11-24', 'dividend_rate': 0.015, 'opt_type': 'PE', 'timestamp': '2023-11-24 09:30:00', 'underlying_spot': 4564.25, 'id': 42279989, 'bid': 5.2, 'ask': 5.25, 'mid': 5.22, 'delta': -0.5175589657079094, 'theta': -4.258000585970412, 'gamma': 0.0324468054202498, 'vega': 0.6151472997347636, 'sigma': 0.0795829451135275, 'moneyness': -0.02}",0,0
2023-03-17 09:30:00,1,1,1,straddle_component,26916,SPXW_3985_CE_20230317,50,16.75,trade,"{'detailed': True, 'instrument_type': 'option', 'underlying': 'SPXW', 'strike': 3985, 'expiry': '2023-03-17', 'dividend_rate': 0.015, 'opt_type': 'CE', 'timestamp': '2023-03-17 09:30:00', 'underlying_spot': 3985.0, 'id': 26916, 'bid': 16.5, 'ask': 16.75, 'mid': 16.62, 'delta': 0.5036942822249202, 'theta': -15.10863565164045, 'gamma': 0.0096013411976514, 'vega': 0.5375854404616653, 'sigma': 0.3083214082361357, 'moneyness': 0.0}",0,0
2023-03-17 09:30:00,2,1,1,straddle_component,25656,SPXW_3985_PE_20230317,50,17.5,trade,"{'detailed': True, 'instrument_type': 'option', 'underlying': 'SPXW', 'strike': 3985, 'expiry': '2023-03-17', 'dividend_rate': 0.015, 'opt_type': 'PE', 'timestamp': '2023-03-17 09:30:00', 'underlying_spot': 3985.0, 'id': 25656, 'bid': 17.0, 'ask': 17.5, 'mid': 17.25, 'delta': -0.4962824195464677, 'theta': -15.59897241806851, 'gamma': 0.0091990726858171, 'vega': 0.5375851495341948, 'sigma': 0.3218039003135818, 'moneyness': 0.0}",0,0
2023-06-09 09:30:00,1,1,1,straddle_component,377782,SPXW_4305_CE_20230609,50,10.0,trade,"{'detailed': True, 'instrument_type': 'option', 'underlying': 'SPXW', 'strike': 4305, 'expiry': '2023-06-09', 'dividend_rate': 0.015, 'opt_type': 'CE', 'timestamp': '2023-06-09 09:30:00', 'underlying_spot': 4305.0, 'id': 377782, 'bid': 9.75, 'ask': 10.0, 'mid': 9.88, 'delta': 0.5040843980889775, 'theta': -8.992964866837887, 'gamma': 0.0162042156759412, 'vega': 0.5807485710088809, 'sigma': 0.1691057080988497, 'moneyness': 0.0}",0,0
2023-06-09 09:30:00,2,1,1,straddle_component,159457,SPXW_4305_PE_20230609,50,8.5,trade,"{'detailed': True, 'instrument_type': 'option', 'underlying': 'SPXW', 'strike': 4305, 'expiry': '2023-06-09', 'dividend_rate': 0.015, 'opt_type': 'PE', 'timestamp': '2023-06-09 09:30:00', 'underlying_spot': 4305.0, 'id': 159457, 'bid': 8.25, 'ask': 8.5, 'mid': 8.38, 'delta': -0.4955910886873305, 'theta': -7.550919559302058, 'gamma': 0.0188805507228551, 'vega': 0.5807434951386434, 'sigma': 0.1451335701414889, 'moneyness': 0.0}",0,0
2023-09-01 09:30:00,1,1,1,straddle_component,42155532,SPXW_4545_CE_20230901,50,9.5,trade,"{'detailed': True, 'instrument_type': 'option', 'underlying': 'SPXW', 'strike': 4545, 'expiry': '2023-09-01', 'dividend_rate': 0.015, 'opt_type': 'CE', 'timestamp': '2023-09-01 09:30:00', 'underlying_spot': 4543.5, 'id': 42155532, 'bid': 9.25, 'ask': 9.5, 'mid': 9.38, 'delta': 0.4804027941684552, 'theta': -9.037571069011625, 'gamma': 0.0158148050033446, 'vega': 0.6122118559569243, 'sigma': 0.1639847793666573, 'moneyness': 0.03}",0,0
2023-09-01 09:30:00,2,1,1,straddle_component,42155881,SPXW_4545_PE_20230901,50,12.0,trade,"{'detailed': True, 'instrument_type': 'option', 'underlying': 'SPXW', 'strike': 4545, 'expiry': '2023-09-01', 'dividend_rate': 0.015, 'opt_type': 'PE', 'timestamp': '2023-09-01 09:30:00', 'underlying_spot': 4543.5, 'id': 42155881, 'bid': 11.75, 'ask': 12.0, 'mid': 11.88, 'delta': -0.5174084159767389, 'theta': -9.874530320279847, 'gamma': 0.0142390148383242, 'vega': 0.6123689427937418, 'sigma': 0.1821789155673403, 'moneyness': -0.03}",0,0
2023-01-27 09:30:00,1,1,1,straddle_component,122842,SPXW_4065_CE_20230127,50,13.25,trade,"{'detailed': True, 'instrument_type': 'option', 'underlying': 'SPXW', 'strike': 4065, 'expiry': '2023-01-27', 'dividend_rate': 0.015, 'opt_type': 'CE', 'timestamp': '2023-01-27 09:30:00', 'underlying_spot': 4065.0, 'id': 122842, 'bid': 13.0, 'ask': 13.25, 'mid': 13.12, 'delta': 0.5036961613842372, 'theta': -11.936709163280916, 'gamma': 0.0121724374757548, 'vega': 0.5483775875079493, 'sigma': 0.23841052486643, 'moneyness': 0.0}",0,0
2023-01-27 09:30:00,2,1,1,straddle_component,630564,SPXW_4065_PE_20230127,50,15.5,trade,"{'detailed': True, 'instrument_type': 'option', 'underlying': 'SPXW', 'strike': 4065, 'expiry': '2023-01-27', 'dividend_rate': 0.015, 'opt_type': 'PE', 'timestamp': '2023-01-27 09:30:00', 'underlying_spot': 4065.0, 'id': 630564, 'bid': 15.25, 'ask': 15.5, 'mid': 15.38, 'delta': -0.4963328929003197, 'theta': -13.898550747192516, 'gamma': 0.0103166349063599, 'vega': 0.548377962501565, 'sigma': 0.2812970519278957, 'moneyness': 0.0}",0,0
2023-07-21 09:30:00,1,1,1,straddle_component,386043,SPXW_4575_CE_20230721,50,12.5,trade,"{'detailed': True, 'instrument_type': 'option', 'underlying': 'SPXW', 'strike': 4575, 'expiry': '2023-07-21', 'dividend_rate': 0.015, 'opt_type': 'CE', 'timestamp': '2023-07-21 09:30:00', 'underlying_spot': 4577.5, 'id': 386043, 'bid': 12.25, 'ask': 12.5, 'mid': 12.38, 'delta': 0.5400357035463266, 'theta': -9.68729759596288, 'gamma': 0.0143673005403854, 'vega': 0.6144200718413524, 'sigma': 0.1784779894669428, 'moneyness': -0.05}",0,0
2023-07-21 09:30:00,2,1,1,straddle_component,383158,SPXW_4575_PE_20230721,50,7.25,trade,"{'detailed': True, 'instrument_type': 'option', 'underlying': 'SPXW', 'strike': 4575, 'expiry': '2023-07-21', 'dividend_rate': 0.015, 'opt_type': 'PE', 'timestamp': '2023-07-21 09:30:00', 'underlying_spot': 4577.5, 'id': 383158, 'bid': 7.0, 'ask': 7.25, 'mid': 7.12, 'delta': -0.4480098900985219, 'theta': -6.99570766023923, 'gamma': 0.0188535080702934, 'vega': 0.6122626418361166, 'sigma': 0.1355354812203982, 'moneyness': 0.05}",0,0
2023-12-01 09:30:00,1,1,1,straddle_component,42273555,SPXW_4565_CE_20231201,50,12.75,trade,"{'detailed': True, 'instrument_type': 'option', 'underlying': 'SPXW', 'strike': 4565, 'expiry': '2023-12-01', 'dividend_rate': 0.015, 'opt_type': 'CE', 'timestamp': '2023-12-01 09:30:00', 'underlying_spot': 4566.5, 'id': 42273555, 'bid': 12.5, 'ask': 12.75, 'mid': 12.62, 'delta': 0.5241064645885807, 'theta': -10.652915634559404, 'gamma': 0.0134601235579623, 'vega': 0.614929720471749, 'sigma': 0.1915826338042422, 'moneyness': -0.03}",0,0
2023-12-01 09:30:00,2,1,1,straddle_component,42276252,SPXW_4565_PE_20231201,50,9.7,trade,"{'detailed': True, 'instrument_type': 'option', 'underlying': 'SPXW', 'strike': 4565, 'expiry': '2023-12-01', 'dividend_rate': 0.015, 'opt_type': 'PE', 'timestamp': '2023-12-01 09:30:00', 'underlying_spot': 4566.5, 'id': 42276252, 'bid': 9.55, 'ask': 9.7, 'mid': 9.62, 'delta': -0.4730081830110144, 'theta': -9.186338718397192, 'gamma': 0.0152474010484127, 'vega': 0.6146423905871554, 'sigma': 0.169047063094242, 'moneyness': 0.03}",0,0
2023-03-31 09:30:00,1,1,1,straddle_component,61886,SPXW_4090_CE_20230331,50,10.25,trade,"{'detailed': True, 'instrument_type': 'option', 'underlying': 'SPXW', 'strike': 4090, 'expiry': '2023-03-31', 'dividend_rate': 0.015, 'opt_type': 'CE', 'timestamp': '2023-03-31 09:30:00', 'underlying_spot': 4092.5, 'id': 61886, 'bid': 10.0, 'ask': 10.25, 'mid': 10.12, 'delta': 0.5494861374805815, 'theta': -7.55094902806519, 'gamma': 0.018017471266063, 'vega': 0.5478419690153906, 'sigma': 0.1587601328827348, 'moneyness': -0.06}",0,0
2023-03-31 09:30:00,2,1,1,straddle_component,712480,SPXW_4090_PE_20230331,50,9.75,trade,"{'detailed': True, 'instrument_type': 'option', 'underlying': 'SPXW', 'strike': 4090, 'expiry': '2023-03-31', 'dividend_rate': 0.015, 'opt_type': 'PE', 'timestamp': '2023-03-31 09:30:00', 'underlying_spot': 4092.5, 'id': 712480, 'bid': 9.5, 'ask': 9.75, 'mid': 9.62, 'delta': -0.4596332033186989, 'theta': -9.372536725466558, 'gamma': 0.0145528040640385, 'vega': 0.5492755568958412, 'sigma': 0.1970680579688132, 'moneyness': 0.06}",0,0
2023-10-27 09:30:00,1,1,1,straddle_component,42116919,SPXW_4170_CE_20231027,50,17.25,trade,"{'detailed': True, 'instrument_type': 'option', 'underlying': 'SPXW', 'strike': 4170, 'expiry': '2023-10-27', 'dividend_rate': 0.015, 'opt_type': 'CE', 'timestamp': '2023-10-27 09:30:00', 'underlying_spot': 4172.5, 'id': 42116919, 'bid': 17.0, 'ask': 17.25, 'mid': 17.12, 'delta': 0.5288417066912743, 'theta': -14.110572306239742, 'gamma': 0.0100506472833217, 'vega': 0.561430434763686, 'sigma': 0.2805789104688032, 'moneyness': -0.06}",0,0
2023-10-27 09:30:00,2,1,1,straddle_component,42116925,SPXW_4170_PE_20231027,50,13.25,trade,"{'detailed': True, 'instrument_type': 'option', 'underlying': 'SPXW', 'strike': 4170, 'expiry': '2023-10-27', 'dividend_rate': 0.015, 'opt_type': 'PE', 'timestamp': '2023-10-27 09:30:00', 'underlying_spot': 4172.5, 'id': 42116925, 'bid': 13.0, 'ask': 13.25, 'mid': 13.12, 'delta': -0.4687105721624895, 'theta': -12.642542844847316, 'gamma': 0.0110226373628563, 'vega': 0.5611691736237034, 'sigma': 0.2557183858966829, 'moneyness': 0.06}",0,0
2023-09-29 09:30:00,1,1,1,straddle_component,42183970,SPXW_4365_CE_20230929,50,14.0,trade,"{'detailed': True, 'instrument_type': 'option', 'underlying': 'SPXW', 'strike': 4365, 'expiry': '2023-09-29', 'dividend_rate': 0.015, 'opt_type': 'CE', 'timestamp': '2023-09-29 09:30:00', 'underlying_spot': 4364.75, 'id': 42183970, 'bid': 13.75, 'ask': 14.0, 'mid': 13.88, 'delta': 0.5008463722556478, 'theta': -12.728794660431294, 'gamma': 0.0114127944961239, 'vega': 0.5888384925206349, 'sigma': 0.2368263784236849, 'moneyness': 0.01}",0,0
2023-09-29 09:30:00,2,1,1,straddle_component,42202205,SPXW_4365_PE_20230929,50,13.25,trade,"{'detailed': True, 'instrument_type': 'option', 'underlying': 'SPXW', 'strike': 4365, 'expiry': '2023-09-29', 'dividend_rate': 0.015, 'opt_type': 'PE', 'timestamp': '2023-09-29 09:30:00', 'underlying_spot': 4364.75, 'id': 42202205, 'bid': 13.0, 'ask': 13.25, 'mid': 13.12, 'delta': -0.4993069083548462, 'theta': -11.73856043838627, 'gamma': 0.0121914844086745, 'vega': 0.5888389284766511, 'sigma': 0.2217000533795246, 'moneyness': -0.01}",0,0
2023-12-15 09:30:00,1,1,1,straddle_component,42250302,SPXW_4765_CE_20231215,50,11.5,trade,"{'detailed': True, 'instrument_type': 'option', 'underlying': 'SPXW', 'strike': 4765, 'expiry': '2023-12-15', 'dividend_rate': 0.015, 'opt_type': 'CE', 'timestamp': '2023-12-15 09:30:00', 'underlying_spot': 4766.75, 'id': 42250302, 'bid': 11.25, 'ask': 11.5, 'mid': 11.38, 'delta': 0.5308800418577064, 'theta': -9.328110576359371, 'gamma': 0.0152342105153024, 'vega': 0.6411385582906242, 'sigma': 0.1619706614675079, 'moneyness': -0.04}",0,0
2023-12-15 09:30:00,2,1,1,straddle_component,42277194,SPXW_4765_PE_20231215,50,10.0,trade,"{'detailed': True, 'instrument_type': 'option', 'underlying': 'SPXW', 'strike': 4765, 'expiry': '2023-12-15', 'dividend_rate': 0.015, 'opt_type': 'PE', 'timestamp': '2023-12-15 09:30:00', 'underlying_spot': 4766.75, 'id': 42277194, 'bid': 9.95, 'ask': 10.0, 'mid': 9.98, 'delta': -0.4703558990581946, 'theta': -9.563616476544595, 'gamma': 0.0145791672956363, 'vega': 0.6412909362832151, 'sigma': 0.1692879491924845, 'moneyness': 0.04}",0,0
2023-05-26 09:30:00,1,1,1,straddle_component,240621,SPXW_4170_CE_20230526,50,11.0,trade,"{'detailed': True, 'instrument_type': 'option', 'underlying': 'SPXW', 'strike': 4170, 'expiry': '2023-05-26', 'dividend_rate': 0.015, 'opt_type': 'CE', 'timestamp': '2023-05-26 09:30:00', 'underlying_spot': 4167.75, 'id': 240621, 'bid': 10.75, 'ask': 11.0, 'mid': 10.88, 'delta': 0.4737492694918188, 'theta': -10.575927933535718, 'gamma': 0.0133294908266634, 'vega': 0.5610422559810608, 'sigma': 0.2118973643789585, 'moneyness': 0.05}",0,0
2023-05-26 09:30:00,2,1,1,straddle_component,398711,SPXW_4170_PE_20230526,50,14.75,trade,"{'detailed': True, 'instrument_type': 'option', 'underlying': 'SPXW', 'strike': 4170, 'expiry': '2023-05-26', 'dividend_rate': 0.015, 'opt_type': 'PE', 'timestamp': '2023-05-26 09:30:00', 'underlying_spot': 4167.75, 'id': 398711, 'bid': 14.5, 'ask': 14.75, 'mid': 14.62, 'delta': -0.5227710609489122, 'theta': -11.89315983478815, 'gamma': 0.0117509410557659, 'vega': 0.5613449554240324, 'sigma': 0.2404915343357136, 'moneyness': -0.05}",0,0
2023-06-23 09:30:00,1,1,1,straddle_component,4112793,SPXW_4385_CE_20230623,50,10.75,trade,"{'detailed': True, 'instrument_type': 'option', 'underlying': 'SPXW', 'strike': 4385, 'expiry': '2023-06-23', 'dividend_rate': 0.015, 'opt_type': 'CE', 'timestamp': '2023-06-23 09:30:00', 'underlying_spot': 4386.75, 'id': 4112793, 'bid': 10.5, 'ask': 10.75, 'mid': 10.62, 'delta': 0.5329232621986257, 'theta': -8.627856742086195, 'gamma': 0.0164044605632796, 'vega': 0.5897843095235693, 'sigma': 0.1633786622585852, 'moneyness': -0.04}",0,0
2023-06-23 09:30:00,2,1,1,straddle_component,4110919,SPXW_4385_PE_20230623,50,9.0,trade,"{'detailed': True, 'instrument_type': 'option', 'underlying': 'SPXW', 'strike': 4385, 'expiry': '2023-06-23', 'dividend_rate': 0.015, 'opt_type': 'PE', 'timestamp': '2023-06-23 09:30:00', 'underlying_spot': 4386.75, 'id': 4110919, 'bid': 8.75, 'ask': 9.0, 'mid': 8.88, 'delta': -0.4674218047358458, 'theta': -8.546540011842586, 'gamma': 0.0162208734444391, 'vega': 0.5898266919488044, 'sigma': 0.1652395616743519, 'moneyness': 0.04}",0,0
2023-08-25 09:30:00,1,1,1,straddle_component,42091262,SPXW_4405_CE_20230825,50,14.75,trade,"{'detailed': True, 'instrument_type': 'option', 'underlying': 'SPXW', 'strike': 4405, 'expiry': '2023-08-25', 'dividend_rate': 0.015, 'opt_type': 'CE', 'timestamp': '2023-08-25 09:30:00', 'underlying_spot': 4405.25, 'id': 42091262, 'bid': 14.5, 'ask': 14.75, 'mid': 14.62, 'delta': 0.50644193404068, 'theta': -13.182937728820391, 'gamma': 0.011016552079468, 'vega': 0.5942260398222725, 'sigma': 0.2430577384822869, 'moneyness': -0.01}",0,0
2023-08-25 09:30:00,2,1,1,straddle_component,42136134,SPXW_4405_PE_20230825,50,18.25,trade,"{'detailed': True, 'instrument_type': 'option', 'underlying': 'SPXW', 'strike': 4405, 'expiry': '2023-08-25', 'dividend_rate': 0.015, 'opt_type': 'PE', 'timestamp': '2023-08-25 09:30:00', 'underlying_spot': 4405.25, 'id': 42136134, 'bid': 18.0, 'ask': 18.25, 'mid': 18.12, 'delta': -0.4941327015643537, 'theta': -16.498730369108564, 'gamma': 0.0086933258813814, 'vega': 0.5942392913835253, 'sigma': 0.3080199442210751, 'moneyness': 0.01}",0,0
2023-06-16 09:30:00,1,1,1,straddle_component,549604,SPXW_4490_CE_20230616,50,11.75,trade,"{'detailed': True, 'instrument_type': 'option', 'underlying': 'SPXW', 'strike': 4490, 'expiry': '2023-06-16', 'dividend_rate': 0.015, 'opt_type': 'CE', 'timestamp': '2023-06-16 09:30:00', 'underlying_spot': 4488.25, 'id': 549604, 'bid': 11.5, 'ask': 11.75, 'mid': 11.62, 'delta': 0.4814042988294353, 'theta': -11.170857280822382, 'gamma': 0.0127957761542063, 'vega': 0.6048412425372236, 'sigma': 0.2051948385852538, 'moneyness': 0.04}",0,0
2023-06-16 09:30:00,2,1,1,straddle_component,175966,SPXW_4490_PE_20230616,50,10.75,trade,"{'detailed': True, 'instrument_type': 'option', 'underlying': 'SPXW', 'strike': 4490, 'expiry': '2023-06-16', 'dividend_rate': 0.015, 'opt_type': 'PE', 'timestamp': '2023-06-16 09:30:00', 'underlying_spot': 4488.25, 'id': 175966, 'bid': 10.5, 'ask': 10.75, 'mid': 10.62, 'delta': -0.5242788586454772, 'theta': -8.541737518871432, 'gamma': 0.0162386622726273, 'vega': 0.604374617835524, 'sigma': 0.1615659092243918, 'moneyness': -0.04}",0,0
2023-05-05 09:30:00,1,1,1,straddle_component,553565,SPXW_4110_CE_20230505,50,14.25,trade,"{'detailed': True, 'instrument_type': 'option', 'underlying': 'SPXW', 'strike': 4110, 'expiry': '2023-05-05', 'dividend_rate': 0.015, 'opt_type': 'CE', 'timestamp': '2023-05-05 09:30:00', 'underlying_spot': 4112.5, 'id': 553565, 'bid': 14.0, 'ask': 14.25, 'mid': 14.12, 'delta': 0.5347995734612532, 'theta': -11.322672521593084, 'gamma': 0.0124005002355431, 'vega': 0.5526935343485606, 'sigma': 0.2304521334713153, 'moneyness': -0.06}",0,0
2023-05-05 09:30:00,2,1,1,straddle_component,253831,SPXW_4110_PE_20230505,50,11.25,trade,"{'detailed': True, 'instrument_type': 'option', 'underlying': 'SPXW', 'strike': 4110, 'expiry': '2023-05-05', 'dividend_rate': 0.015, 'opt_type': 'PE', 'timestamp': '2023-05-05 09:30:00', 'underlying_spot': 4112.5, 'id': 253831, 'bid': 11.0, 'ask': 11.25, 'mid': 11.12, 'delta': -0.4641816731824733, 'theta': -10.779722341189094, 'gamma': 0.0127966310614624, 'vega': 0.5525674878653977, 'sigma': 0.2232675555088989, 'moneyness': 0.06}",0,0
2023-10-06 09:30:00,1,1,1,straddle_component,42214782,SPXW_4265_CE_20231006,50,17.5,trade,"{'detailed': True, 'instrument_type': 'option', 'underlying': 'SPXW', 'strike': 4265, 'expiry': '2023-10-06', 'dividend_rate': 0.015, 'opt_type': 'CE', 'timestamp': '2023-10-06 09:30:00', 'underlying_spot': 4267.5, 'id': 42214782, 'bid': 17.25, 'ask': 17.5, 'mid': 17.38, 'delta': 0.5284503066221191, 'theta': -14.342761379328682, 'gamma': 0.0098951943527936, 'vega': 0.5742537697476333, 'sigma': 0.2786623132193074, 'moneyness': -0.06}",0,0
2023-10-06 09:30:00,2,1,1,straddle_component,42211347,SPXW_4265_PE_20231006,50,16.5,trade,"{'detailed': True, 'instrument_type': 'option', 'underlying': 'SPXW', 'strike': 4265, 'expiry': '2023-10-06', 'dividend_rate': 0.015, 'opt_type': 'PE', 'timestamp': '2023-10-06 09:30:00', 'underlying_spot': 4267.5, 'id': 42211347, 'bid': 16.25, 'ask': 16.5, 'mid': 16.38, 'delta': -0.4737817675632527, 'theta': -15.647854623585271, 'gamma': 0.0089960007443323, 'vega': 0.5744751673762893, 'sigma': 0.3066338533672007, 'moneyness': 0.06}",0,0
2023-03-03 09:30:00,1,1,1,straddle_component,214696,SPXW_4000_CE_20230303,50,16.5,trade,"{'detailed': True, 'instrument_type': 'option', 'underlying': 'SPXW', 'strike': 4000, 'expiry': '2023-03-03', 'dividend_rate': 0.015, 'opt_type': 'CE', 'timestamp': '2023-03-03 09:30:00', 'underlying_spot': 4000.5, 'id': 214696, 'bid': 16.25, 'ask': 16.5, 'mid': 16.38, 'delta': 0.5086305791319745, 'theta': -14.642748592196371, 'gamma': 0.0098986513563659, 'vega': 0.5395731874365843, 'sigma': 0.2978450467968792, 'moneyness': -0.01}",0,0
2023-03-03 09:30:00,2,1,1,straddle_component,194338,SPXW_4000_PE_20230303,50,11.0,trade,"{'detailed': True, 'instrument_type': 'option', 'underlying': 'SPXW', 'strike': 4000, 'expiry': '2023-03-03', 'dividend_rate': 0.015, 'opt_type': 'PE', 'timestamp': '2023-03-03 09:30:00', 'underlying_spot': 4000.5, 'id': 194338, 'bid': 10.75, 'ask': 11.0, 'mid': 10.88, 'delta': -0.4890779623623054, 'theta': -10.028238901120774, 'gamma': 0.014238538579292, 'vega': 0.5394969380150565, 'sigma': 0.2070331258680195, 'moneyness': 0.01}",0,0
2023-09-15 09:30:00,1,1,1,straddle_component,4239576,SPXW_4540_CE_20230915,50,9.0,trade,"{'detailed': True, 'instrument_type': 'option', 'underlying': 'SPXW', 'strike': 4540, 'expiry': '2023-09-15', 'dividend_rate': 0.015, 'opt_type': 'CE', 'timestamp': '2023-09-15 09:30:00', 'underlying_spot': 4538.5, 'id': 4239576, 'bid': 8.75, 'ask': 9.0, 'mid': 8.88, 'delta': 0.4792610843957767, 'theta': -8.57529334339656, 'gamma': 0.0166414336355558, 'vega': 0.6114488221387964, 'sigma': 0.1559882545409662, 'moneyness': 0.03}",0,0
2023-09-15 09:30:00,2,1,1,straddle_component,4240080,SPXW_4540_PE_20230915,50,10.5,trade,"{'detailed': True, 'instrument_type': 'option', 'underlying': 'SPXW', 'strike': 4540, 'expiry': '2023-09-15', 'dividend_rate': 0.015, 'opt_type': 'PE', 'timestamp': '2023-09-15 09:30:00', 'underlying_spot': 4538.5, 'id': 4240080, 'bid': 10.25, 'ask': 10.5, 'mid': 10.38, 'delta': -0.5204698191505486, 'theta': -8.490602657566614, 'gamma': 0.0164458959872604, 'vega': 0.611470336387308, 'sigma': 0.1578484246639355, 'moneyness': -0.03}",0,0
2023-11-10 09:30:00,1,1,1,straddle_component,42155025,SPXW_4380_CE_20231110,50,10.0,trade,"{'detailed': True, 'instrument_type': 'option', 'underlying': 'SPXW', 'strike': 4380, 'expiry': '2023-11-10', 'dividend_rate': 0.015, 'opt_type': 'CE', 'timestamp': '2023-11-10 09:30:00', 'underlying_spot': 4379.75, 'id': 42155025, 'bid': 9.9, 'ask': 10.0, 'mid': 9.95, 'delta': 0.5001085973531438, 'theta': -9.169454348485298, 'gamma': 0.0158836905050918, 'vega': 0.5908634111508988, 'sigma': 0.1695827103252382, 'moneyness': 0.01}",0,0
2023-11-10 09:30:00,2,1,1,straddle_component,42153329,SPXW_4380_PE_20231110,50,9.95,trade,"{'detailed': True, 'instrument_type': 'option', 'underlying': 'SPXW', 'strike': 4380, 'expiry': '2023-11-10', 'dividend_rate': 0.015, 'opt_type': 'PE', 'timestamp': '2023-11-10 09:30:00', 'underlying_spot': 4379.75, 'id': 42153329, 'bid': 9.9, 'ask': 9.95, 'mid': 9.93, 'delta': -0.4999276418850229, 'theta': -8.836312250308646, 'gamma': 0.0161501365170124, 'vega': 0.5908634228450476, 'sigma': 0.1667849274122526, 'moneyness': -0.01}",0,0
2023-05-19 09:30:00,1,1,1,straddle_component,119539,SPXW_4220_CE_20230519,50,9.75,trade,"{'detailed': True, 'instrument_type': 'option', 'underlying': 'SPXW', 'strike': 4220, 'expiry': '2023-05-19', 'dividend_rate': 0.015, 'opt_type': 'CE', 'timestamp': '2023-05-19 09:30:00', 'underlying_spot': 4219.0, 'id': 119539, 'bid': 9.5, 'ask': 9.75, 'mid': 9.62, 'delta': 0.488198756069913, 'theta': -9.135154771206045, 'gamma': 0.0158058718113807, 'vega': 0.5689269574153464, 'sigma': 0.1768333907216856, 'moneyness': 0.02}",0,0
2023-05-19 09:30:00,2,1,1,straddle_component,529290,SPXW_4220_PE_20230519,50,10.75,trade,"{'detailed': True, 'instrument_type': 'option', 'underlying': 'SPXW', 'strike': 4220, 'expiry': '2023-05-19', 'dividend_rate': 0.015, 'opt_type': 'PE', 'timestamp': '2023-05-19 09:30:00', 'underlying_spot': 4219.0, 'id': 529290, 'bid': 10.5, 'ask': 10.75, 'mid': 10.62, 'delta': -0.5116536437708596, 'theta': -9.055301980979836, 'gamma': 0.0156416917285184, 'vega': 0.5689331883760698, 'sigma': 0.178691433263015, 'moneyness': -0.02}",0,0
2023-08-18 09:30:00,1,1,1,straddle_component,42113829,SPXW_4355_CE_20230818,50,11.25,trade,"{'detailed': True, 'instrument_type': 'option', 'underlying': 'SPXW', 'strike': 4355, 'expiry': '2023-08-18', 'dividend_rate': 0.015, 'opt_type': 'CE', 'timestamp': '2023-08-18 09:30:00', 'underlying_spot': 4356.25, 'id': 42113829, 'bid': 11.0, 'ask': 11.25, 'mid': 11.12, 'delta': 0.5230598002356146, 'theta': -9.437665353904094, 'gamma': 0.0152291542931948, 'vega': 0.5867082489505115, 'sigma': 0.17752828379452, 'moneyness': -0.03}",0,0
2023-08-18 09:30:00,2,1,1,straddle_component,42114601,SPXW_4355_PE_20230818,50,14.0,trade,"{'detailed': True, 'instrument_type': 'option', 'underlying': 'SPXW', 'strike': 4355, 'expiry': '2023-08-18', 'dividend_rate': 0.015, 'opt_type': 'PE', 'timestamp': '2023-08-18 09:30:00', 'underlying_spot': 4356.25, 'id': 42114601, 'bid': 13.75, 'ask': 14.0, 'mid': 13.88, 'delta': -0.4826467615726137, 'theta': -13.013934444231849, 'gamma': 0.0109304094841888, 'vega': 0.5871362886870743, 'sigma': 0.2475267660670261, 'moneyness': 0.03}",0,0
2024-01-29 09:30:00,1,1,1,straddle_component,42304824,SPXW_4920_CE_20240129,50,7.6,trade,"{'detailed': True, 'instrument_type': 'option', 'underlying': 'SPXW', 'strike': 4920, 'expiry': '2024-01-29', 'dividend_rate': 0.015, 'opt_type': 'CE', 'timestamp': '2024-01-29 09:30:00', 'underlying_spot': 4918.0, 'id': 42304824, 'bid': 7.45, 'ask': 7.6, 'mid': 7.52, 'delta': 0.4670556942450332, 'theta': -7.4031658754713074, 'gamma': 0.0188180965388085, 'vega': 0.6611993737353492, 'sigma': 0.1270380844798805, 'moneyness': 0.04}",0,0
2024-01-29 09:30:00,2,1,1,straddle_component,42305972,SPXW_4920_PE_20240129,50,8.7,trade,"{'detailed': True, 'instrument_type': 'option', 'underlying': 'SPXW', 'strike': 4920, 'expiry': '2024-01-29', 'dividend_rate': 0.015, 'opt_type': 'PE', 'timestamp': '2024-01-29 09:30:00', 'underlying_spot': 4918.0, 'id': 42305972, 'bid': 8.6, 'ask': 8.7, 'mid': 8.65, 'delta': -0.5363369852938504, 'theta': -6.48561768519512, 'gamma': 0.0206539372626934, 'vega': 0.6607020850727223, 'sigma': 0.1156603371008565, 'moneyness': -0.04}",0,0
2024-06-10 09:30:00,1,1,1,straddle_component,42350679,SPXW_5345_CE_20240610,50,11.5,trade,"{'detailed': True, 'instrument_type': 'option', 'underlying': 'SPXW', 'strike': 5345, 'expiry': '2024-06-10', 'dividend_rate': 0.015, 'opt_type': 'CE', 'timestamp': '2024-06-10 09:30:00', 'underlying_spot': 5346.5, 'id': 42350679, 'bid': 11.0, 'ask': 11.5, 'mid': 11.25, 'delta': 0.527326643353998, 'theta': -9.394802974326687, 'gamma': 0.0152462289015886, 'vega': 0.7195854318244086, 'sigma': 0.1443875949044116, 'moneyness': -0.03}",0,0
2024-06-10 09:30:00,2,1,1,straddle_component,42330156,SPXW_5345_PE_20240610,50,9.2,trade,"{'detailed': True, 'instrument_type': 'option', 'underlying': 'SPXW', 'strike': 5345, 'expiry': '2024-06-10', 'dividend_rate': 0.015, 'opt_type': 'PE', 'timestamp': '2024-06-10 09:30:00', 'underlying_spot': 5346.5, 'id': 42330156, 'bid': 9.0, 'ask': 9.2, 'mid': 9.1, 'delta': -0.4713464343641504, 'theta': -8.694817793437725, 'gamma': 0.0160393958381632, 'vega': 0.7194152609112345, 'sigma': 0.1372153280034838, 'moneyness': 0.03}",0,0
2024-05-13 09:30:00,1,1,1,straddle_component,42116442,SPXW_5260_CE_20240513,50,9.0,trade,"{'detailed': True, 'instrument_type': 'option', 'underlying': 'SPXW', 'strike': 5260, 'expiry': '2024-05-13', 'dividend_rate': 0.015, 'opt_type': 'CE', 'timestamp': '2024-05-13 09:30:00', 'underlying_spot': 5260.75, 'id': 42116442, 'bid': 8.8, 'ask': 9.0, 'mid': 8.9, 'delta': 0.5190985661500669, 'theta': -7.724161878839697, 'gamma': 0.0188073437534797, 'vega': 0.7088986911000168, 'sigma': 0.1190992850176532, 'moneyness': -0.01}",0,0
2024-05-13 09:30:00,2,1,1,straddle_component,42101880,SPXW_5260_PE_20240513,50,6.8,trade,"{'detailed': True, 'instrument_type': 'option', 'underlying': 'SPXW', 'strike': 5260, 'expiry': '2024-05-13', 'dividend_rate': 0.015, 'opt_type': 'PE', 'timestamp': '2024-05-13 09:30:00', 'underlying_spot': 5260.75, 'id': 42101880, 'bid': 6.6, 'ask': 6.8, 'mid': 6.7, 'delta': -0.4776448382608489, 'theta': -6.299459634534823, 'gamma': 0.0222777299097032, 'vega': 0.7085923898445086, 'sigma': 0.1005034931175087, 'moneyness': 0.01}",0,0
2024-03-18 09:30:00,1,1,1,straddle_component,42307656,SPXW_5225_CE_20240318,50,10.25,trade,"{'detailed': True, 'instrument_type': 'option', 'underlying': 'SPXW', 'strike': 5225, 'expiry': '2024-03-18', 'dividend_rate': 0.015, 'opt_type': 'CE', 'timestamp': '2024-03-18 09:30:00', 'underlying_spot': 5226.5, 'id': 42307656, 'bid': 9.85, 'ask': 10.25, 'mid': 10.05, 'delta': 0.5305768341701267, 'theta': -8.284727168172967, 'gamma': 0.0172238539875024, 'vega': 0.7030133053040659, 'sigma': 0.1306660962421859, 'moneyness': -0.03}",0,0
2024-03-18 09:30:00,2,1,1,straddle_component,42300457,SPXW_5225_PE_20240318,50,9.65,trade,"{'detailed': True, 'instrument_type': 'option', 'underlying': 'SPXW', 'strike': 5225, 'expiry': '2024-03-18', 'dividend_rate': 0.015, 'opt_type': 'PE', 'timestamp': '2024-03-18 09:30:00', 'underlying_spot': 5226.5, 'id': 42300457, 'bid': 9.4, 'ask': 9.65, 'mid': 9.52, 'delta': -0.4725012511201498, 'theta': -9.088212674119491, 'gamma': 0.0153827923909943, 'vega': 0.7034138289874843, 'sigma': 0.1463871107677329, 'moneyness': 0.03}",0,0
2024-11-25 09:30:00,1,1,1,straddle_component,42412449,SPXW_6020_CE_20241125,50,14.0,trade,"{'detailed': True, 'instrument_type': 'option', 'underlying': 'SPXW', 'strike': 6020, 'expiry': '2024-11-25', 'dividend_rate': 0.015, 'opt_type': 'CE', 'timestamp': '2024-11-25 09:30:00', 'underlying_spot': 6021.5, 'id': 42412449, 'bid': 13.75, 'ask': 14.0, 'mid': 13.88, 'delta': 0.5224897953520546, 'theta': -11.81455389735935, 'gamma': 0.0121903915761834, 'vega': 0.8110529878289272, 'sigma': 0.1604609613954294, 'moneyness': -0.02}",0,0
2024-11-25 09:30:00,2,1,1,straddle_component,42352649,SPXW_6020_PE_20241125,50,7.3,trade,"{'detailed': True, 'instrument_type': 'option', 'underlying': 'SPXW', 'strike': 6020, 'expiry': '2024-11-25', 'dividend_rate': 0.015, 'opt_type': 'PE', 'timestamp': '2024-11-25 09:30:00', 'underlying_spot': 6021.5, 'id': 42352649, 'bid': 7.15, 'ask': 7.3, 'mid': 7.22, 'delta': -0.4645870661861728, 'theta': -6.950324252503304, 'gamma': 0.0197552031622194, 'vega': 0.8091143236972949, 'sigma': 0.0987826626603312, 'moneyness': 0.02}",0,0
2024-06-24 09:30:00,1,1,1,straddle_component,42376604,SPXW_5530_CE_20240624,50,10.75,trade,"{'detailed': True, 'instrument_type': 'option', 'underlying': 'SPXW', 'strike': 5530, 'expiry': '2024-06-24', 'dividend_rate': 0.015, 'opt_type': 'CE', 'timestamp': '2024-06-24 09:30:00', 'underlying_spot': 5530.5, 'id': 42376604, 'bid': 10.25, 'ask': 10.75, 'mid': 10.5, 'delta': 0.5123860047953066, 'theta': -9.324755993105564, 'gamma': 0.0156290810870984, 'vega': 0.7457475656099648, 'sigma': 0.1364190242642093, 'moneyness': -0.01}",0,0
2024-06-24 09:30:00,2,1,1,straddle_component,42391172,SPXW_5530_PE_20240624,50,9.4,trade,"{'detailed': True, 'instrument_type': 'option', 'underlying': 'SPXW', 'strike': 5530, 'expiry': '2024-06-24', 'dividend_rate': 0.015, 'opt_type': 'PE', 'timestamp': '2024-06-24 09:30:00', 'underlying_spot': 5530.5, 'id': 42391172, 'bid': 9.2, 'ask': 9.4, 'mid': 9.3, 'delta': -0.4869952078063733, 'theta': -8.583297783040816, 'gamma': 0.016541232277234, 'vega': 0.7457103066606336, 'sigma': 0.1288899578431303, 'moneyness': 0.01}",0,0
2024-04-29 09:30:00,1,1,1,straddle_component,42388716,SPXW_5145_CE_20240429,50,10.75,trade,"{'detailed': True, 'instrument_type': 'option', 'underlying': 'SPXW', 'strike': 5145, 'expiry': '2024-04-29', 'dividend_rate': 0.015, 'opt_type': 'CE', 'timestamp': '2024-04-29 09:30:00', 'underlying_spot': 5147.5, 'id': 42388716, 'bid': 10.25, 'ask': 10.75, 'mid': 10.5, 'delta': 0.5481572087966846, 'theta': -7.918752659201539, 'gamma': 0.0173089141064508, 'vega': 0.6893452472798804, 'sigma': 0.1314427183752826, 'moneyness': -0.05}",0,0
2024-04-29 09:30:00,2,1,1,straddle_component,42376512,SPXW_5145_PE_20240429,50,8.25,trade,"{'detailed': True, 'instrument_type': 'option', 'underlying': 'SPXW', 'strike': 5145, 'expiry': '2024-04-29', 'dividend_rate': 0.015, 'opt_type': 'PE', 'timestamp': '2024-04-29 09:30:00', 'underlying_spot': 5147.5, 'id': 42376512, 'bid': 7.95, 'ask': 8.25, 'mid': 8.1, 'delta': -0.4529786864371665, 'theta': -7.921205341104907, 'gamma': 0.0168886596974005, 'vega': 0.6895843393469834, 'sigma': 0.134759717409617, 'moneyness': 0.05}",0,0
2024-04-01 09:30:00,1,1,1,straddle_component,42342054,SPXW_5310_CE_20240401,50,8.7,trade,"{'detailed': True, 'instrument_type': 'option', 'underlying': 'SPXW', 'strike': 5310, 'expiry': '2024-04-01', 'dividend_rate': 0.015, 'opt_type': 'CE', 'timestamp': '2024-04-01 09:30:00', 'underlying_spot': 5309.0, 'id': 42342054, 'bid': 8.35, 'ask': 8.7, 'mid': 8.52, 'delta': 0.4870499738943934, 'theta': -8.138221321397666, 'gamma': 0.0177708258419784, 'vega': 0.7158465884198666, 'sigma': 0.1249778842129149, 'moneyness': 0.02}",0,0
2024-04-01 09:30:00,2,1,1,straddle_component,42307022,SPXW_5310_PE_20240401,50,7.25,trade,"{'detailed': True, 'instrument_type': 'option', 'underlying': 'SPXW', 'strike': 5310, 'expiry': '2024-04-01', 'dividend_rate': 0.015, 'opt_type': 'PE', 'timestamp': '2024-04-01 09:30:00', 'underlying_spot': 5309.0, 'id': 42307022, 'bid': 6.95, 'ask': 7.25, 'mid': 7.1, 'delta': -0.5179164752985521, 'theta': -5.807983343389609, 'gamma': 0.0238834798693687, 'vega': 0.7154952735755065, 'sigma': 0.0929466585776147, 'moneyness': -0.02}",0,0
2024-07-22 09:30:00,1,1,1,straddle_component,42471135,SPXW_5585_CE_20240722,50,18.25,trade,"{'detailed': True, 'instrument_type': 'option', 'underlying': 'SPXW', 'strike': 5585, 'expiry': '2024-07-22', 'dividend_rate': 0.015, 'opt_type': 'CE', 'timestamp': '2024-07-22 09:30:00', 'underlying_spot': 5586.5, 'id': 42471135, 'bid': 17.5, 'ask': 18.25, 'mid': 17.88, 'delta': 0.5177284166942187, 'theta': -15.468443969108204, 'gamma': 0.0093279141921698, 'vega': 0.7529182030295658, 'sigma': 0.2261666727339315, 'moneyness': -0.03}",0,0
2024-07-22 09:30:00,2,1,1,straddle_component,42427570,SPXW_5585_PE_20240722,50,9.75,trade,"{'detailed': True, 'instrument_type': 'option', 'underlying': 'SPXW', 'strike': 5585, 'expiry': '2024-07-22', 'dividend_rate': 0.015, 'opt_type': 'PE', 'timestamp': '2024-07-22 09:30:00', 'underlying_spot': 5586.5, 'id': 42427570, 'bid': 9.5, 'ask': 9.75, 'mid': 9.62, 'delta': -0.4725893576096318, 'theta': -9.177240276535356, 'gamma': 0.0152289730870336, 'vega': 0.7518753447808866, 'sigma': 0.1383391195162544, 'moneyness': 0.03}",0,0
2024-10-07 09:30:00,1,1,1,straddle_component,42475728,SPXW_5780_CE_20241007,50,14.75,trade,"{'detailed': True, 'instrument_type': 'option', 'underlying': 'SPXW', 'strike': 5780, 'expiry': '2024-10-07', 'dividend_rate': 0.015, 'opt_type': 'CE', 'timestamp': '2024-10-07 09:30:00', 'underlying_spot': 5781.0, 'id': 42475728, 'bid': 14.5, 'ask': 14.75, 'mid': 14.62, 'delta': 0.5153063427024485, 'theta': -12.80114567327767, 'gamma': 0.011321936295161, 'vega': 0.7793277131136485, 'sigma': 0.180110322375516, 'moneyness': -0.02}",0,0
2024-10-07 09:30:00,2,1,1,straddle_component,42471484,SPXW_5780_PE_20241007,50,13.0,trade,"{'detailed': True, 'instrument_type': 'option', 'underlying': 'SPXW', 'strike': 5780, 'expiry': '2024-10-07', 'dividend_rate': 0.015, 'opt_type': 'PE', 'timestamp': '2024-10-07 09:30:00', 'underlying_spot': 5781.0, 'id': 42471484, 'bid': 12.75, 'ask': 13.0, 'mid': 12.88, 'delta': -0.4841113420646081, 'theta': -12.00812886847983, 'gamma': 0.0118314406094555, 'vega': 0.7792829039948881, 'sigma': 0.1723442827093305, 'moneyness': 0.02}",0,0
2024-05-20 09:30:00,1,1,1,straddle_component,42432725,SPXW_5330_CE_20240520,50,6.4,trade,"{'detailed': True, 'instrument_type': 'option', 'underlying': 'SPXW', 'strike': 5330, 'expiry': '2024-05-20', 'dividend_rate': 0.015, 'opt_type': 'CE', 'timestamp': '2024-05-20 09:30:00', 'underlying_spot': 5329.25, 'id': 42432725, 'bid': 6.2, 'ask': 6.4, 'mid': 6.3, 'delta': 0.4879661953827607, 'theta': -6.030241054537628, 'gamma': 0.0240909724880111, 'vega': 0.718627168351865, 'sigma': 0.0918468476491437, 'moneyness': 0.01}",0,0
2024-05-20 09:30:00,2,1,1,straddle_component,42433359,SPXW_5330_PE_20240520,50,8.45,trade,"{'detailed': True, 'instrument_type': 'option', 'underlying': 'SPXW', 'strike': 5330, 'expiry': '2024-05-20', 'dividend_rate': 0.015, 'opt_type': 'PE', 'timestamp': '2024-05-20 09:30:00', 'underlying_spot': 5329.25, 'id': 42433359, 'bid': 8.0, 'ask': 8.45, 'mid': 8.22, 'delta': -0.5098179169690908, 'theta': -7.004939650847934, 'gamma': 0.0201080059269997, 'vega': 0.7187387892954651, 'sigma': 0.1100564966225623, 'moneyness': -0.01}",0,0
2024-07-01 09:30:00,1,1,1,straddle_component,42405292,SPXW_5535_CE_20240701,50,11.5,trade,"{'detailed': True, 'instrument_type': 'option', 'underlying': 'SPXW', 'strike': 5535, 'expiry': '2024-07-01', 'dividend_rate': 0.015, 'opt_type': 'CE', 'timestamp': '2024-07-01 09:30:00', 'underlying_spot': 5535.75, 'id': 42405292, 'bid': 11.0, 'ask': 11.5, 'mid': 11.25, 'delta': 0.515465940668669, 'theta': -9.868660108375712, 'gamma': 0.0147242106862677, 'vega': 0.7462534872955144, 'sigma': 0.1446263729119562, 'moneyness': -0.01}",0,0
2024-07-01 09:30:00,2,1,1,straddle_component,42395812,SPXW_5535_PE_20240701,50,9.1,trade,"{'detailed': True, 'instrument_type': 'option', 'underlying': 'SPXW', 'strike': 5535, 'expiry': '2024-07-01', 'dividend_rate': 0.015, 'opt_type': 'PE', 'timestamp': '2024-07-01 09:30:00', 'underlying_spot': 5535.75, 'id': 42395812, 'bid': 8.8, 'ask': 9.1, 'mid': 8.95, 'delta': -0.4824828639642398, 'theta': -8.35146668552709, 'gamma': 0.0169357248758217, 'vega': 0.7460929279891202, 'sigma': 0.1257138975703232, 'moneyness': 0.01}",0,0
2024-03-25 09:30:00,1,1,1,straddle_component,42302378,SPXW_5280_CE_20240325,50,6.25,trade,"{'detailed': True, 'instrument_type': 'option', 'underlying': 'SPXW', 'strike': 5280, 'expiry': '2024-03-25', 'dividend_rate': 0.015, 'opt_type': 'CE', 'timestamp': '2024-03-25 09:30:00', 'underlying_spot': 5278.5, 'id': 42302378, 'bid': 6.1, 'ask': 6.25, 'mid': 6.18, 'delta': 0.4709426869873745, 'theta': -6.0665720370962255, 'gamma': 0.023218921896273, 'vega': 0.7102007012919871, 'sigma': 0.096000991971293, 'moneyness': 0.03}",0,0
2024-03-25 09:30:00,2,1,1,straddle_component,42290942,SPXW_5280_PE_20240325,50,9.7,trade,"{'detailed': True, 'instrument_type': 'option', 'underlying': 'SPXW', 'strike': 5280, 'expiry': '2024-03-25', 'dividend_rate': 0.015, 'opt_type': 'PE', 'timestamp': '2024-03-25 09:30:00', 'underlying_spot': 5278.5, 'id': 42290942, 'bid': 9.45, 'ask': 9.7, 'mid': 9.57, 'delta': -0.5220537268104231, 'theta': -7.742388473450167, 'gamma': 0.0179088407215033, 'vega': 0.7110160818323497, 'sigma': 0.124606317577973, 'moneyness': -0.03}",0,0
2024-12-02 09:30:00,1,1,1,straddle_component,42482113,SPXW_6060_CE_20241202,50,6.7,trade,"{'detailed': True, 'instrument_type': 'option', 'underlying': 'SPXW', 'strike': 6060, 'expiry': '2024-12-02', 'dividend_rate': 0.015, 'opt_type': 'CE', 'timestamp': '2024-12-02 09:30:00', 'underlying_spot': 6059.75, 'id': 42482113, 'bid': 6.5, 'ask': 6.7, 'mid': 6.6, 'delta': 0.5006852679398044, 'theta': -6.146168682057827, 'gamma': 0.0239364072385228, 'vega': 0.8175077219136409, 'sigma': 0.0813332307406055, 'moneyness': 0.0}",0,0
2024-12-02 09:30:00,2,1,1,straddle_component,42507748,SPXW_6060_PE_20241202,50,11.5,trade,"{'detailed': True, 'instrument_type': 'option', 'underlying': 'SPXW', 'strike': 6060, 'expiry': '2024-12-02', 'dividend_rate': 0.015, 'opt_type': 'PE', 'timestamp': '2024-12-02 09:30:00', 'underlying_spot': 6059.75, 'id': 42507748, 'bid': 11.25, 'ask': 11.5, 'mid': 11.38, 'delta': -0.4989852616709811, 'theta': -10.135423172653482, 'gamma': 0.0140522210756444, 'vega': 0.8175062840638834, 'sigma': 0.1385419421005806, 'moneyness': -0.0}",0,0
2024-03-11 09:30:00,1,1,1,straddle_component,42381465,SPXW_5180_CE_20240311,50,0.3,trade,"{'detailed': True, 'instrument_type': 'option', 'underlying': 'SPXW', 'strike': 5180, 'expiry': '2024-03-11', 'dividend_rate': 0.015, 'opt_type': 'CE', 'timestamp': '2024-03-11 09:30:00', 'underlying_spot': 5181.75, 'id': 42381465, 'bid': 0.25, 'ask': 0.3, 'mid': 0.28, 'delta': 1.000000000023138, 'theta': -0.2166645582370638, 'gamma': 0.0, 'vega': 0.0573514739840936, 'sigma': 0.0, 'moneyness': -0.03}",0,0
2024-03-11 09:30:00,2,1,1,straddle_component,42353486,SPXW_5180_PE_20240311,50,73.25,trade,"{'detailed': True, 'instrument_type': 'option', 'underlying': 'SPXW', 'strike': 5180, 'expiry': '2024-03-11', 'dividend_rate': 0.015, 'opt_type': 'PE', 'timestamp': '2024-03-11 09:30:00', 'underlying_spot': 5181.75, 'id': 42353486, 'bid': 59.25, 'ask': 73.25, 'mid': 66.25, 'delta': -0.4888538853016655, 'theta': -60.76046750374656, 'gamma': 0.0023673838711602, 'vega': 0.6987868143727454, 'sigma': 0.9613193825708188, 'moneyness': 0.03}",0,0
2024-01-22 09:30:00,1,1,1,straddle_component,42343791,SPXW_4885_CE_20240122,50,9.15,trade,"{'detailed': True, 'instrument_type': 'option', 'underlying': 'SPXW', 'strike': 4885, 'expiry': '2024-01-22', 'dividend_rate': 0.015, 'opt_type': 'CE', 'timestamp': '2024-01-22 09:30:00', 'underlying_spot': 4886.5, 'id': 42343791, 'bid': 8.8, 'ask': 9.15, 'mid': 8.98, 'delta': 0.5341569752884467, 'theta': -7.283390029311427, 'gamma': 0.0194813997111964, 'vega': 0.6567952092132749, 'sigma': 0.1234719855798071, 'moneyness': -0.03}",0,0
2024-01-22 09:30:00,2,1,1,straddle_component,42343938,SPXW_4885_PE_20240122,50,8.25,trade,"{'detailed': True, 'instrument_type': 'option', 'underlying': 'SPXW', 'strike': 4885, 'expiry': '2024-01-22', 'dividend_rate': 0.015, 'opt_type': 'PE', 'timestamp': '2024-01-22 09:30:00', 'underlying_spot': 4886.5, 'id': 42343938, 'bid': 7.95, 'ask': 8.25, 'mid': 8.1, 'delta': -0.4685707634696889, 'theta': -7.773372357860883, 'gamma': 0.0178486370039365, 'vega': 0.6571706342527346, 'sigma': 0.1348430969317249, 'moneyness': 0.03}",0,0
2024-04-08 09:30:00,1,1,1,straddle_component,42442964,SPXW_5255_CE_20240408,50,13.0,trade,"{'detailed': True, 'instrument_type': 'option', 'underlying': 'SPXW', 'strike': 5255, 'expiry': '2024-04-08', 'dividend_rate': 0.015, 'opt_type': 'CE', 'timestamp': '2024-04-08 09:30:00', 'underlying_spot': 5257.0, 'id': 42442964, 'bid': 12.5, 'ask': 13.0, 'mid': 12.75, 'delta': 0.5314194203535294, 'theta': -10.426904595029658, 'gamma': 0.0136122230998125, 'vega': 0.7070032951275884, 'sigma': 0.164348450576361, 'moneyness': -0.04}",0,0
2024-04-08 09:30:00,2,1,1,straddle_component,42445194,SPXW_5255_PE_20240408,50,9.55,trade,"{'detailed': True, 'instrument_type': 'option', 'underlying': 'SPXW', 'strike': 5255, 'expiry': '2024-04-08', 'dividend_rate': 0.015, 'opt_type': 'PE', 'timestamp': '2024-04-08 09:30:00', 'underlying_spot': 5257.0, 'id': 42445194, 'bid': 9.25, 'ask': 9.55, 'mid': 9.4, 'delta': -0.4651538201923877, 'theta': -9.073649242531054, 'gamma': 0.0151960757399649, 'vega': 0.7064925465399039, 'sigma': 0.1471133122429999, 'moneyness': 0.04}",0,0
2024-10-28 09:30:00,1,1,1,straddle_component,42324588,SPXW_5870_CE_20241028,50,17.75,trade,"{'detailed': True, 'instrument_type': 'option', 'underlying': 'SPXW', 'strike': 5870, 'expiry': '2024-10-28', 'dividend_rate': 0.015, 'opt_type': 'CE', 'timestamp': '2024-10-28 09:30:00', 'underlying_spot': 5872.5, 'id': 42324588, 'bid': 17.25, 'ask': 17.75, 'mid': 17.5, 'delta': 0.5284416535651815, 'theta': -14.474034795010375, 'gamma': 0.0098322183106347, 'vega': 0.7902288006702598, 'sigma': 0.2037992166842864, 'moneyness': -0.04}",0,0
2024-10-28 09:30:00,2,1,1,straddle_component,42324931,SPXW_5870_PE_20241028,50,8.0,trade,"{'detailed': True, 'instrument_type': 'option', 'underlying': 'SPXW', 'strike': 5870, 'expiry': '2024-10-28', 'dividend_rate': 0.015, 'opt_type': 'PE', 'timestamp': '2024-10-28 09:30:00', 'underlying_spot': 5872.5, 'id': 42324931, 'bid': 7.8, 'ask': 8.0, 'mid': 7.9, 'delta': -0.4516123038418751, 'theta': -7.725007517365696, 'gamma': 0.0172377688389957, 'vega': 0.786370591574292, 'sigma': 0.1156826214954476, 'moneyness': 0.04}",0,0
2024-06-03 09:30:00,1,1,1,straddle_component,42336841,SPXW_5310_CE_20240603,50,11.0,trade,"{'detailed': True, 'instrument_type': 'option', 'underlying': 'SPXW', 'strike': 5310, 'expiry': '2024-06-03', 'dividend_rate': 0.015, 'opt_type': 'CE', 'timestamp': '2024-06-03 09:30:00', 'underlying_spot': 5309.0, 'id': 42336841, 'bid': 10.75, 'ask': 11.0, 'mid': 10.88, 'delta': 0.4901399679883234, 'theta': -10.287451722337115, 'gamma': 0.0140771008894091, 'vega': 0.7160068779699662, 'sigma': 0.1578061029384482, 'moneyness': 0.02}",0,0
2024-06-03 09:30:00,2,1,1,straddle_component,42314996,SPXW_5310_PE_20240603,50,8.2,trade,"{'detailed': True, 'instrument_type': 'option', 'underlying': 'SPXW', 'strike': 5310, 'expiry': '2024-06-03', 'dividend_rate': 0.015, 'opt_type': 'PE', 'timestamp': '2024-06-03 09:30:00', 'underlying_spot': 5309.0, 'id': 42314996, 'bid': 8.0, 'ask': 8.2, 'mid': 8.1, 'delta': -0.5153995307781045, 'theta': -6.729839706332761, 'gamma': 0.0207668117369053, 'vega': 0.7156879045875328, 'sigma': 0.1069242258506079, 'moneyness': -0.02}",0,0
2024-09-30 09:30:00,1,1,1,straddle_component,42496536,SPXW_5780_CE_20240930,50,14.75,trade,"{'detailed': True, 'instrument_type': 'option', 'underlying': 'SPXW', 'strike': 5780, 'expiry': '2024-09-30', 'dividend_rate': 0.015, 'opt_type': 'CE', 'timestamp': '2024-09-30 09:30:00', 'underlying_spot': 5781.25, 'id': 42496536, 'bid': 14.25, 'ask': 14.75, 'mid': 14.5, 'delta': 0.518425959877078, 'theta': -12.540023737222343, 'gamma': 0.011526224206193, 'vega': 0.7791026655864846, 'sigma': 0.1768518972749681, 'moneyness': -0.02}",0,0
2024-09-30 09:30:00,2,1,1,straddle_component,42485578,SPXW_5780_PE_20240930,50,14.5,trade,"{'detailed': True, 'instrument_type': 'option', 'underlying': 'SPXW', 'strike': 5780, 'expiry': '2024-09-30', 'dividend_rate': 0.015, 'opt_type': 'PE', 'timestamp': '2024-09-30 09:30:00', 'underlying_spot': 5781.25, 'id': 42485578, 'bid': 14.25, 'ask': 14.5, 'mid': 14.38, 'delta': -0.4829171727562809, 'theta': -13.45691946145951, 'gamma': 0.0105554242679772, 'vega': 0.7792202570092552, 'sigma': 0.1931462263798459, 'moneyness': 0.02}",0,0
2024-10-21 09:30:00,1,1,1,straddle_component,42441415,SPXW_5900_CE_20241021,50,8.8,trade,"{'detailed': True, 'instrument_type': 'option', 'underlying': 'SPXW', 'strike': 5900, 'expiry': '2024-10-21', 'dividend_rate': 0.015, 'opt_type': 'CE', 'timestamp': '2024-10-21 09:30:00', 'underlying_spot': 5900.75, 'id': 42441415, 'bid': 8.55, 'ask': 8.8, 'mid': 8.68, 'delta': 0.5200335034759362, 'theta': -7.525055644339567, 'gamma': 0.0193396273218127, 'vega': 0.7950457850319688, 'sigma': 0.1032473962037623, 'moneyness': -0.01}",0,0
2024-10-21 09:30:00,2,1,1,straddle_component,42373789,SPXW_5900_PE_20241021,50,10.25,trade,"{'detailed': True, 'instrument_type': 'option', 'underlying': 'SPXW', 'strike': 5900, 'expiry': '2024-10-21', 'dividend_rate': 0.015, 'opt_type': 'PE', 'timestamp': '2024-10-21 09:30:00', 'underlying_spot': 5900.75, 'id': 42373789, 'bid': 9.9, 'ask': 10.25, 'mid': 10.07, 'delta': -0.4839969096282814, 'theta': -9.37302130322504, 'gamma': 0.0151184075036781, 'vega': 0.7954147029924874, 'sigma': 0.1321355397400686, 'moneyness': 0.01}",0,0
2024-05-06 09:30:00,1,1,1,straddle_component,42370198,SPXW_5175_CE_20240506,50,11.25,trade,"{'detailed': True, 'instrument_type': 'option', 'underlying': 'SPXW', 'strike': 5175, 'expiry': '2024-05-06', 'dividend_rate': 0.015, 'opt_type': 'CE', 'timestamp': '2024-05-06 09:30:00', 'underlying_spot': 5175.25, 'id': 42370198, 'bid': 11.0, 'ask': 11.25, 'mid': 11.12, 'delta': 0.5078732783402984, 'theta': -10.016620347317994, 'gamma': 0.0145521315175756, 'vega': 0.6980463894878506, 'sigma': 0.1566173836819969, 'moneyness': -0.0}",0,0
2024-05-06 09:30:00,2,1,1,straddle_component,42363615,SPXW_5175_PE_20240506,50,7.8,trade,"{'detailed': True, 'instrument_type': 'option', 'underlying': 'SPXW', 'strike': 5175, 'expiry': '2024-05-06', 'dividend_rate': 0.015, 'opt_type': 'PE', 'timestamp': '2024-05-06 09:30:00', 'underlying_spot': 5175.25, 'id': 42363615, 'bid': 7.5, 'ask': 7.8, 'mid': 7.65, 'delta': -0.4897338831932885, 'theta': -6.99251323355445, 'gamma': 0.0202968676710213, 'vega': 0.697950008868736, 'sigma': 0.1122737586912795, 'moneyness': 0.0}",0,0
2024-12-09 09:30:00,1,1,1,straddle_component,42509245,SPXW_6090_CE_20241209,50,11.5,trade,"{'detailed': True, 'instrument_type': 'option', 'underlying': 'SPXW', 'strike': 6090, 'expiry': '2024-12-09', 'dividend_rate': 0.015, 'opt_type': 'CE', 'timestamp': '2024-12-09 09:30:00', 'underlying_spot': 6092.5, 'id': 42509245, 'bid': 11.0, 'ask': 11.5, 'mid': 11.25, 'delta': 0.545182235376807, 'theta': -8.64014776716458, 'gamma': 0.0160225694401106, 'vega': 0.816614919979831, 'sigma': 0.120076365188424, 'moneyness': -0.04}",0,0
2024-12-09 09:30:00,2,1,1,straddle_component,42526773,SPXW_6090_PE_20241209,50,5.5,trade,"{'detailed': True, 'instrument_type': 'option', 'underlying': 'SPXW', 'strike': 6090, 'expiry': '2024-12-09', 'dividend_rate': 0.015, 'opt_type': 'PE', 'timestamp': '2024-12-09 09:30:00', 'underlying_spot': 6092.5, 'id': 42526773, 'bid': 5.35, 'ask': 5.5, 'mid': 5.42, 'delta': -0.433947694068326, 'theta': -5.34328348667992, 'gamma': 0.0235370127832368, 'vega': 0.81046702916964, 'sigma': 0.0811386636169543, 'moneyness': 0.04}",0,0
2024-08-26 09:30:00,1,1,1,straddle_component,42457481,SPXW_5665_CE_20240826,50,9.55,trade,"{'detailed': True, 'instrument_type': 'option', 'underlying': 'SPXW', 'strike': 5665, 'expiry': '2024-08-26', 'dividend_rate': 0.015, 'opt_type': 'CE', 'timestamp': '2024-08-26 09:30:00', 'underlying_spot': 5663.5, 'id': 42457481, 'bid': 9.3, 'ask': 9.55, 'mid': 9.43, 'delta': 0.4810072810721877, 'theta': -9.093923058131292, 'gamma': 0.0157580294413151, 'vega': 0.7631801325110903, 'sigma': 0.13203925424785, 'moneyness': 0.03}",0,0
2024-08-26 09:30:00,2,1,1,straddle_component,42481789,SPXW_5665_PE_20240826,50,13.75,trade,"{'detailed': True, 'instrument_type': 'option', 'underlying': 'SPXW', 'strike': 5665, 'expiry': '2024-08-26', 'dividend_rate': 0.015, 'opt_type': 'PE', 'timestamp': '2024-08-26 09:30:00', 'underlying_spot': 5663.5, 'id': 42481789, 'bid': 13.0, 'ask': 13.75, 'mid': 13.38, 'delta': -0.5146984490932205, 'theta': -11.242373543148622, 'gamma': 0.0125400775452533, 'vega': 0.7635307978623409, 'sigma': 0.1659978286794639, 'moneyness': -0.03}",0,0
2024-02-12 09:30:00,1,1,1,straddle_component,42209960,SPXW_5045_CE_20240212,50,7.1,trade,"{'detailed': True, 'instrument_type': 'option', 'underlying': 'SPXW', 'strike': 5045, 'expiry': '2024-02-12', 'dividend_rate': 0.015, 'opt_type': 'CE', 'timestamp': '2024-02-12 09:30:00', 'underlying_spot': 5043.75, 'id': 42209960, 'bid': 6.85, 'ask': 7.1, 'mid': 6.98, 'delta': 0.4788161875291408, 'theta': -6.767651439842936, 'gamma': 0.0211266103455898, 'vega': 0.6794743895538429, 'sigma': 0.1105569495844665, 'moneyness': 0.02}",0,0
2024-02-12 09:30:00,2,1,1,straddle_component,42303274,SPXW_5045_PE_20240212,50,9.0,trade,"{'detailed': True, 'instrument_type': 'option', 'underlying': 'SPXW', 'strike': 5045, 'expiry': '2024-02-12', 'dividend_rate': 0.015, 'opt_type': 'PE', 'timestamp': '2024-02-12 09:30:00', 'underlying_spot': 5043.75, 'id': 42303274, 'bid': 8.75, 'ask': 9.0, 'mid': 8.88, 'delta': -0.5190542341923177, 'theta': -7.275231293319539, 'gamma': 0.0191527120207979, 'vega': 0.6796604046663255, 'sigma': 0.1219839523354453, 'moneyness': -0.02}",0,0
2024-07-08 09:30:00,1,1,1,straddle_component,42419462,SPXW_5630_CE_20240708,50,6.85,trade,"{'detailed': True, 'instrument_type': 'option', 'underlying': 'SPXW', 'strike': 5630, 'expiry': '2024-07-08', 'dividend_rate': 0.015, 'opt_type': 'CE', 'timestamp': '2024-07-08 09:30:00', 'underlying_spot': 5631.25, 'id': 42419462, 'bid': 6.7, 'ask': 6.85, 'mid': 6.78, 'delta': 0.5395783770954399, 'theta': -5.42770635778562, 'gamma': 0.0261556181424538, 'vega': 0.7559012751433078, 'sigma': 0.0797018227629847, 'moneyness': -0.02}",0,0
2024-07-08 09:30:00,2,1,1,straddle_component,42340029,SPXW_5630_PE_20240708,50,7.75,trade,"{'detailed': True, 'instrument_type': 'option', 'underlying': 'SPXW', 'strike': 5630, 'expiry': '2024-07-08', 'dividend_rate': 0.015, 'opt_type': 'PE', 'timestamp': '2024-07-08 09:30:00', 'underlying_spot': 5631.25, 'id': 42340029, 'bid': 7.55, 'ask': 7.75, 'mid': 7.65, 'delta': -0.4708547896175918, 'theta': -7.2968308337910495, 'gamma': 0.0190593934146221, 'vega': 0.7576564763982483, 'sigma': 0.109624446493539, 'moneyness': 0.02}",0,0
2024-09-23 09:30:00,1,1,1,straddle_component,42399274,SPXW_5770_CE_20240923,50,15.75,trade,"{'detailed': True, 'instrument_type': 'option', 'underlying': 'SPXW', 'strike': 5770, 'expiry': '2024-09-23', 'dividend_rate': 0.015, 'opt_type': 'CE', 'timestamp': '2024-09-23 09:30:00', 'underlying_spot': 5772.0, 'id': 42399274, 'bid': 15.5, 'ask': 15.75, 'mid': 15.62, 'delta': 0.5258184529202126, 'theta': -13.089118947053583, 'gamma': 0.010930174347834, 'vega': 0.7770536304724924, 'sigma': 0.18660280290842, 'moneyness': -0.03}",0,0
2024-09-23 09:30:00,2,1,1,straddle_component,42378465,SPXW_5770_PE_20240923,50,11.25,trade,"{'detailed': True, 'instrument_type': 'option', 'underlying': 'SPXW', 'strike': 5770, 'expiry': '2024-09-23', 'dividend_rate': 0.015, 'opt_type': 'PE', 'timestamp': '2024-09-23 09:30:00', 'underlying_spot': 5772.0, 'id': 42378465, 'bid': 10.75, 'ask': 11.25, 'mid': 11.0, 'delta': -0.4693356596609632, 'theta': -10.556464469891536, 'gamma': 0.0131750617882175, 'vega': 0.7763787418770525, 'sigma': 0.1546742034247008, 'moneyness': 0.03}",0,0
2024-07-15 09:30:00,1,1,1,straddle_component,42344968,SPXW_5690_CE_20240715,50,12.0,trade,"{'detailed': True, 'instrument_type': 'option', 'underlying': 'SPXW', 'strike': 5690, 'expiry': '2024-07-15', 'dividend_rate': 0.015, 'opt_type': 'CE', 'timestamp': '2024-07-15 09:30:00', 'underlying_spot': 5690.75, 'id': 42344968, 'bid': 11.5, 'ask': 12.0, 'mid': 11.75, 'delta': 0.514936446570502, 'theta': -10.325271698448176, 'gamma': 0.0140755780719814, 'vega': 0.7671875434480597, 'sigma': 0.1471776816007185, 'moneyness': -0.01}",0,0
2024-07-15 09:30:00,2,1,1,straddle_component,42359697,SPXW_5690_PE_20240715,50,12.0,trade,"{'detailed': True, 'instrument_type': 'option', 'underlying': 'SPXW', 'strike': 5690, 'expiry': '2024-07-15', 'dividend_rate': 0.015, 'opt_type': 'PE', 'timestamp': '2024-07-15 09:30:00', 'underlying_spot': 5690.75, 'id': 42359697, 'bid': 11.5, 'ask': 12.0, 'mid': 11.75, 'delta': -0.4860059905494651, 'theta': -10.899232946543863, 'gamma': 0.0130457837954622, 'vega': 0.7672538893408989, 'sigma': 0.1588091605756802, 'moneyness': 0.01}",0,0
2024-02-05 09:30:00,1,1,1,straddle_component,42270196,SPXW_4970_CE_20240205,50,12.0,trade,"{'detailed': True, 'instrument_type': 'option', 'underlying': 'SPXW', 'strike': 4970, 'expiry': '2024-02-05', 'dividend_rate': 0.015, 'opt_type': 'CE', 'timestamp': '2024-02-05 09:30:00', 'underlying_spot': 4968.5, 'id': 42270196, 'bid': 11.5, 'ask': 12.0, 'mid': 11.75, 'delta': 0.4847274579532268, 'theta': -11.227941887272982, 'gamma': 0.0128007324207146, 'vega': 0.6697976309870626, 'sigma': 0.1853547527776717, 'moneyness': 0.03}",0,0
2024-02-05 09:30:00,2,1,1,straddle_component,42295771,SPXW_4970_PE_20240205,50,9.1,trade,"{'detailed': True, 'instrument_type': 'option', 'underlying': 'SPXW', 'strike': 4970, 'expiry': '2024-02-05', 'dividend_rate': 0.015, 'opt_type': 'PE', 'timestamp': '2024-02-05 09:30:00', 'underlying_spot': 4968.5, 'id': 42295771, 'bid': 8.85, 'ask': 9.1, 'mid': 8.98, 'delta': -0.5239874725467608, 'theta': -7.187772700139606, 'gamma': 0.0192145902566664, 'vega': 0.6690699482085849, 'sigma': 0.1233501929987593, 'moneyness': -0.03}",0,0
2024-03-04 09:30:00,1,1,1,straddle_component,42330445,SPXW_5135_CE_20240304,50,8.25,trade,"{'detailed': True, 'instrument_type': 'option', 'underlying': 'SPXW', 'strike': 5135, 'expiry': '2024-03-04', 'dividend_rate': 0.015, 'opt_type': 'CE', 'timestamp': '2024-03-04 09:30:00', 'underlying_spot': 5137.25, 'id': 42330445, 'bid': 8.0, 'ask': 8.25, 'mid': 8.12, 'delta': 0.5576088443400629, 'theta': -5.862877276911792, 'gamma': 0.022917993778293, 'vega': 0.6857458926953677, 'sigma': 0.0991551102633508, 'moneyness': -0.04}",0,0
2024-03-04 09:30:00,2,1,1,straddle_component,42296755,SPXW_5135_PE_20240304,50,7.4,trade,"{'detailed': True, 'instrument_type': 'option', 'underlying': 'SPXW', 'strike': 5135, 'expiry': '2024-03-04', 'dividend_rate': 0.015, 'opt_type': 'PE', 'timestamp': '2024-03-04 09:30:00', 'underlying_spot': 5137.25, 'id': 42296755, 'bid': 7.2, 'ask': 7.4, 'mid': 7.3, 'delta': -0.4527532457612615, 'theta': -7.1344207645990245, 'gamma': 0.018729098325565, 'vega': 0.6881586267247659, 'sigma': 0.1217515984015382, 'moneyness': 0.04}",0,0
2024-07-29 09:30:00,1,1,1,straddle_component,42311687,SPXW_5510_CE_20240729,50,18.0,trade,"{'detailed': True, 'instrument_type': 'option', 'underlying': 'SPXW', 'strike': 5510, 'expiry': '2024-07-29', 'dividend_rate': 0.015, 'opt_type': 'CE', 'timestamp': '2024-07-29 09:30:00', 'underlying_spot': 5507.75, 'id': 42311687, 'bid': 17.5, 'ask': 18.0, 'mid': 17.75, 'delta': 0.4846179834359532, 'theta': -16.93878884424647, 'gamma': 0.0084666508826103, 'vega': 0.7424862439939979, 'sigma': 0.2527977347761951, 'moneyness': 0.04}",0,0
2024-07-29 09:30:00,2,1,1,straddle_component,42288801,SPXW_5510_PE_20240729,50,13.75,trade,"{'detailed': True, 'instrument_type': 'option', 'underlying': 'SPXW', 'strike': 5510, 'expiry': '2024-07-29', 'dividend_rate': 0.015, 'opt_type': 'PE', 'timestamp': '2024-07-29 09:30:00', 'underlying_spot': 5507.75, 'id': 42288801, 'bid': 13.25, 'ask': 13.75, 'mid': 13.5, 'delta': -0.5247195772914992, 'theta': -10.835235201599131, 'gamma': 0.0127967229701653, 'vega': 0.74160723543448, 'sigma': 0.1670608443961647, 'moneyness': -0.04}",0,0
2024-11-04 09:30:00,1,1,1,straddle_component,42452162,SPXW_5760_CE_20241104,50,14.0,trade,"{'detailed': True, 'instrument_type': 'option', 'underlying': 'SPXW', 'strike': 5760, 'expiry': '2024-11-04', 'dividend_rate': 0.015, 'opt_type': 'CE', 'timestamp': '2024-11-04 09:30:00', 'underlying_spot': 5758.5, 'id': 42452162, 'bid': 13.5, 'ask': 14.0, 'mid': 13.75, 'delta': 0.4873787119674233, 'theta': -13.068442063838445, 'gamma': 0.0110344124948369, 'vega': 0.7764777048902607, 'sigma': 0.1855694380410823, 'moneyness': 0.03}",0,0
2024-11-04 09:30:00,2,1,1,straddle_component,42452651,SPXW_5760_PE_20241104,50,16.0,trade,"{'detailed': True, 'instrument_type': 'option', 'underlying': 'SPXW', 'strike': 5760, 'expiry': '2024-11-04', 'dividend_rate': 0.015, 'opt_type': 'PE', 'timestamp': '2024-11-04 09:30:00', 'underlying_spot': 5758.5, 'id': 42452651, 'bid': 15.75, 'ask': 16.0, 'mid': 15.88, 'delta': -0.511851546060349, 'theta': -13.531290599362997, 'gamma': 0.010475745533256, 'vega': 0.7765239446392576, 'sigma': 0.1954773534665217, 'moneyness': -0.03}",0,0
2024-09-16 09:30:00,1,1,1,straddle_component,42437977,SPXW_5690_CE_20240916,50,0.3,trade,"{'detailed': True, 'instrument_type': 'option', 'underlying': 'SPXW', 'strike': 5690, 'expiry': '2024-09-16', 'dividend_rate': 0.015, 'opt_type': 'CE', 'timestamp': '2024-09-16 09:30:00', 'underlying_spot': 5689.0, 'id': 42437977, 'bid': 0.25, 'ask': 0.3, 'mid': 0.28, 'delta': 0.3097388983131915, 'theta': -0.3041396354385909, 'gamma': 0.230541202571044, 'vega': 0.5155583379427329, 'sigma': 0.0079514608308318, 'moneyness': 0.02}",0,0
2024-09-16 09:30:00,2,1,1,straddle_component,42483613,SPXW_5690_PE_20240916,50,63.25,trade,"{'detailed': True, 'instrument_type': 'option', 'underlying': 'SPXW', 'strike': 5690, 'expiry': '2024-09-16', 'dividend_rate': 0.015, 'opt_type': 'PE', 'timestamp': '2024-09-16 09:30:00', 'underlying_spot': 5689.0, 'id': 42483613, 'bid': 62.25, 'ask': 63.25, 'mid': 62.75, 'delta': -0.4964635097238101, 'theta': -56.36088233910047, 'gamma': 0.002553786231374, 'vega': 0.7674616197310158, 'sigma': 0.8119780425543022, 'moneyness': -0.02}",0,0
2024-11-18 09:30:00,1,1,1,straddle_component,42453258,SPXW_5895_CE_20241118,50,15.75,trade,"{'detailed': True, 'instrument_type': 'option', 'underlying': 'SPXW', 'strike': 5895, 'expiry': '2024-11-18', 'dividend_rate': 0.015, 'opt_type': 'CE', 'timestamp': '2024-11-18 09:30:00', 'underlying_spot': 5895.75, 'id': 42453258, 'bid': 15.25, 'ask': 15.75, 'mid': 15.5, 'delta': 0.5118383318372999, 'theta': -13.736617112632551, 'gamma': 0.0105715807485751, 'vega': 0.795033012318024, 'sigma': 0.1891961653952076, 'moneyness': -0.01}",0,0
2024-11-18 09:30:00,2,1,1,straddle_component,42413063,SPXW_5895_PE_20241118,50,10.5,trade,"{'detailed': True, 'instrument_type': 'option', 'underlying': 'SPXW', 'strike': 5895, 'expiry': '2024-11-18', 'dividend_rate': 0.015, 'opt_type': 'PE', 'timestamp': '2024-11-18 09:30:00', 'underlying_spot': 5895.75, 'id': 42413063, 'bid': 10.0, 'ask': 10.5, 'mid': 10.25, 'delta': -0.484231708810956, 'theta': -9.53240323582643, 'gamma': 0.0148712704906017, 'vega': 0.7947595707688677, 'sigma': 0.1344485015292297, 'moneyness': 0.01}",0,0
2024-08-19 09:30:00,1,1,1,straddle_component,42455585,SPXW_5580_CE_20240819,50,13.0,trade,"{'detailed': True, 'instrument_type': 'option', 'underlying': 'SPXW', 'strike': 5580, 'expiry': '2024-08-19', 'dividend_rate': 0.015, 'opt_type': 'CE', 'timestamp': '2024-08-19 09:30:00', 'underlying_spot': 5582.25, 'id': 42455585, 'bid': 12.5, 'ask': 13.0, 'mid': 12.75, 'delta': 0.5353357064986852, 'theta': -10.24380193711415, 'gamma': 0.0137632278907062, 'vega': 0.7501224065651186, 'sigma': 0.1529482506431027, 'moneyness': -0.04}",0,0
2024-08-19 09:30:00,2,1,1,straddle_component,42460869,SPXW_5580_PE_20240819,50,10.75,trade,"{'detailed': True, 'instrument_type': 'option', 'underlying': 'SPXW', 'strike': 5580, 'expiry': '2024-08-19', 'dividend_rate': 0.015, 'opt_type': 'PE', 'timestamp': '2024-08-19 09:30:00', 'underlying_spot': 5582.25, 'id': 42460869, 'bid': 10.25, 'ask': 10.75, 'mid': 10.5, 'delta': -0.4650632833386403, 'theta': -10.14077581582136, 'gamma': 0.0135989130889413, 'vega': 0.7501893897608287, 'sigma': 0.1548100210001933, 'moneyness': 0.04}",0,0
2024-04-15 09:30:00,1,1,1,straddle_component,42426021,SPXW_5205_CE_20240415,50,18.25,trade,"{'detailed': True, 'instrument_type': 'option', 'underlying': 'SPXW', 'strike': 5205, 'expiry': '2024-04-15', 'dividend_rate': 0.015, 'opt_type': 'CE', 'timestamp': '2024-04-15 09:30:00', 'underlying_spot': 5207.25, 'id': 42426021, 'bid': 15.5, 'ask': 18.25, 'mid': 16.88, 'delta': 0.5265892318345067, 'theta': -14.064644797523592, 'gamma': 0.0101406027397388, 'vega': 0.7009361623383992, 'sigma': 0.2229173467023512, 'moneyness': -0.04}",0,0
2024-04-15 09:30:00,2,1,1,straddle_component,42412917,SPXW_5205_PE_20240415,50,12.0,trade,"{'detailed': True, 'instrument_type': 'option', 'underlying': 'SPXW', 'strike': 5205, 'expiry': '2024-04-15', 'dividend_rate': 0.015, 'opt_type': 'PE', 'timestamp': '2024-04-15 09:30:00', 'underlying_spot': 5207.25, 'id': 42412917, 'bid': 11.25, 'ask': 12.0, 'mid': 11.62, 'delta': -0.4680514529185942, 'theta': -11.191362560423682, 'gamma': 0.0124105133281204, 'vega': 0.7002396633811854, 'sigma': 0.1819652033161359, 'moneyness': 0.04}",0,0
2024-02-26 09:30:00,1,1,1,straddle_component,42394018,SPXW_5105_CE_20240226,50,8.45,trade,"{'detailed': True, 'instrument_type': 'option', 'underlying': 'SPXW', 'strike': 5105, 'expiry': '2024-02-26', 'dividend_rate': 0.015, 'opt_type': 'CE', 'timestamp': '2024-02-26 09:30:00', 'underlying_spot': 5104.25, 'id': 42394018, 'bid': 8.3, 'ask': 8.45, 'mid': 8.38, 'delta': 0.4910520497019455, 'theta': -7.92578421320814, 'gamma': 0.0183266701192508, 'vega': 0.6884297778009643, 'sigma': 0.1260832999690203, 'moneyness': 0.01}",0,0
2024-02-26 09:30:00,2,1,1,straddle_component,42280610,SPXW_5105_PE_20240226,50,9.8,trade,"{'detailed': True, 'instrument_type': 'option', 'underlying': 'SPXW', 'strike': 5105, 'expiry': '2024-02-26', 'dividend_rate': 0.015, 'opt_type': 'PE', 'timestamp': '2024-02-26 09:30:00', 'underlying_spot': 5104.25, 'id': 42280610, 'bid': 9.65, 'ask': 9.8, 'mid': 9.73, 'delta': -0.5081186225129208, 'theta': -8.376214487016673, 'gamma': 0.016909428151024, 'vega': 0.6884607620232428, 'sigma': 0.1366568879319148, 'moneyness': -0.01}",0,0
2024-08-12 09:30:00,1,1,1,straddle_component,42416055,SPXW_5385_CE_20240812,50,14.5,trade,"{'detailed': True, 'instrument_type': 'option', 'underlying': 'SPXW', 'strike': 5385, 'expiry': '2024-08-12', 'dividend_rate': 0.015, 'opt_type': 'CE', 'timestamp': '2024-08-12 09:30:00', 'underlying_spot': 5383.0, 'id': 42416055, 'bid': 14.0, 'ask': 14.5, 'mid': 14.25, 'delta': 0.482807929293827, 'theta': -13.657137860557214, 'gamma': 0.0104872327710836, 'vega': 0.7255336789489144, 'sigma': 0.2087821713807204, 'moneyness': 0.04}",0,0
2024-08-12 09:30:00,2,1,1,straddle_component,42342438,SPXW_5385_PE_20240812,50,18.25,trade,"{'detailed': True, 'instrument_type': 'option', 'underlying': 'SPXW', 'strike': 5385, 'expiry': '2024-08-12', 'dividend_rate': 0.015, 'opt_type': 'PE', 'timestamp': '2024-08-12 09:30:00', 'underlying_spot': 5383.0, 'id': 42342438, 'bid': 18.0, 'ask': 18.25, 'mid': 18.12, 'delta': -0.5148276453576628, 'theta': -15.278340767777284, 'gamma': 0.0092609617396988, 'vega': 0.7257071622364037, 'sigma': 0.2364839199110508, 'moneyness': -0.04}",0,0
2024-09-09 09:30:00,1,1,1,straddle_component,42486651,SPXW_5460_CE_20240909,50,19.5,trade,"{'detailed': True, 'instrument_type': 'option', 'underlying': 'SPXW', 'strike': 5460, 'expiry': '2024-09-09', 'dividend_rate': 0.015, 'opt_type': 'CE', 'timestamp': '2024-09-09 09:30:00', 'underlying_spot': 5460.5, 'id': 42486651, 'bid': 19.0, 'ask': 19.5, 'mid': 19.25, 'delta': 0.5078737252256715, 'theta': -17.264955075276497, 'gamma': 0.008405282692081, 'vega': 0.7365216789140785, 'sigma': 0.2569880888300956, 'moneyness': -0.01}",0,0
2024-09-09 09:30:00,2,1,1,straddle_component,42476258,SPXW_5460_PE_20240909,50,17.5,trade,"{'detailed': True, 'instrument_type': 'option', 'underlying': 'SPXW', 'strike': 5460, 'expiry': '2024-09-09', 'dividend_rate': 0.015, 'opt_type': 'PE', 'timestamp': '2024-09-09 09:30:00', 'underlying_spot': 5460.5, 'id': 42476258, 'bid': 17.0, 'ask': 17.5, 'mid': 17.25, 'delta': -0.4917745894310599, 'theta': -15.799960187350427, 'gamma': 0.0090574919653363, 'vega': 0.736508528688935, 'sigma': 0.2384787220671919, 'moneyness': 0.01}",0,0
2024-12-30 09:30:00,1,1,1,straddle_component,42540549,SPXW_5950_CE_20241230,50,21.25,trade,"{'detailed': True, 'instrument_type': 'option', 'underlying': 'SPXW', 'strike': 5950, 'expiry': '2024-12-30', 'dividend_rate': 0.015, 'opt_type': 'CE', 'timestamp': '2024-12-30 09:30:00', 'underlying_spot': 5949.5, 'id': 42540549, 'bid': 21.0, 'ask': 21.25, 'mid': 21.12, 'delta': 0.4999300350052138, 'theta': -19.4230938933876, 'gamma': 0.0074721186038573, 'vega': 0.8026352937494359, 'sigma': 0.2653738310364775, 'moneyness': 0.01}",0,0
2024-12-30 09:30:00,2,1,1,straddle_component,42540863,SPXW_5950_PE_20241230,50,16.25,trade,"{'detailed': True, 'instrument_type': 'option', 'underlying': 'SPXW', 'strike': 5950, 'expiry': '2024-12-30', 'dividend_rate': 0.015, 'opt_type': 'PE', 'timestamp': '2024-12-30 09:30:00', 'underlying_spot': 5949.5, 'id': 42540863, 'bid': 15.75, 'ask': 16.25, 'mid': 16.0, 'delta': -0.5011738769865381, 'theta': -14.206806554590246, 'gamma': 0.0100579532080757, 'vega': 0.8026318030546138, 'sigma': 0.1971470890724474, 'moneyness': -0.01}",0,0
2024-11-11 09:30:00,1,1,1,straddle_component,42439138,SPXW_6045_CE_20241111,50,8.9,trade,"{'detailed': True, 'instrument_type': 'option', 'underlying': 'SPXW', 'strike': 6045, 'expiry': '2024-11-11', 'dividend_rate': 0.015, 'opt_type': 'CE', 'timestamp': '2024-11-11 09:30:00', 'underlying_spot': 6044.0, 'id': 42439138, 'bid': 8.8, 'ask': 8.9, 'mid': 8.85, 'delta': 0.4879765489775423, 'theta': -8.442834232307467, 'gamma': 0.0171654071934312, 'vega': 0.8150105175703493, 'sigma': 0.113659688365045, 'moneyness': 0.02}",0,0
2024-11-11 09:30:00,2,1,1,straddle_component,42346268,SPXW_6045_PE_20241111,50,12.0,trade,"{'detailed': True, 'instrument_type': 'option', 'underlying': 'SPXW', 'strike': 6045, 'expiry': '2024-11-11', 'dividend_rate': 0.015, 'opt_type': 'PE', 'timestamp': '2024-11-11 09:30:00', 'underlying_spot': 6044.0, 'id': 42346268, 'bid': 11.5, 'ask': 12.0, 'mid': 11.75, 'delta': -0.509535287184093, 'theta': -10.065590834883858, 'gamma': 0.0140555463090663, 'vega': 0.8151497461732911, 'sigma': 0.1388308766592693, 'moneyness': -0.02}",0,0
2024-04-22 09:30:00,1,1,1,straddle_component,42422925,SPXW_5030_CE_20240422,50,14.0,trade,"{'detailed': True, 'instrument_type': 'option', 'underlying': 'SPXW', 'strike': 5030, 'expiry': '2024-04-22', 'dividend_rate': 0.015, 'opt_type': 'CE', 'timestamp': '2024-04-22 09:30:00', 'underlying_spot': 5029.25, 'id': 42422925, 'bid': 13.5, 'ask': 14.0, 'mid': 13.75, 'delta': 0.4953106263671181, 'theta': -12.818210486716488, 'gamma': 0.0113195557638334, 'vega': 0.6784391471615123, 'sigma': 0.2072142955736826, 'moneyness': 0.01}",0,0
2024-04-22 09:30:00,2,1,1,straddle_component,42422403,SPXW_5030_PE_20240422,50,13.5,trade,"{'detailed': True, 'instrument_type': 'option', 'underlying': 'SPXW', 'strike': 5030, 'expiry': '2024-04-22', 'dividend_rate': 0.015, 'opt_type': 'PE', 'timestamp': '2024-04-22 09:30:00', 'underlying_spot': 5029.25, 'id': 42422403, 'bid': 13.0, 'ask': 13.5, 'mid': 13.25, 'delta': -0.5053301193642667, 'theta': -11.585969329661156, 'gamma': 0.0123030763532483, 'vega': 0.6784253894721068, 'sigma': 0.1906455257636809, 'moneyness': -0.01}",0,0
2024-10-14 09:30:00,1,1,1,straddle_component,42442242,SPXW_5875_CE_20241014,50,11.25,trade,"{'detailed': True, 'instrument_type': 'option', 'underlying': 'SPXW', 'strike': 5875, 'expiry': '2024-10-14', 'dividend_rate': 0.015, 'opt_type': 'CE', 'timestamp': '2024-10-14 09:30:00', 'underlying_spot': 5874.75, 'id': 42442242, 'bid': 11.0, 'ask': 11.25, 'mid': 11.12, 'delta': 0.5009213561878667, 'theta': -10.24948144134257, 'gamma': 0.0142401508895773, 'vega': 0.7925488296725645, 'sigma': 0.1410188598325127, 'moneyness': 0.0}",0,0
2024-10-14 09:30:00,2,1,1,straddle_component,42431738,SPXW_5875_PE_20241014,50,9.55,trade,"{'detailed': True, 'instrument_type': 'option', 'underlying': 'SPXW', 'strike': 5875, 'expiry': '2024-10-14', 'dividend_rate': 0.015, 'opt_type': 'PE', 'timestamp': '2024-10-14 09:30:00', 'underlying_spot': 5874.75, 'id': 42431738, 'bid': 9.4, 'ask': 9.55, 'mid': 9.48, 'delta': -0.499233389429321, 'theta': -8.413905036539255, 'gamma': 0.0168890115759268, 'vega': 0.7925494800301456, 'sigma': 0.1189016577055287, 'moneyness': -0.0}",0,0
2024-01-08 09:30:00,1,1,1,straddle_component,42292295,SPXW_4740_CE_20240108,50,8.3,trade,"{'detailed': True, 'instrument_type': 'option', 'underlying': 'SPXW', 'strike': 4740, 'expiry': '2024-01-08', 'dividend_rate': 0.015, 'opt_type': 'CE', 'timestamp': '2024-01-08 09:30:00', 'underlying_spot': 4741.5, 'id': 42292295, 'bid': 8.05, 'ask': 8.3, 'mid': 8.18, 'delta': 0.5375931857469318, 'theta': -6.535502109563904, 'gamma': 0.021590881704725, 'vega': 0.6368035250355675, 'sigma': 0.1147261331440874, 'moneyness': -0.03}",0,0
2024-01-08 09:30:00,2,1,1,straddle_component,42293162,SPXW_4740_PE_20240108,50,8.95,trade,"{'detailed': True, 'instrument_type': 'option', 'underlying': 'SPXW', 'strike': 4740, 'expiry': '2024-01-08', 'dividend_rate': 0.015, 'opt_type': 'PE', 'timestamp': '2024-01-08 09:30:00', 'underlying_spot': 4741.5, 'id': 42293162, 'bid': 8.6, 'ask': 8.95, 'mid': 8.77, 'delta': -0.4707237766487182, 'theta': -8.399777570874472, 'gamma': 0.0165956122444299, 'vega': 0.6379360507668519, 'sigma': 0.1495209043344429, 'moneyness': 0.03}",0,0
2024-08-05 09:30:00,1,1,1,straddle_component,42418651,SPXW_5150_CE_20240805,50,60.5,trade,"{'detailed': True, 'instrument_type': 'option', 'underlying': 'SPXW', 'strike': 5150, 'expiry': '2024-08-05', 'dividend_rate': 0.015, 'opt_type': 'CE', 'timestamp': '2024-08-05 09:30:00', 'underlying_spot': 5152.25, 'id': 42418651, 'bid': 57.0, 'ask': 60.5, 'mid': 58.75, 'delta': 0.5124075301477404, 'theta': -52.21225855091851, 'gamma': 0.0027632636800944, 'vega': 0.6947436833133267, 'sigma': 0.8282338355429856, 'moneyness': -0.04}",0,0
2024-08-05 09:30:00,2,1,1,straddle_component,42403489,SPXW_5150_PE_20240805,50,51.0,trade,"{'detailed': True, 'instrument_type': 'option', 'underlying': 'SPXW', 'strike': 5150, 'expiry': '2024-08-05', 'dividend_rate': 0.015, 'opt_type': 'PE', 'timestamp': '2024-08-05 09:30:00', 'underlying_spot': 5152.25, 'id': 42403489, 'bid': 47.0, 'ask': 51.0, 'mid': 49.0, 'delta': -0.4873058670220587, 'theta': -45.30435551020825, 'gamma': 0.003169178768303, 'vega': 0.6947279602121341, 'sigma': 0.7221355287064359, 'moneyness': 0.04}",0,0
2024-06-17 09:30:00,1,1,1,straddle_component,42355505,SPXW_5495_CE_20240617,50,0.1,trade,"{'detailed': True, 'instrument_type': 'option', 'underlying': 'SPXW', 'strike': 5495, 'expiry': '2024-06-17', 'dividend_rate': 0.015, 'opt_type': 'CE', 'timestamp': '2024-06-17 09:30:00', 'underlying_spot': 5493.25, 'id': 42355505, 'bid': 0.05, 'ask': 0.1, 'mid': 0.08, 'delta': 0.1289467667775663, 'theta': -0.0864722164443394, 'gamma': 0.1568057129382183, 'vega': 0.3292102694964736, 'sigma': 0.0072215696929396, 'moneyness': 0.03}",0,0
2024-06-17 09:30:00,2,1,1,straddle_component,42260937,SPXW_5495_PE_20240617,50,65.75,trade,"{'detailed': True, 'instrument_type': 'option', 'underlying': 'SPXW', 'strike': 5495, 'expiry': '2024-06-17', 'dividend_rate': 0.015, 'opt_type': 'PE', 'timestamp': '2024-06-17 09:30:00', 'underlying_spot': 5493.25, 'id': 42260937, 'bid': 65.0, 'ask': 65.75, 'mid': 65.38, 'delta': -0.4978657902618977, 'theta': -58.37574492438221, 'gamma': 0.0024652057106777, 'vega': 0.7410729214227487, 'sigma': 0.8711512478002317, 'moneyness': -0.03}",0,0
2024-08-27 09:30:00,1,1,1,straddle_component,42442169,SPXW_5620_CE_20240827,50,14.75,trade,"{'detailed': True, 'instrument_type': 'option', 'underlying': 'SPXW', 'strike': 5620, 'expiry': '2024-08-27', 'dividend_rate': 0.015, 'opt_type': 'CE', 'timestamp': '2024-08-27 09:30:00', 'underlying_spot': 5621.25, 'id': 42442169, 'bid': 14.25, 'ask': 14.75, 'mid': 14.5, 'delta': 0.5183796647547645, 'theta': -12.538458323487806, 'gamma': 0.0115245264176166, 'vega': 0.757544678541322, 'sigma': 0.1819135759396233, 'moneyness': -0.02}",0,0
2024-08-27 09:30:00,2,1,1,straddle_component,42455951,SPXW_5620_PE_20240827,50,11.25,trade,"{'detailed': True, 'instrument_type': 'option', 'underlying': 'SPXW', 'strike': 5620, 'expiry': '2024-08-27', 'dividend_rate': 0.015, 'opt_type': 'PE', 'timestamp': '2024-08-27 09:30:00', 'underlying_spot': 5621.25, 'id': 42455951, 'bid': 11.0, 'ask': 11.25, 'mid': 11.12, 'delta': -0.4789139416887522, 'theta': -10.489528533312289, 'gamma': 0.013458592533766, 'vega': 0.7572882743095155, 'sigma': 0.1557193509522519, 'moneyness': 0.02}",0,0
2024-08-13 09:30:00,1,1,1,straddle_component,42382469,SPXW_5405_CE_20240813,50,16.25,trade,"{'detailed': True, 'instrument_type': 'option', 'underlying': 'SPXW', 'strike': 5405, 'expiry': '2024-08-13', 'dividend_rate': 0.015, 'opt_type': 'CE', 'timestamp': '2024-08-13 09:30:00', 'underlying_spot': 5406.5, 'id': 42382469, 'bid': 16.0, 'ask': 16.25, 'mid': 16.12, 'delta': 0.5193903721284698, 'theta': -13.868223552026638, 'gamma': 0.0103926917915941, 'vega': 0.7285168618998652, 'sigma': 0.2097126756679712, 'moneyness': -0.03}",0,0
2024-08-13 09:30:00,2,1,1,straddle_component,42356190,SPXW_5405_PE_20240813,50,17.5,trade,"{'detailed': True, 'instrument_type': 'option', 'underlying': 'SPXW', 'strike': 5405, 'expiry': '2024-08-13', 'dividend_rate': 0.015, 'opt_type': 'PE', 'timestamp': '2024-08-13 09:30:00', 'underlying_spot': 5406.5, 'id': 42356190, 'bid': 17.25, 'ask': 17.5, 'mid': 17.38, 'delta': -0.4831960480611741, 'theta': -16.276425648673747, 'gamma': 0.0087446687047076, 'vega': 0.728732285743197, 'sigma': 0.24930860811284, 'moneyness': 0.03}",0,0
2024-05-14 09:30:00,1,1,1,straddle_component,42445259,SPXW_5250_CE_20240514,50,9.4,trade,"{'detailed': True, 'instrument_type': 'option', 'underlying': 'SPXW', 'strike': 5250, 'expiry': '2024-05-14', 'dividend_rate': 0.015, 'opt_type': 'CE', 'timestamp': '2024-05-14 09:30:00', 'underlying_spot': 5248.75, 'id': 42445259, 'bid': 9.1, 'ask': 9.4, 'mid': 9.25, 'delta': 0.4842334404987269, 'theta': -8.86915642678501, 'gamma': 0.016230552688512, 'vega': 0.7075422006544674, 'sigma': 0.1383737747691402, 'moneyness': 0.02}",0,0
2024-05-14 09:30:00,2,1,1,straddle_component,42442546,SPXW_5250_PE_20240514,50,12.5,trade,"{'detailed': True, 'instrument_type': 'option', 'underlying': 'SPXW', 'strike': 5250, 'expiry': '2024-05-14', 'dividend_rate': 0.015, 'opt_type': 'PE', 'timestamp': '2024-05-14 09:30:00', 'underlying_spot': 5248.75, 'id': 42442546, 'bid': 12.0, 'ask': 12.5, 'mid': 12.25, 'delta': -0.5128964055553631, 'theta': -10.375723274509308, 'gamma': 0.0136177613363486, 'vega': 0.707726893451075, 'sigma': 0.1649657263612336, 'moneyness': -0.02}",0,0
2024-04-16 09:30:00,1,1,1,straddle_component,42423160,SPXW_5105_CE_20240416,50,20.25,trade,"{'detailed': True, 'instrument_type': 'option', 'underlying': 'SPXW', 'strike': 5105, 'expiry': '2024-04-16', 'dividend_rate': 0.015, 'opt_type': 'CE', 'timestamp': '2024-04-16 09:30:00', 'underlying_spot': 5106.0, 'id': 42423160, 'bid': 19.75, 'ask': 20.25, 'mid': 20.0, 'delta': 0.5118563531272713, 'theta': -17.682973467812094, 'gamma': 0.0081861331580057, 'vega': 0.6885358959401078, 'sigma': 0.2821180427673798, 'moneyness': -0.02}",0,0
2024-04-16 09:30:00,2,1,1,straddle_component,42427828,SPXW_5105_PE_20240416,50,18.25,trade,"{'detailed': True, 'instrument_type': 'option', 'underlying': 'SPXW', 'strike': 5105, 'expiry': '2024-04-16', 'dividend_rate': 0.015, 'opt_type': 'PE', 'timestamp': '2024-04-16 09:30:00', 'underlying_spot': 5106.0, 'id': 42427828, 'bid': 17.75, 'ask': 18.25, 'mid': 18.0, 'delta': -0.4877612795816333, 'theta': -16.67685061462102, 'gamma': 0.0085707110031307, 'vega': 0.6885159006830293, 'sigma': 0.2694512739146524, 'moneyness': 0.02}",0,0
2024-01-23 09:30:00,1,1,1,straddle_component,42342513,SPXW_4890_CE_20240123,50,6.9,trade,"{'detailed': True, 'instrument_type': 'option', 'underlying': 'SPXW', 'strike': 4890, 'expiry': '2024-01-23', 'dividend_rate': 0.015, 'opt_type': 'CE', 'timestamp': '2024-01-23 09:30:00', 'underlying_spot': 4887.75, 'id': 42342513, 'bid': 6.65, 'ask': 6.9, 'mid': 6.78, 'delta': 0.4591295622558888, 'theta': -6.717244624876501, 'gamma': 0.0203207105009539, 'vega': 0.6559075675611195, 'sigma': 0.1181537190025253, 'moneyness': 0.05}",0,0
2024-01-23 09:30:00,2,1,1,straddle_component,42343722,SPXW_4890_PE_20240123,50,11.25,trade,"{'detailed': True, 'instrument_type': 'option', 'underlying': 'SPXW', 'strike': 4890, 'expiry': '2024-01-23', 'dividend_rate': 0.015, 'opt_type': 'PE', 'timestamp': '2024-01-23 09:30:00', 'underlying_spot': 4887.75, 'id': 42343722, 'bid': 11.0, 'ask': 11.25, 'mid': 11.12, 'delta': -0.5313855367818476, 'theta': -8.61970352195838, 'gamma': 0.015829262913769, 'vega': 0.6573456472665029, 'sigma': 0.1520078048988073, 'moneyness': -0.05}",0,0
2024-01-16 09:30:00,1,1,1,straddle_component,42212062,SPXW_4805_CE_20240116,50,8.25,trade,"{'detailed': True, 'instrument_type': 'option', 'underlying': 'SPXW', 'strike': 4805, 'expiry': '2024-01-16', 'dividend_rate': 0.015, 'opt_type': 'CE', 'timestamp': '2024-01-16 09:30:00', 'underlying_spot': 4804.25, 'id': 42212062, 'bid': 8.0, 'ask': 8.25, 'mid': 8.12, 'delta': 0.4905545663206112, 'theta': -7.69475924867981, 'gamma': 0.0188615711493866, 'vega': 0.6479489425710936, 'sigma': 0.1301538596499787, 'moneyness': 0.02}",0,0
2024-01-16 09:30:00,2,1,1,straddle_component,42189844,SPXW_4805_PE_20240116,50,11.75,trade,"{'detailed': True, 'instrument_type': 'option', 'underlying': 'SPXW', 'strike': 4805, 'expiry': '2024-01-16', 'dividend_rate': 0.015, 'opt_type': 'PE', 'timestamp': '2024-01-16 09:30:00', 'underlying_spot': 4804.25, 'id': 42189844, 'bid': 11.0, 'ask': 11.75, 'mid': 11.38, 'delta': -0.50672574995545, 'theta': -9.882256010729904, 'gamma': 0.0143922563822229, 'vega': 0.6480393531993913, 'sigma': 0.1705948980094149, 'moneyness': -0.02}",0,0
2024-11-19 09:30:00,1,1,1,straddle_component,42460126,SPXW_5885_CE_20241119,50,15.25,trade,"{'detailed': True, 'instrument_type': 'option', 'underlying': 'SPXW', 'strike': 5885, 'expiry': '2024-11-19', 'dividend_rate': 0.015, 'opt_type': 'CE', 'timestamp': '2024-11-19 09:30:00', 'underlying_spot': 5884.75, 'id': 42460126, 'bid': 14.75, 'ask': 15.25, 'mid': 15.0, 'delta': 0.5012611267336098, 'theta': -13.763454912405786, 'gamma': 0.0105740345190952, 'vega': 0.7938960568802482, 'sigma': 0.1895881760929789, 'moneyness': 0.0}",0,0
2024-11-19 09:30:00,2,1,1,straddle_component,42413633,SPXW_5885_PE_20241119,50,17.0,trade,"{'detailed': True, 'instrument_type': 'option', 'underlying': 'SPXW', 'strike': 5885, 'expiry': '2024-11-19', 'dividend_rate': 0.015, 'opt_type': 'PE', 'timestamp': '2024-11-19 09:30:00', 'underlying_spot': 5884.75, 'id': 42413633, 'bid': 16.25, 'ask': 17.0, 'mid': 16.62, 'delta': -0.498607894304115, 'theta': -14.897653340293148, 'gamma': 0.009602732191638, 'vega': 0.7938951901318392, 'sigma': 0.2087645081310375, 'moneyness': -0.0}",0,0
2024-02-06 09:30:00,1,1,1,straddle_component,42275837,SPXW_4975_CE_20240206,50,6.45,trade,"{'detailed': True, 'instrument_type': 'option', 'underlying': 'SPXW', 'strike': 4975, 'expiry': '2024-02-06', 'dividend_rate': 0.015, 'opt_type': 'CE', 'timestamp': '2024-02-06 09:30:00', 'underlying_spot': 4973.75, 'id': 42275837, 'bid': 6.2, 'ask': 6.45, 'mid': 6.32, 'delta': 0.4766200836996859, 'theta': -6.163135598835464, 'gamma': 0.0231188566068851, 'vega': 0.66983446659638, 'sigma': 0.1024201516238853, 'moneyness': 0.03}",0,0
2024-02-06 09:30:00,2,1,1,straddle_component,42295517,SPXW_4975_PE_20240206,50,12.0,trade,"{'detailed': True, 'instrument_type': 'option', 'underlying': 'SPXW', 'strike': 4975, 'expiry': '2024-02-06', 'dividend_rate': 0.015, 'opt_type': 'PE', 'timestamp': '2024-02-06 09:30:00', 'underlying_spot': 4973.75, 'id': 42295517, 'bid': 11.25, 'ask': 12.0, 'mid': 11.62, 'delta': -0.513862051004299, 'theta': -9.805703735322387, 'gamma': 0.0143916795103393, 'vega': 0.6705919544563539, 'sigma': 0.1647117945855356, 'moneyness': -0.03}",0,0
2024-06-18 09:30:00,1,1,1,straddle_component,42403415,SPXW_5550_CE_20240618,50,0.1,trade,"{'detailed': True, 'instrument_type': 'option', 'underlying': 'SPXW', 'strike': 5550, 'expiry': '2024-06-18', 'dividend_rate': 0.015, 'opt_type': 'CE', 'timestamp': '2024-06-18 09:30:00', 'underlying_spot': 5549.75, 'id': 42403415, 'bid': 0.05, 'ask': 0.1, 'mid': 0.08, 'delta': 0.4794963973179473, 'theta': -0.1148479439284847, 'gamma': 1.2964272586606096, 'vega': 0.4317077140167096, 'sigma': 0.0016373753468849, 'moneyness': 0.0}",0,0
2024-06-18 09:30:00,2,1,1,straddle_component,42408877,SPXW_5550_PE_20240618,50,71.25,trade,"{'detailed': True, 'instrument_type': 'option', 'underlying': 'SPXW', 'strike': 5550, 'expiry': '2024-06-18', 'dividend_rate': 0.015, 'opt_type': 'PE', 'timestamp': '2024-06-18 09:30:00', 'underlying_spot': 5549.75, 'id': 42408877, 'bid': 70.25, 'ask': 71.25, 'mid': 70.75, 'delta': -0.4936663853591483, 'theta': -63.96694821830196, 'gamma': 0.0022509142638682, 'vega': 0.7486114770465875, 'sigma': 0.9442692740091292, 'moneyness': -0.0}",0,0
2024-02-20 09:30:00,1,1,1,straddle_component,42353308,SPXW_5005_CE_20240220,50,8.4,trade,"{'detailed': True, 'instrument_type': 'option', 'underlying': 'SPXW', 'strike': 5005, 'expiry': '2024-02-20', 'dividend_rate': 0.015, 'opt_type': 'CE', 'timestamp': '2024-02-20 09:30:00', 'underlying_spot': 5003.5, 'id': 42353308, 'bid': 8.2, 'ask': 8.4, 'mid': 8.3, 'delta': 0.4780417027172134, 'theta': -8.04680781772897, 'gamma': 0.0177171545701071, 'vega': 0.6739832764720095, 'sigma': 0.1328788892045006, 'moneyness': 0.03}",0,0
2024-02-20 09:30:00,2,1,1,straddle_component,42346112,SPXW_5005_PE_20240220,50,12.25,trade,"{'detailed': True, 'instrument_type': 'option', 'underlying': 'SPXW', 'strike': 5005, 'expiry': '2024-02-20', 'dividend_rate': 0.015, 'opt_type': 'PE', 'timestamp': '2024-02-20 09:30:00', 'underlying_spot': 5003.5, 'id': 42346112, 'bid': 11.5, 'ask': 12.25, 'mid': 11.88, 'delta': -0.5172344893098035, 'theta': -9.870099467013592, 'gamma': 0.0142314376994079, 'vega': 0.674379730809398, 'sigma': 0.1655214260753311, 'moneyness': -0.03}",0,0
2024-07-23 09:30:00,1,1,1,straddle_component,42463840,SPXW_5610_CE_20240723,50,11.0,trade,"{'detailed': True, 'instrument_type': 'option', 'underlying': 'SPXW', 'strike': 5610, 'expiry': '2024-07-23', 'dividend_rate': 0.015, 'opt_type': 'CE', 'timestamp': '2024-07-23 09:30:00', 'underlying_spot': 5607.75, 'id': 42463840, 'bid': 10.5, 'ask': 11.0, 'mid': 10.75, 'delta': 0.4738557532953713, 'theta': -10.47209413886462, 'gamma': 0.0134899716464076, 'vega': 0.7548981132078376, 'sigma': 0.1556140221387419, 'moneyness': 0.04}",0,0
2024-07-23 09:30:00,2,1,1,straddle_component,42468291,SPXW_5610_PE_20240723,50,13.5,trade,"{'detailed': True, 'instrument_type': 'option', 'underlying': 'SPXW', 'strike': 5610, 'expiry': '2024-07-23', 'dividend_rate': 0.015, 'opt_type': 'PE', 'timestamp': '2024-07-23 09:30:00', 'underlying_spot': 5607.75, 'id': 42468291, 'bid': 13.25, 'ask': 13.5, 'mid': 13.38, 'delta': -0.5249564632162418, 'theta': -10.717915512131066, 'gamma': 0.0129252576996918, 'vega': 0.7550436182399141, 'sigma': 0.1624439699889594, 'moneyness': -0.04}",0,0
2024-01-09 09:30:00,1,1,1,straddle_component,42317702,SPXW_4775_CE_20240109,50,8.25,trade,"{'detailed': True, 'instrument_type': 'option', 'underlying': 'SPXW', 'strike': 4775, 'expiry': '2024-01-09', 'dividend_rate': 0.015, 'opt_type': 'CE', 'timestamp': '2024-01-09 09:30:00', 'underlying_spot': 4772.75, 'id': 42317702, 'bid': 8.0, 'ask': 8.25, 'mid': 8.12, 'delta': 0.4653734960750277, 'theta': -8.000111455964632, 'gamma': 0.0173305516248944, 'vega': 0.6414427250594339, 'sigma': 0.142089239422938, 'moneyness': 0.05}",0,0
2024-01-09 09:30:00,2,1,1,straddle_component,42254907,SPXW_4775_PE_20240109,50,10.25,trade,"{'detailed': True, 'instrument_type': 'option', 'underlying': 'SPXW', 'strike': 4775, 'expiry': '2024-01-09', 'dividend_rate': 0.015, 'opt_type': 'PE', 'timestamp': '2024-01-09 09:30:00', 'underlying_spot': 4772.75, 'id': 42254907, 'bid': 9.95, 'ask': 10.25, 'mid': 10.1, 'delta': -0.5352585966333478, 'theta': -7.653299764906985, 'gamma': 0.0176287905873095, 'vega': 0.6413523511589014, 'sigma': 0.1396659302624889, 'moneyness': -0.05}",0,0
2024-06-04 09:30:00,1,1,1,straddle_component,42425356,SPXW_5285_CE_20240604,50,12.5,trade,"{'detailed': True, 'instrument_type': 'option', 'underlying': 'SPXW', 'strike': 5285, 'expiry': '2024-06-04', 'dividend_rate': 0.015, 'opt_type': 'CE', 'timestamp': '2024-06-04 09:30:00', 'underlying_spot': 5285.25, 'id': 42425356, 'bid': 12.0, 'ask': 12.5, 'mid': 12.25, 'delta': 0.5073836278326027, 'theta': -11.037890173086703, 'gamma': 0.0131962855931533, 'vega': 0.7129002287835613, 'sigma': 0.1691183358122547, 'moneyness': -0.0}",0,0
2024-06-04 09:30:00,2,1,1,straddle_component,42433940,SPXW_5285_PE_20240604,50,12.25,trade,"{'detailed': True, 'instrument_type': 'option', 'underlying': 'SPXW', 'strike': 5285, 'expiry': '2024-06-04', 'dividend_rate': 0.015, 'opt_type': 'PE', 'timestamp': '2024-06-04 09:30:00', 'underlying_spot': 5285.25, 'id': 42433940, 'bid': 12.0, 'ask': 12.25, 'mid': 12.12, 'delta': -0.4927224797929064, 'theta': -11.05019868948976, 'gamma': 0.0129205671406396, 'vega': 0.7129037385480039, 'sigma': 0.1727280812715298, 'moneyness': 0.0}",0,0
2024-09-24 09:30:00,1,1,1,straddle_component,42459821,SPXW_5780_CE_20240924,50,13.25,trade,"{'detailed': True, 'instrument_type': 'option', 'underlying': 'SPXW', 'strike': 5780, 'expiry': '2024-09-24', 'dividend_rate': 0.015, 'opt_type': 'CE', 'timestamp': '2024-09-24 09:30:00', 'underlying_spot': 5780.25, 'id': 42459821, 'bid': 12.75, 'ask': 13.25, 'mid': 13.0, 'delta': 0.5072472288641272, 'theta': -11.722783350051085, 'gamma': 0.012429669542513, 'vega': 0.7796731168917281, 'sigma': 0.1641741124957202, 'moneyness': -0.0}",0,0
2024-09-24 09:30:00,2,1,1,straddle_component,42490129,SPXW_5780_PE_20240924,50,8.95,trade,"{'detailed': True, 'instrument_type': 'option', 'underlying': 'SPXW', 'strike': 5780, 'expiry': '2024-09-24', 'dividend_rate': 0.015, 'opt_type': 'PE', 'timestamp': '2024-09-24 09:30:00', 'underlying_spot': 5780.25, 'id': 42490129, 'bid': 8.8, 'ask': 8.95, 'mid': 8.88, 'delta': -0.4905506775926049, 'theta': -8.09810281418843, 'gamma': 0.0175396311696829, 'vega': 0.7795820117264372, 'sigma': 0.116330489342382, 'moneyness': 0.0}",0,0
2024-07-09 09:30:00,1,1,1,straddle_component,42404807,SPXW_5635_CE_20240709,50,9.9,trade,"{'detailed': True, 'instrument_type': 'option', 'underlying': 'SPXW', 'strike': 5635, 'expiry': '2024-07-09', 'dividend_rate': 0.015, 'opt_type': 'CE', 'timestamp': '2024-07-09 09:30:00', 'underlying_spot': 5636.0, 'id': 42404807, 'bid': 9.65, 'ask': 9.9, 'mid': 9.78, 'delta': 0.5222326677491118, 'theta': -8.373348657795823, 'gamma': 0.0172833360956303, 'vega': 0.7591531057609924, 'sigma': 0.1209229532128539, 'moneyness': -0.02}",0,0
2024-07-09 09:30:00,2,1,1,straddle_component,42404571,SPXW_5635_PE_20240709,50,9.0,trade,"{'detailed': True, 'instrument_type': 'option', 'underlying': 'SPXW', 'strike': 5635, 'expiry': '2024-07-09', 'dividend_rate': 0.015, 'opt_type': 'PE', 'timestamp': '2024-07-09 09:30:00', 'underlying_spot': 5636.0, 'id': 42404571, 'bid': 8.8, 'ask': 9.0, 'mid': 8.9, 'delta': -0.4783463241819774, 'theta': -8.381269921954056, 'gamma': 0.0167979068876888, 'vega': 0.759214647659733, 'sigma': 0.1244272940579452, 'moneyness': 0.02}",0,0
2024-09-03 09:30:00,1,1,1,straddle_component,42498698,SPXW_5625_CE_20240903,50,14.5,trade,"{'detailed': True, 'instrument_type': 'option', 'underlying': 'SPXW', 'strike': 5625, 'expiry': '2024-09-03', 'dividend_rate': 0.015, 'opt_type': 'CE', 'timestamp': '2024-09-03 09:30:00', 'underlying_spot': 5627.5, 'id': 42498698, 'bid': 14.0, 'ask': 14.5, 'mid': 14.25, 'delta': 0.5349078583273936, 'theta': -11.45415128575425, 'gamma': 0.0123000419449681, 'vega': 0.756277283784903, 'sigma': 0.169782607038461, 'moneyness': -0.04}",0,0
2024-09-03 09:30:00,2,1,1,straddle_component,42478489,SPXW_5625_PE_20240903,50,13.25,trade,"{'detailed': True, 'instrument_type': 'option', 'underlying': 'SPXW', 'strike': 5625, 'expiry': '2024-09-03', 'dividend_rate': 0.015, 'opt_type': 'PE', 'timestamp': '2024-09-03 09:30:00', 'underlying_spot': 5627.5, 'id': 42478489, 'bid': 12.75, 'ask': 13.25, 'mid': 13.0, 'delta': -0.4682593646229804, 'theta': -12.513653133486796, 'gamma': 0.0111059662799561, 'vega': 0.7567845165111802, 'sigma': 0.1881623683652028, 'moneyness': 0.04}",0,0
2024-01-02 09:30:00,1,1,1,straddle_component,42221086,SPXW_4785_CE_20240102,50,10.25,trade,"{'detailed': True, 'instrument_type': 'option', 'underlying': 'SPXW', 'strike': 4785, 'expiry': '2024-01-02', 'dividend_rate': 0.015, 'opt_type': 'CE', 'timestamp': '2024-01-02 09:30:00', 'underlying_spot': 4787.25, 'id': 42221086, 'bid': 9.85, 'ask': 10.25, 'mid': 10.05, 'delta': 0.5450959671517985, 'theta': -7.698275397478213, 'gamma': 0.0179358900886938, 'vega': 0.6416866380338391, 'sigma': 0.1365170012084234, 'moneyness': -0.05}",0,0
2024-01-02 09:30:00,2,1,1,straddle_component,42282275,SPXW_4785_PE_20240102,50,11.5,trade,"{'detailed': True, 'instrument_type': 'option', 'underlying': 'SPXW', 'strike': 4785, 'expiry': '2024-01-02', 'dividend_rate': 0.015, 'opt_type': 'PE', 'timestamp': '2024-01-02 09:30:00', 'underlying_spot': 4787.25, 'id': 42282275, 'bid': 11.25, 'ask': 11.5, 'mid': 11.38, 'delta': -0.4675694234521188, 'theta': -10.96266672010058, 'gamma': 0.0126623757168431, 'vega': 0.6436981192488389, 'sigma': 0.1939737130639149, 'moneyness': 0.05}",0,0
2024-12-03 09:30:00,1,1,1,straddle_component,42461017,SPXW_6055_CE_20241203,50,11.5,trade,"{'detailed': True, 'instrument_type': 'option', 'underlying': 'SPXW', 'strike': 6055, 'expiry': '2024-12-03', 'dividend_rate': 0.015, 'opt_type': 'CE', 'timestamp': '2024-12-03 09:30:00', 'underlying_spot': 6057.5, 'id': 42461017, 'bid': 11.25, 'ask': 11.5, 'mid': 11.38, 'delta': 0.5446158918308797, 'theta': -8.758152984848802, 'gamma': 0.0158227690505441, 'vega': 0.8120566542766303, 'sigma': 0.1223148348844178, 'moneyness': -0.04}",0,0
2024-12-03 09:30:00,2,1,1,straddle_component,42461011,SPXW_6055_PE_20241203,50,8.15,trade,"{'detailed': True, 'instrument_type': 'option', 'underlying': 'SPXW', 'strike': 6055, 'expiry': '2024-12-03', 'dividend_rate': 0.015, 'opt_type': 'PE', 'timestamp': '2024-12-03 09:30:00', 'underlying_spot': 6057.5, 'id': 42461011, 'bid': 7.9, 'ask': 8.15, 'mid': 8.02, 'delta': -0.4521451866621451, 'theta': -7.842396143145625, 'gamma': 0.0170032578683532, 'vega': 0.8112748705307391, 'sigma': 0.1137148404436128, 'moneyness': 0.04}",0,0
2024-12-10 09:30:00,1,1,1,straddle_component,42371947,SPXW_6065_CE_20241210,50,12.5,trade,"{'detailed': True, 'instrument_type': 'option', 'underlying': 'SPXW', 'strike': 6065, 'expiry': '2024-12-10', 'dividend_rate': 0.015, 'opt_type': 'CE', 'timestamp': '2024-12-10 09:30:00', 'underlying_spot': 6066.0, 'id': 42371947, 'bid': 11.75, 'ask': 12.5, 'mid': 12.12, 'delta': 0.518266003032597, 'theta': -10.5253322039942, 'gamma': 0.0137756653195708, 'vega': 0.817490280393216, 'sigma': 0.141030028734624, 'moneyness': -0.02}",0,0
2024-12-10 09:30:00,2,1,1,straddle_component,42089847,SPXW_6065_PE_20241210,50,5.4,trade,"{'detailed': True, 'instrument_type': 'option', 'underlying': 'SPXW', 'strike': 6065, 'expiry': '2024-12-10', 'dividend_rate': 0.015, 'opt_type': 'PE', 'timestamp': '2024-12-10 09:30:00', 'underlying_spot': 6066.0, 'id': 42089847, 'bid': 5.25, 'ask': 5.4, 'mid': 5.32, 'delta': -0.465581271482751, 'theta': -5.08815430230868, 'gamma': 0.026949599547521, 'vega': 0.81524638062507, 'sigma': 0.0718964027870392, 'moneyness': 0.02}",0,0
2024-11-12 09:30:00,1,1,1,straddle_component,42478109,SPXW_6030_CE_20241112,50,11.0,trade,"{'detailed': True, 'instrument_type': 'option', 'underlying': 'SPXW', 'strike': 6030, 'expiry': '2024-11-12', 'dividend_rate': 0.015, 'opt_type': 'CE', 'timestamp': '2024-11-12 09:30:00', 'underlying_spot': 6031.5, 'id': 42478109, 'bid': 10.5, 'ask': 11.0, 'mid': 10.75, 'delta': 0.528992635966663, 'theta': -8.940053013895202, 'gamma': 0.0160270814753005, 'vega': 0.8115343151930201, 'sigma': 0.1217177285594462, 'moneyness': -0.02}",0,0
2024-11-12 09:30:00,2,1,1,straddle_component,42484885,SPXW_6030_PE_20241112,50,10.5,trade,"{'detailed': True, 'instrument_type': 'option', 'underlying': 'SPXW', 'strike': 6030, 'expiry': '2024-11-12', 'dividend_rate': 0.015, 'opt_type': 'PE', 'timestamp': '2024-11-12 09:30:00', 'underlying_spot': 6031.5, 'id': 42484885, 'bid': 10.0, 'ask': 10.5, 'mid': 10.25, 'delta': -0.4738462611364902, 'theta': -9.749123633275111, 'gamma': 0.0143623396020586, 'vega': 0.811939743165774, 'sigma': 0.1358930981371663, 'moneyness': 0.02}",0,0
2024-03-05 09:30:00,1,1,1,straddle_component,42297687,SPXW_5115_CE_20240305,50,10.25,trade,"{'detailed': True, 'instrument_type': 'option', 'underlying': 'SPXW', 'strike': 5115, 'expiry': '2024-03-05', 'dividend_rate': 0.015, 'opt_type': 'CE', 'timestamp': '2024-03-05 09:30:00', 'underlying_spot': 5117.0, 'id': 42297687, 'bid': 9.65, 'ask': 10.25, 'mid': 9.95, 'delta': 0.5406634940003485, 'theta': -7.81110170526007, 'gamma': 0.0178956608465341, 'vega': 0.6867143177599999, 'sigma': 0.1281608624689727, 'moneyness': -0.04}",0,0
2024-03-05 09:30:00,2,1,1,straddle_component,42358830,SPXW_5115_PE_20240305,50,8.4,trade,"{'detailed': True, 'instrument_type': 'option', 'underlying': 'SPXW', 'strike': 5115, 'expiry': '2024-03-05', 'dividend_rate': 0.015, 'opt_type': 'PE', 'timestamp': '2024-03-05 09:30:00', 'underlying_spot': 5117.0, 'id': 42358830, 'bid': 8.15, 'ask': 8.4, 'mid': 8.28, 'delta': -0.4612333404224955, 'theta': -8.022734725233642, 'gamma': 0.0170281641231895, 'vega': 0.6870454140912718, 'sigma': 0.1347541892382524, 'moneyness': 0.04}",0,0
2024-07-02 09:30:00,1,1,1,straddle_component,42406214,SPXW_5515_CE_20240702,50,10.75,trade,"{'detailed': True, 'instrument_type': 'option', 'underlying': 'SPXW', 'strike': 5515, 'expiry': '2024-07-02', 'dividend_rate': 0.015, 'opt_type': 'CE', 'timestamp': '2024-07-02 09:30:00', 'underlying_spot': 5516.75, 'id': 42406214, 'bid': 10.5, 'ask': 10.75, 'mid': 10.62, 'delta': 0.5335300271185339, 'theta': -8.638936142216352, 'gamma': 0.0164286594817042, 'vega': 0.7416087740771049, 'sigma': 0.1297058327725307, 'moneyness': -0.03}",0,0
2024-07-02 09:30:00,2,1,1,straddle_component,42389688,SPXW_5515_PE_20240702,50,9.45,trade,"{'detailed': True, 'instrument_type': 'option', 'underlying': 'SPXW', 'strike': 5515, 'expiry': '2024-07-02', 'dividend_rate': 0.015, 'opt_type': 'PE', 'timestamp': '2024-07-02 09:30:00', 'underlying_spot': 5516.75, 'id': 42389688, 'bid': 9.3, 'ask': 9.45, 'mid': 9.38, 'delta': -0.4684382903661799, 'theta': -9.000984871779869, 'gamma': 0.0154133825702729, 'vega': 0.7419120383933313, 'sigma': 0.138305443230857, 'moneyness': 0.03}",0,0
2024-05-28 09:30:00,1,1,1,straddle_component,42341070,SPXW_5330_CE_20240528,50,6.95,trade,"{'detailed': True, 'instrument_type': 'option', 'underlying': 'SPXW', 'strike': 5330, 'expiry': '2024-05-28', 'dividend_rate': 0.015, 'opt_type': 'CE', 'timestamp': '2024-05-28 09:30:00', 'underlying_spot': 5328.0, 'id': 42341070, 'bid': 6.8, 'ask': 6.95, 'mid': 6.88, 'delta': 0.4644293409311828, 'theta': -6.791502306010179, 'gamma': 0.0203981655921836, 'vega': 0.7159053477877375, 'sigma': 0.108117525103853, 'moneyness': 0.04}",0,0
2024-05-28 09:30:00,2,1,1,straddle_component,42436368,SPXW_5330_PE_20240528,50,8.3,trade,"{'detailed': True, 'instrument_type': 'option', 'underlying': 'SPXW', 'strike': 5330, 'expiry': '2024-05-28', 'dividend_rate': 0.015, 'opt_type': 'PE', 'timestamp': '2024-05-28 09:30:00', 'underlying_spot': 5328.0, 'id': 42436368, 'bid': 8.2, 'ask': 8.3, 'mid': 8.25, 'delta': -0.5380726514644607, 'theta': -6.101153304379025, 'gamma': 0.0217696196358474, 'vega': 0.7154809944951857, 'sigma': 0.1012473199204722, 'moneyness': -0.04}",0,0
2024-10-29 09:30:00,1,1,1,straddle_component,42421285,SPXW_5850_CE_20241029,50,12.5,trade,"{'detailed': True, 'instrument_type': 'option', 'underlying': 'SPXW', 'strike': 5850, 'expiry': '2024-10-29', 'dividend_rate': 0.015, 'opt_type': 'CE', 'timestamp': '2024-10-29 09:30:00', 'underlying_spot': 5848.5, 'id': 42421285, 'bid': 12.25, 'ask': 12.5, 'mid': 12.38, 'delta': 0.4858236519007519, 'theta': -11.809557724641875, 'gamma': 0.0121980869138837, 'vega': 0.7885092758960157, 'sigma': 0.1652614983938188, 'moneyness': 0.03}",0,0
2024-10-29 09:30:00,2,1,1,straddle_component,42384829,SPXW_5850_PE_20241029,50,10.75,trade,"{'detailed': True, 'instrument_type': 'option', 'underlying': 'SPXW', 'strike': 5850, 'expiry': '2024-10-29', 'dividend_rate': 0.015, 'opt_type': 'PE', 'timestamp': '2024-10-29 09:30:00', 'underlying_spot': 5848.5, 'id': 42384829, 'bid': 10.25, 'ask': 10.75, 'mid': 10.5, 'delta': -0.5194877304218082, 'theta': -8.593600996216807, 'gamma': 0.0162086023891561, 'vega': 0.788061399841931, 'sigma': 0.1243007120812804, 'moneyness': -0.03}",0,0
2024-12-31 09:30:00,1,1,1,straddle_component,42512145,SPXW_5975_CE_20241231,50,20.0,trade,"{'detailed': True, 'instrument_type': 'option', 'underlying': 'SPXW', 'strike': 5975, 'expiry': '2024-12-31', 'dividend_rate': 0.015, 'opt_type': 'CE', 'timestamp': '2024-12-31 09:30:00', 'underlying_spot': 5976.25, 'id': 42512145, 'bid': 19.5, 'ask': 20.0, 'mid': 19.75, 'delta': 0.5141451315761714, 'theta': -17.326210084648974, 'gamma': 0.0083516982840592, 'vega': 0.8057365462653543, 'sigma': 0.2362140211588861, 'moneyness': -0.02}",0,0
2024-12-31 09:30:00,2,1,1,straddle_component,42513626,SPXW_5975_PE_20241231,50,21.5,trade,"{'detailed': True, 'instrument_type': 'option', 'underlying': 'SPXW', 'strike': 5975, 'expiry': '2024-12-31', 'dividend_rate': 0.015, 'opt_type': 'PE', 'timestamp': '2024-12-31 09:30:00', 'underlying_spot': 5976.25, 'id': 42513626, 'bid': 21.0, 'ask': 21.5, 'mid': 21.25, 'delta': -0.4872710140832126, 'theta': -19.713606747412808, 'gamma': 0.0072485151392243, 'vega': 0.8058332705295079, 'sigma': 0.2721970301804205, 'moneyness': 0.02}",0,0
2024-11-05 09:30:00,1,1,1,straddle_component,42493862,SPXW_5755_CE_20241105,50,13.5,trade,"{'detailed': True, 'instrument_type': 'option', 'underlying': 'SPXW', 'strike': 5755, 'expiry': '2024-11-05', 'dividend_rate': 0.015, 'opt_type': 'CE', 'timestamp': '2024-11-05 09:30:00', 'underlying_spot': 5756.25, 'id': 42493862, 'bid': 13.0, 'ask': 13.5, 'mid': 13.25, 'delta': 0.520026700438514, 'theta': -11.397669795440748, 'gamma': 0.0126733932148681, 'vega': 0.7755823063392286, 'sigma': 0.1615109988122303, 'moneyness': -0.02}",0,0
2024-11-05 09:30:00,2,1,1,straddle_component,42444009,SPXW_5755_PE_20241105,50,15.5,trade,"{'detailed': True, 'instrument_type': 'option', 'underlying': 'SPXW', 'strike': 5755, 'expiry': '2024-11-05', 'dividend_rate': 0.015, 'opt_type': 'PE', 'timestamp': '2024-11-05 09:30:00', 'underlying_spot': 5756.25, 'id': 42444009, 'bid': 15.0, 'ask': 15.5, 'mid': 15.25, 'delta': -0.4837122217828948, 'theta': -14.254919458421558, 'gamma': 0.009976564463443, 'vega': 0.7759157449915257, 'sigma': 0.2052577234542849, 'moneyness': 0.02}",0,0
2024-04-02 09:30:00,1,1,1,straddle_component,42328608,SPXW_5255_CE_20240402,50,9.95,trade,"{'detailed': True, 'instrument_type': 'option', 'underlying': 'SPXW', 'strike': 5255, 'expiry': '2024-04-02', 'dividend_rate': 0.015, 'opt_type': 'CE', 'timestamp': '2024-04-02 09:30:00', 'underlying_spot': 5255.0, 'id': 42328608, 'bid': 9.65, 'ask': 9.95, 'mid': 9.8, 'delta': 0.5045515969108294, 'theta': -8.934154604186947, 'gamma': 0.0163487539239781, 'vega': 0.708895394665201, 'sigma': 0.1373082659509303, 'moneyness': 0.0}",0,0
2024-04-02 09:30:00,2,1,1,straddle_component,42356768,SPXW_5255_PE_20240402,50,12.0,trade,"{'detailed': True, 'instrument_type': 'option', 'underlying': 'SPXW', 'strike': 5255, 'expiry': '2024-04-02', 'dividend_rate': 0.015, 'opt_type': 'PE', 'timestamp': '2024-04-02 09:30:00', 'underlying_spot': 5255.0, 'id': 42356768, 'bid': 11.75, 'ask': 12.0, 'mid': 11.88, 'delta': -0.4959084037109207, 'theta': -10.714569714344364, 'gamma': 0.0133276802216641, 'vega': 0.7089043372079935, 'sigma': 0.1684349457038111, 'moneyness': 0.0}",0,0
2024-10-22 09:30:00,1,1,1,straddle_component,42474780,SPXW_5865_CE_20241022,50,14.25,trade,"{'detailed': True, 'instrument_type': 'option', 'underlying': 'SPXW', 'strike': 5865, 'expiry': '2024-10-22', 'dividend_rate': 0.015, 'opt_type': 'CE', 'timestamp': '2024-10-22 09:30:00', 'underlying_spot': 5867.5, 'id': 42474780, 'bid': 14.0, 'ask': 14.25, 'mid': 14.12, 'delta': 0.5353156663189473, 'theta': -11.33982501983164, 'gamma': 0.0124230528619762, 'vega': 0.7884580918408748, 'sigma': 0.1612109661020723, 'moneyness': -0.04}",0,0
2024-10-22 09:30:00,2,1,1,straddle_component,42420254,SPXW_5865_PE_20241022,50,10.25,trade,"{'detailed': True, 'instrument_type': 'option', 'underlying': 'SPXW', 'strike': 5865, 'expiry': '2024-10-22', 'dividend_rate': 0.015, 'opt_type': 'PE', 'timestamp': '2024-10-22 09:30:00', 'underlying_spot': 5867.5, 'id': 42420254, 'bid': 9.9, 'ask': 10.25, 'mid': 10.07, 'delta': -0.4605687114304757, 'theta': -9.780658288435191, 'gamma': 0.0139513272046087, 'vega': 0.7876852715410907, 'sigma': 0.1434119073555349, 'moneyness': 0.04}",0,0
2024-07-30 09:30:00,1,1,1,straddle_component,42437570,SPXW_5515_CE_20240730,50,15.5,trade,"{'detailed': True, 'instrument_type': 'option', 'underlying': 'SPXW', 'strike': 5515, 'expiry': '2024-07-30', 'dividend_rate': 0.015, 'opt_type': 'CE', 'timestamp': '2024-07-30 09:30:00', 'underlying_spot': 5514.75, 'id': 42437570, 'bid': 15.0, 'ask': 15.5, 'mid': 15.25, 'delta': 0.5012079653233137, 'theta': -13.986586302161388, 'gamma': 0.0103981484578241, 'vega': 0.7439806421768083, 'sigma': 0.2057304140268438, 'moneyness': 0.0}",0,0
2024-07-30 09:30:00,2,1,1,straddle_component,42429989,SPXW_5515_PE_20240730,50,14.0,trade,"{'detailed': True, 'instrument_type': 'option', 'underlying': 'SPXW', 'strike': 5515, 'expiry': '2024-07-30', 'dividend_rate': 0.015, 'opt_type': 'PE', 'timestamp': '2024-07-30 09:30:00', 'underlying_spot': 5514.75, 'id': 42429989, 'bid': 13.5, 'ask': 14.0, 'mid': 13.75, 'delta': -0.4989593395745118, 'theta': -12.29434118150349, 'gamma': 0.0116221116641668, 'vega': 0.7439815213819791, 'sigma': 0.1840644769090862, 'moneyness': -0.0}",0,0
2024-05-07 09:30:00,1,1,1,straddle_component,42455376,SPXW_5215_CE_20240507,50,9.4,trade,"{'detailed': True, 'instrument_type': 'option', 'underlying': 'SPXW', 'strike': 5215, 'expiry': '2024-05-07', 'dividend_rate': 0.015, 'opt_type': 'CE', 'timestamp': '2024-05-07 09:30:00', 'underlying_spot': 5215.0, 'id': 42455376, 'bid': 9.2, 'ask': 9.4, 'mid': 9.3, 'delta': 0.50467781697483, 'theta': -8.480536229171912, 'gamma': 0.0172330038061829, 'vega': 0.7034968203808436, 'sigma': 0.1312613983863013, 'moneyness': 0.0}",0,0
2024-05-07 09:30:00,2,1,1,straddle_component,42425204,SPXW_5215_PE_20240507,50,8.0,trade,"{'detailed': True, 'instrument_type': 'option', 'underlying': 'SPXW', 'strike': 5215, 'expiry': '2024-05-07', 'dividend_rate': 0.015, 'opt_type': 'PE', 'timestamp': '2024-05-07 09:30:00', 'underlying_spot': 5215.0, 'id': 42425204, 'bid': 7.9, 'ask': 8.0, 'mid': 7.95, 'delta': -0.4948621422364851, 'theta': -7.157073262866288, 'gamma': 0.0198545584773057, 'vega': 0.7034866974495166, 'sigma': 0.1139283041867215, 'moneyness': 0.0}",0,0
2024-11-26 09:30:00,1,1,1,straddle_component,42435637,SPXW_6020_CE_20241126,50,10.75,trade,"{'detailed': True, 'instrument_type': 'option', 'underlying': 'SPXW', 'strike': 6020, 'expiry': '2024-11-26', 'dividend_rate': 0.015, 'opt_type': 'CE', 'timestamp': '2024-11-26 09:30:00', 'underlying_spot': 6019.75, 'id': 42435637, 'bid': 10.25, 'ask': 10.75, 'mid': 10.5, 'delta': 0.5009369098658567, 'theta': -9.6840362684917, 'gamma': 0.015086245852558, 'vega': 0.8121103679223571, 'sigma': 0.1299037401851455, 'moneyness': 0.0}",0,0
2024-11-26 09:30:00,2,1,1,straddle_component,42444081,SPXW_6020_PE_20241126,50,12.25,trade,"{'detailed': True, 'instrument_type': 'option', 'underlying': 'SPXW', 'strike': 6020, 'expiry': '2024-11-26', 'dividend_rate': 0.015, 'opt_type': 'PE', 'timestamp': '2024-11-26 09:30:00', 'underlying_spot': 6019.75, 'id': 42444081, 'bid': 12.0, 'ask': 12.25, 'mid': 12.12, 'delta': -0.4989440228953867, 'theta': -10.815962727804571, 'gamma': 0.0131800159053341, 'vega': 0.8121097625468954, 'sigma': 0.1486916578379598, 'moneyness': -0.0}",0,0
2024-12-24 09:30:00,1,1,1,straddle_component,42537128,SPXW_6045_CE_20241224,50,11.25,trade,"{'detailed': True, 'instrument_type': 'option', 'underlying': 'SPXW', 'strike': 6045, 'expiry': '2024-12-24', 'dividend_rate': 0.015, 'opt_type': 'CE', 'timestamp': '2024-12-24 09:30:00', 'underlying_spot': 6043.75, 'id': 42537128, 'bid': 10.75, 'ask': 11.25, 'mid': 11.0, 'delta': 0.487236597455265, 'theta': -10.48225275058263, 'gamma': 0.013784368064762, 'vega': 0.8149306681242194, 'sigma': 0.1415359085093074, 'moneyness': 0.02}",0,0
2024-12-24 09:30:00,2,1,1,straddle_component,42506385,SPXW_6045_PE_20241224,50,8.05,trade,"{'detailed': True, 'instrument_type': 'option', 'underlying': 'SPXW', 'strike': 6045, 'expiry': '2024-12-24', 'dividend_rate': 0.015, 'opt_type': 'PE', 'timestamp': '2024-12-24 09:30:00', 'underlying_spot': 6043.75, 'id': 42506385, 'bid': 7.9, 'ask': 8.05, 'mid': 7.98, 'delta': -0.5207386994183771, 'theta': -6.432378898110466, 'gamma': 0.0214429850053932, 'vega': 0.8142341847125381, 'sigma': 0.0909082399431845, 'moneyness': -0.02}",0,0
2024-08-06 09:30:00,1,1,1,straddle_component,42498640,SPXW_5235_CE_20240806,50,32.5,trade,"{'detailed': True, 'instrument_type': 'option', 'underlying': 'SPXW', 'strike': 5235, 'expiry': '2024-08-06', 'dividend_rate': 0.015, 'opt_type': 'CE', 'timestamp': '2024-08-06 09:30:00', 'underlying_spot': 5237.25, 'id': 42498640, 'bid': 31.5, 'ask': 32.5, 'mid': 32.0, 'delta': 0.5157066217911677, 'theta': -27.901507876005443, 'gamma': 0.0051629220365612, 'vega': 0.7059992224322098, 'sigma': 0.4359600454172009, 'moneyness': -0.04}",0,0
2024-08-06 09:30:00,2,1,1,straddle_component,42496948,SPXW_5235_PE_20240806,50,31.25,trade,"{'detailed': True, 'instrument_type': 'option', 'underlying': 'SPXW', 'strike': 5235, 'expiry': '2024-08-06', 'dividend_rate': 0.015, 'opt_type': 'PE', 'timestamp': '2024-08-06 09:30:00', 'underlying_spot': 5237.25, 'id': 42496948, 'bid': 30.5, 'ask': 31.25, 'mid': 30.88, 'delta': -0.4846737652638211, 'theta': -28.826420125948022, 'gamma': 0.0049606806840074, 'vega': 0.7060254594210811, 'sigma': 0.4537504912921046, 'moneyness': 0.04}",0,0
2024-05-21 09:30:00,1,1,1,straddle_component,42423174,SPXW_5325_CE_20240521,50,7.15,trade,"{'detailed': True, 'instrument_type': 'option', 'underlying': 'SPXW', 'strike': 5325, 'expiry': '2024-05-21', 'dividend_rate': 0.015, 'opt_type': 'CE', 'timestamp': '2024-05-21 09:30:00', 'underlying_spot': 5323.75, 'id': 42423174, 'bid': 7.0, 'ask': 7.15, 'mid': 7.08, 'delta': 0.4793109147189778, 'theta': -6.8628920648832965, 'gamma': 0.0208593922312871, 'vega': 0.7172413475707771, 'sigma': 0.1060909868283772, 'moneyness': 0.02}",0,0
2024-05-21 09:30:00,2,1,1,straddle_component,42416051,SPXW_5325_PE_20240521,50,7.85,trade,"{'detailed': True, 'instrument_type': 'option', 'underlying': 'SPXW', 'strike': 5325, 'expiry': '2024-05-21', 'dividend_rate': 0.015, 'opt_type': 'PE', 'timestamp': '2024-05-21 09:30:00', 'underlying_spot': 5323.75, 'id': 42416051, 'bid': 7.6, 'ask': 7.85, 'mid': 7.72, 'delta': -0.5221304254162451, 'theta': -6.207108861735081, 'gamma': 0.0222183485742988, 'vega': 0.7170993474756138, 'sigma': 0.0995827222856346, 'moneyness': -0.02}",0,0
2024-06-11 09:30:00,1,1,1,straddle_component,42387730,SPXW_5350_CE_20240611,50,12.5,trade,"{'detailed': True, 'instrument_type': 'option', 'underlying': 'SPXW', 'strike': 5350, 'expiry': '2024-06-11', 'dividend_rate': 0.015, 'opt_type': 'CE', 'timestamp': '2024-06-11 09:30:00', 'underlying_spot': 5351.75, 'id': 42387730, 'bid': 12.0, 'ask': 12.5, 'mid': 12.25, 'delta': 0.5288981365147549, 'theta': -10.14398139929797, 'gamma': 0.014065975193489, 'vega': 0.7200918169467956, 'sigma': 0.156305926348151, 'moneyness': -0.03}",0,0
2024-06-11 09:30:00,2,1,1,straddle_component,42375139,SPXW_5350_PE_20240611,50,6.9,trade,"{'detailed': True, 'instrument_type': 'option', 'underlying': 'SPXW', 'strike': 5350, 'expiry': '2024-06-11', 'dividend_rate': 0.015, 'opt_type': 'PE', 'timestamp': '2024-06-11 09:30:00', 'underlying_spot': 5351.75, 'id': 42375139, 'bid': 6.7, 'ask': 6.9, 'mid': 6.8, 'delta': -0.458545876846772, 'theta': -6.598530983680242, 'gamma': 0.0205395399088814, 'vega': 0.718059587166084, 'sigma': 0.1067438409003253, 'moneyness': 0.03}",0,0
2024-03-12 09:30:00,1,1,1,straddle_component,42275352,SPXW_5210_CE_20240312,50,0.3,trade,"{'detailed': True, 'instrument_type': 'option', 'underlying': 'SPXW', 'strike': 5210, 'expiry': '2024-03-12', 'dividend_rate': 0.015, 'opt_type': 'CE', 'timestamp': '2024-03-12 09:30:00', 'underlying_spot': 5207.75, 'id': 42275352, 'bid': 0.25, 'ask': 0.3, 'mid': 0.28, 'delta': 0.2081069481131431, 'theta': -0.2931361543474685, 'gamma': 0.1148569511350006, 'vega': 0.4362022172007204, 'sigma': 0.0141724129419822, 'moneyness': 0.04}",0,0
2024-03-12 09:30:00,2,1,1,straddle_component,42334575,SPXW_5210_PE_20240312,50,67.0,trade,"{'detailed': True, 'instrument_type': 'option', 'underlying': 'SPXW', 'strike': 5210, 'expiry': '2024-03-12', 'dividend_rate': 0.015, 'opt_type': 'PE', 'timestamp': '2024-03-12 09:30:00', 'underlying_spot': 5207.75, 'id': 42334575, 'bid': 66.0, 'ask': 67.0, 'mid': 66.5, 'delta': -0.4986561115806864, 'theta': -59.14636504882143, 'gamma': 0.0024326065783952, 'vega': 0.7025632955348939, 'sigma': 0.9312318890020884, 'moneyness': -0.04}",0,0
2024-10-01 09:30:00,1,1,1,straddle_component,42402776,SPXW_5805_CE_20241001,50,16.25,trade,"{'detailed': True, 'instrument_type': 'option', 'underlying': 'SPXW', 'strike': 5805, 'expiry': '2024-10-01', 'dividend_rate': 0.015, 'opt_type': 'CE', 'timestamp': '2024-10-01 09:30:00', 'underlying_spot': 5804.0, 'id': 42402776, 'bid': 16.0, 'ask': 16.25, 'mid': 16.12, 'delta': 0.4941642779231259, 'theta': -15.074581422158433, 'gamma': 0.0096168082919234, 'vega': 0.7829221347436688, 'sigma': 0.2113379545723936, 'moneyness': 0.02}",0,0
2024-10-01 09:30:00,2,1,1,straddle_component,42486403,SPXW_5805_PE_20241001,50,12.75,trade,"{'detailed': True, 'instrument_type': 'option', 'underlying': 'SPXW', 'strike': 5805, 'expiry': '2024-10-01', 'dividend_rate': 0.015, 'opt_type': 'PE', 'timestamp': '2024-10-01 09:30:00', 'underlying_spot': 5804.0, 'id': 42486403, 'bid': 12.25, 'ask': 12.75, 'mid': 12.5, 'delta': -0.5089174528046136, 'theta': -10.752307729695032, 'gamma': 0.0131857444607419, 'vega': 0.7828095487445044, 'sigma': 0.154113880300234, 'moneyness': -0.02}",0,0
2024-04-23 09:30:00,1,1,1,straddle_component,42435367,SPXW_5065_CE_20240423,50,14.5,trade,"{'detailed': True, 'instrument_type': 'option', 'underlying': 'SPXW', 'strike': 5065, 'expiry': '2024-04-23', 'dividend_rate': 0.015, 'opt_type': 'CE', 'timestamp': '2024-04-23 09:30:00', 'underlying_spot': 5066.25, 'id': 42435367, 'bid': 14.0, 'ask': 14.5, 'mid': 14.25, 'delta': 0.5185226448008784, 'theta': -12.304735195646426, 'gamma': 0.0117308753466716, 'vega': 0.6827393716341854, 'sigma': 0.1982881918264917, 'moneyness': -0.02}",0,0
2024-04-23 09:30:00,2,1,1,straddle_component,42338628,SPXW_5065_PE_20240423,50,9.75,trade,"{'detailed': True, 'instrument_type': 'option', 'underlying': 'SPXW', 'strike': 5065, 'expiry': '2024-04-23', 'dividend_rate': 0.015, 'opt_type': 'PE', 'timestamp': '2024-04-23 09:30:00', 'underlying_spot': 5066.25, 'id': 42338628, 'bid': 9.5, 'ask': 9.75, 'mid': 9.62, 'delta': -0.4763774051862235, 'theta': -9.119714720170997, 'gamma': 0.0154243087813199, 'vega': 0.6822744060852992, 'sigma': 0.150705030279002, 'moneyness': 0.02}",0,0
2024-04-09 09:30:00,1,1,1,straddle_component,42353838,SPXW_5270_CE_20240409,50,10.0,trade,"{'detailed': True, 'instrument_type': 'option', 'underlying': 'SPXW', 'strike': 5270, 'expiry': '2024-04-09', 'dividend_rate': 0.015, 'opt_type': 'CE', 'timestamp': '2024-04-09 09:30:00', 'underlying_spot': 5270.0, 'id': 42353838, 'bid': 9.8, 'ask': 10.0, 'mid': 9.9, 'delta': 0.5045318773341911, 'theta': -9.024946076058516, 'gamma': 0.0161828303824052, 'vega': 0.710919287583863, 'sigma': 0.1383213957429482, 'moneyness': 0.0}",0,0
2024-04-09 09:30:00,2,1,1,straddle_component,42397694,SPXW_5270_PE_20240409,50,8.35,trade,"{'detailed': True, 'instrument_type': 'option', 'underlying': 'SPXW', 'strike': 5270, 'expiry': '2024-04-09', 'dividend_rate': 0.015, 'opt_type': 'PE', 'timestamp': '2024-04-09 09:30:00', 'underlying_spot': 5270.0, 'id': 42397694, 'bid': 8.15, 'ask': 8.35, 'mid': 8.25, 'delta': -0.4949552057142981, 'theta': -7.428489949170085, 'gamma': 0.019136706299605, 'vega': 0.710908170117885, 'sigma': 0.1169687703104988, 'moneyness': 0.0}",0,0
2024-03-26 09:30:00,1,1,1,straddle_component,42403119,SPXW_5290_CE_20240326,50,8.0,trade,"{'detailed': True, 'instrument_type': 'option', 'underlying': 'SPXW', 'strike': 5290, 'expiry': '2024-03-26', 'dividend_rate': 0.015, 'opt_type': 'CE', 'timestamp': '2024-03-26 09:30:00', 'underlying_spot': 5288.0, 'id': 42403119, 'bid': 7.65, 'ask': 8.0, 'mid': 7.82, 'delta': 0.4684548290081469, 'theta': -7.689286803891507, 'gamma': 0.0181829895584684, 'vega': 0.7111465371063774, 'sigma': 0.1223108353026523, 'moneyness': 0.04}",0,0
2024-03-26 09:30:00,2,1,1,straddle_component,42403584,SPXW_5290_PE_20240326,50,7.95,trade,"{'detailed': True, 'instrument_type': 'option', 'underlying': 'SPXW', 'strike': 5290, 'expiry': '2024-03-26', 'dividend_rate': 0.015, 'opt_type': 'PE', 'timestamp': '2024-03-26 09:30:00', 'underlying_spot': 5288.0, 'id': 42403584, 'bid': 7.7, 'ask': 7.95, 'mid': 7.82, 'delta': -0.5405593954115329, 'theta': -5.695599318018238, 'gamma': 0.0231151437812826, 'vega': 0.7096620624914101, 'sigma': 0.096015663768805, 'moneyness': -0.04}",0,0
2024-06-25 09:30:00,1,1,1,straddle_component,42447458,SPXW_5525_CE_20240625,50,10.75,trade,"{'detailed': True, 'instrument_type': 'option', 'underlying': 'SPXW', 'strike': 5525, 'expiry': '2024-06-25', 'dividend_rate': 0.015, 'opt_type': 'CE', 'timestamp': '2024-06-25 09:30:00', 'underlying_spot': 5525.25, 'id': 42447458, 'bid': 10.25, 'ask': 10.75, 'mid': 10.5, 'delta': 0.5083938421081236, 'theta': -9.4532042605911, 'gamma': 0.0154407197960892, 'vega': 0.745234904195188, 'sigma': 0.1382505534841204, 'moneyness': -0.0}",0,0
2024-06-25 09:30:00,2,1,1,straddle_component,42449472,SPXW_5525_PE_20240625,50,8.1,trade,"{'detailed': True, 'instrument_type': 'option', 'underlying': 'SPXW', 'strike': 5525, 'expiry': '2024-06-25', 'dividend_rate': 0.015, 'opt_type': 'PE', 'timestamp': '2024-06-25 09:30:00', 'underlying_spot': 5525.25, 'id': 42449472, 'bid': 7.9, 'ask': 8.1, 'mid': 8.0, 'delta': -0.4898741987443777, 'theta': -7.306766851336585, 'gamma': 0.0194191208358063, 'vega': 0.7451587500828825, 'sigma': 0.1099160313750938, 'moneyness': 0.0}",0,0
2024-09-17 09:30:00,1,1,1,straddle_component,42435525,SPXW_5720_CE_20240917,50,0.25,trade,"{'detailed': True, 'instrument_type': 'option', 'underlying': 'SPXW', 'strike': 5720, 'expiry': '2024-09-17', 'dividend_rate': 0.015, 'opt_type': 'CE', 'timestamp': '2024-09-17 09:30:00', 'underlying_spot': 5722.0, 'id': 42435525, 'bid': 0.15, 'ask': 0.25, 'mid': 0.2, 'delta': 1.000000000023138, 'theta': -0.2392512110250511, 'gamma': -4.440892098500626e-12, 'vega': 0.0590433973876822, 'sigma': 0.0, 'moneyness': -0.03}",0,0
2024-09-17 09:30:00,2,1,1,straddle_component,42435519,SPXW_5720_PE_20240917,50,71.5,trade,"{'detailed': True, 'instrument_type': 'option', 'underlying': 'SPXW', 'strike': 5720, 'expiry': '2024-09-17', 'dividend_rate': 0.015, 'opt_type': 'PE', 'timestamp': '2024-09-17 09:30:00', 'underlying_spot': 5722.0, 'id': 42435519, 'bid': 47.5, 'ask': 71.5, 'mid': 59.5, 'delta': -0.488818229484167, 'theta': -54.73283724119015, 'gamma': 0.0026261656671522, 'vega': 0.7716404892077406, 'sigma': 0.7847687538036964, 'moneyness': 0.03}",0,0
2024-01-30 09:30:00,1,1,1,straddle_component,42351140,SPXW_4950_CE_20240130,50,7.4,trade,"{'detailed': True, 'instrument_type': 'option', 'underlying': 'SPXW', 'strike': 4950, 'expiry': '2024-01-30', 'dividend_rate': 0.015, 'opt_type': 'CE', 'timestamp': '2024-01-30 09:30:00', 'underlying_spot': 4950.0, 'id': 42351140, 'bid': 7.2, 'ask': 7.4, 'mid': 7.3, 'delta': 0.5053238331163001, 'theta': -6.665059277257109, 'gamma': 0.0219866348594166, 'vega': 0.6677349004344011, 'sigma': 0.1083876213344924, 'moneyness': 0.0}",0,0
2024-01-30 09:30:00,2,1,1,straddle_component,42296338,SPXW_4950_PE_20240130,50,11.5,trade,"{'detailed': True, 'instrument_type': 'option', 'underlying': 'SPXW', 'strike': 4950, 'expiry': '2024-01-30', 'dividend_rate': 0.015, 'opt_type': 'PE', 'timestamp': '2024-01-30 09:30:00', 'underlying_spot': 4950.0, 'id': 42296338, 'bid': 11.0, 'ask': 11.5, 'mid': 11.25, 'delta': -0.4959186960493689, 'theta': -10.15091436795053, 'gamma': 0.0140685514971039, 'vega': 0.6677597343962853, 'sigma': 0.1693967282502784, 'moneyness': 0.0}",0,0
2024-10-15 09:30:00,1,1,1,straddle_component,42487526,SPXW_5910_CE_20241015,50,10.75,trade,"{'detailed': True, 'instrument_type': 'option', 'underlying': 'SPXW', 'strike': 5910, 'expiry': '2024-10-15', 'dividend_rate': 0.015, 'opt_type': 'CE', 'timestamp': '2024-10-15 09:30:00', 'underlying_spot': 5911.0, 'id': 42487526, 'bid': 10.5, 'ask': 10.75, 'mid': 10.62, 'delta': 0.5206441565865028, 'theta': -9.153807004725484, 'gamma': 0.0158281416595684, 'vega': 0.7963672143483933, 'sigma': 0.1259242216468575, 'moneyness': -0.02}",0,0
2024-10-15 09:30:00,2,1,1,straddle_component,42509138,SPXW_5910_PE_20241015,50,9.7,trade,"{'detailed': True, 'instrument_type': 'option', 'underlying': 'SPXW', 'strike': 5910, 'expiry': '2024-10-15', 'dividend_rate': 0.015, 'opt_type': 'PE', 'timestamp': '2024-10-15 09:30:00', 'underlying_spot': 5911.0, 'id': 42509138, 'bid': 9.6, 'ask': 9.7, 'mid': 9.65, 'delta': -0.479676528796702, 'theta': -9.064751686161562, 'gamma': 0.0155604332618963, 'vega': 0.7964005540959249, 'sigma': 0.1280959709730964, 'moneyness': 0.02}",0,0
2024-02-27 09:30:00,1,1,1,straddle_component,42287699,SPXW_5085_CE_20240227,50,9.85,trade,"{'detailed': True, 'instrument_type': 'option', 'underlying': 'SPXW', 'strike': 5085, 'expiry': '2024-02-27', 'dividend_rate': 0.015, 'opt_type': 'CE', 'timestamp': '2024-02-27 09:30:00', 'underlying_spot': 5085.5, 'id': 42287699, 'bid': 9.7, 'ask': 9.85, 'mid': 9.77, 'delta': 0.5129519730977528, 'theta': -8.661702647865894, 'gamma': 0.0168172988956882, 'vega': 0.6857115321805232, 'sigma': 0.1378679965767084, 'moneyness': -0.01}",0,0
2024-02-27 09:30:00,2,1,1,straddle_component,42287512,SPXW_5085_PE_20240227,50,8.2,trade,"{'detailed': True, 'instrument_type': 'option', 'underlying': 'SPXW', 'strike': 5085, 'expiry': '2024-02-27', 'dividend_rate': 0.015, 'opt_type': 'PE', 'timestamp': '2024-02-27 09:30:00', 'underlying_spot': 5085.5, 'id': 42287512, 'bid': 8.0, 'ask': 8.2, 'mid': 8.1, 'delta': -0.4856533878367486, 'theta': -7.496688848737051, 'gamma': 0.018910870771549, 'vega': 0.685628466971977, 'sigma': 0.1225903243124102, 'moneyness': 0.01}",0,0
2024-03-19 09:30:00,1,1,1,straddle_component,42293745,SPXW_5200_CE_20240319,50,15.0,trade,"{'detailed': True, 'instrument_type': 'option', 'underlying': 'SPXW', 'strike': 5200, 'expiry': '2024-03-19', 'dividend_rate': 0.015, 'opt_type': 'CE', 'timestamp': '2024-03-19 09:30:00', 'underlying_spot': 5202.0, 'id': 42293745, 'bid': 14.5, 'ask': 15.0, 'mid': 14.75, 'delta': 0.5271535525559479, 'theta': -12.27688782324303, 'gamma': 0.0116228701152465, 'vega': 0.7001614603838071, 'sigma': 0.1946665223575908, 'moneyness': -0.04}",0,0
2024-03-19 09:30:00,2,1,1,straddle_component,42293851,SPXW_5200_PE_20240319,50,9.1,trade,"{'detailed': True, 'instrument_type': 'option', 'underlying': 'SPXW', 'strike': 5200, 'expiry': '2024-03-19', 'dividend_rate': 0.015, 'opt_type': 'PE', 'timestamp': '2024-03-19 09:30:00', 'underlying_spot': 5202.0, 'id': 42293851, 'bid': 8.8, 'ask': 9.1, 'mid': 8.95, 'delta': -0.4636934972363171, 'theta': -8.654004145480533, 'gamma': 0.0158794706628384, 'vega': 0.6988697162013455, 'sigma': 0.1422239221435139, 'moneyness': 0.04}",0,0
2024-02-13 09:30:00,1,1,1,straddle_component,42230265,SPXW_4970_CE_20240213,50,15.5,trade,"{'detailed': True, 'instrument_type': 'option', 'underlying': 'SPXW', 'strike': 4970, 'expiry': '2024-02-13', 'dividend_rate': 0.015, 'opt_type': 'CE', 'timestamp': '2024-02-13 09:30:00', 'underlying_spot': 4972.25, 'id': 42230265, 'bid': 14.75, 'ask': 15.5, 'mid': 15.12, 'delta': 0.5295238866397156, 'theta': -12.4452852334007, 'gamma': 0.0114111363558322, 'vega': 0.6689548219467243, 'sigma': 0.2073523816976385, 'moneyness': -0.05}",0,0
2024-02-13 09:30:00,2,1,1,straddle_component,42197729,SPXW_4970_PE_20240213,50,10.5,trade,"{'detailed': True, 'instrument_type': 'option', 'underlying': 'SPXW', 'strike': 4970, 'expiry': '2024-02-13', 'dividend_rate': 0.015, 'opt_type': 'PE', 'timestamp': '2024-02-13 09:30:00', 'underlying_spot': 4972.25, 'id': 42197729, 'bid': 10.25, 'ask': 10.5, 'mid': 10.38, 'delta': -0.4649140947953434, 'theta': -10.029414599671869, 'gamma': 0.0137545867140431, 'vega': 0.6681923433050718, 'sigma': 0.1718295712912436, 'moneyness': 0.05}",0,0
2024-08-20 09:30:00,1,1,1,straddle_component,42471600,SPXW_5630_CE_20240820,50,8.95,trade,"{'detailed': True, 'instrument_type': 'option', 'underlying': 'SPXW', 'strike': 5630, 'expiry': '2024-08-20', 'dividend_rate': 0.015, 'opt_type': 'CE', 'timestamp': '2024-08-20 09:30:00', 'underlying_spot': 5629.25, 'id': 42471600, 'bid': 8.75, 'ask': 8.95, 'mid': 8.85, 'delta': 0.4919013826683027, 'theta': -8.364093119428079, 'gamma': 0.0173886133580936, 'vega': 0.759273222800096, 'sigma': 0.1204973277774303, 'moneyness': 0.01}",0,0
2024-08-20 09:30:00,2,1,1,straddle_component,42476803,SPXW_5630_PE_20240820,50,12.5,trade,"{'detailed': True, 'instrument_type': 'option', 'underlying': 'SPXW', 'strike': 5630, 'expiry': '2024-08-20', 'dividend_rate': 0.015, 'opt_type': 'PE', 'timestamp': '2024-08-20 09:30:00', 'underlying_spot': 5629.25, 'id': 42476803, 'bid': 12.0, 'ask': 12.5, 'mid': 12.25, 'delta': -0.5057677783220527, 'theta': -10.670654949692151, 'gamma': 0.0133252629908042, 'vega': 0.7593511994021345, 'sigma': 0.1572572620529469, 'moneyness': -0.01}",0,0
2024-09-10 09:30:00,1,1,1,straddle_component,42456605,SPXW_5500_CE_20240910,50,14.0,trade,"{'detailed': True, 'instrument_type': 'option', 'underlying': 'SPXW', 'strike': 5500, 'expiry': '2024-09-10', 'dividend_rate': 0.015, 'opt_type': 'CE', 'timestamp': '2024-09-10 09:30:00', 'underlying_spot': 5498.75, 'id': 42456605, 'bid': 13.75, 'ask': 14.0, 'mid': 13.88, 'delta': 0.4900810794512544, 'theta': -13.105408251563668, 'gamma': 0.0110313054513255, 'vega': 0.741595445751809, 'sigma': 0.1944272722135045, 'moneyness': 0.02}",0,0
2024-09-10 09:30:00,2,1,1,straddle_component,42344445,SPXW_5500_PE_20240910,50,16.0,trade,"{'detailed': True, 'instrument_type': 'option', 'underlying': 'SPXW', 'strike': 5500, 'expiry': '2024-09-10', 'dividend_rate': 0.015, 'opt_type': 'PE', 'timestamp': '2024-09-10 09:30:00', 'underlying_spot': 5498.75, 'id': 42344445, 'bid': 15.5, 'ask': 16.0, 'mid': 15.75, 'delta': -0.5092853881800252, 'theta': -13.571287149744826, 'gamma': 0.0104774287734699, 'vega': 0.7416239481460387, 'sigma': 0.2047132643933223, 'moneyness': -0.02}",0,0
2024-07-16 09:30:00,1,1,1,straddle_component,42330683,SPXW_5700_CE_20240716,50,10.0,trade,"{'detailed': True, 'instrument_type': 'option', 'underlying': 'SPXW', 'strike': 5700, 'expiry': '2024-07-16', 'dividend_rate': 0.015, 'opt_type': 'CE', 'timestamp': '2024-07-16 09:30:00', 'underlying_spot': 5698.75, 'id': 42330683, 'bid': 9.8, 'ask': 10.0, 'mid': 9.9, 'delta': 0.485536633617567, 'theta': -9.470431488441184, 'gamma': 0.0152296722610856, 'vega': 0.768298714565109, 'sigma': 0.1358396726474637, 'moneyness': 0.02}",0,0
2024-07-16 09:30:00,2,1,1,straddle_component,42261223,SPXW_5700_PE_20240716,50,12.0,trade,"{'detailed': True, 'instrument_type': 'option', 'underlying': 'SPXW', 'strike': 5700, 'expiry': '2024-07-16', 'dividend_rate': 0.015, 'opt_type': 'PE', 'timestamp': '2024-07-16 09:30:00', 'underlying_spot': 5698.75, 'id': 42261223, 'bid': 11.75, 'ask': 12.0, 'mid': 11.88, 'delta': -0.513206983603709, 'theta': -10.02787258286009, 'gamma': 0.0140620213784359, 'vega': 0.768383549660534, 'sigma': 0.1471353077313416, 'moneyness': -0.02}",0,0
2024-04-30 09:30:00,1,1,1,straddle_component,42329071,SPXW_5130_CE_20240430,50,10.5,trade,"{'detailed': True, 'instrument_type': 'option', 'underlying': 'SPXW', 'strike': 5130, 'expiry': '2024-04-30', 'dividend_rate': 0.015, 'opt_type': 'CE', 'timestamp': '2024-04-30 09:30:00', 'underlying_spot': 5128.5, 'id': 42329071, 'bid': 10.0, 'ask': 10.5, 'mid': 10.25, 'delta': 0.4823671256561468, 'theta': -9.850010525355874, 'gamma': 0.0145593369182961, 'vega': 0.6911968482448128, 'sigma': 0.1578432032205289, 'moneyness': 0.03}",0,0
2024-04-30 09:30:00,2,1,1,straddle_component,42359675,SPXW_5130_PE_20240430,50,9.75,trade,"{'detailed': True, 'instrument_type': 'option', 'underlying': 'SPXW', 'strike': 5130, 'expiry': '2024-04-30', 'dividend_rate': 0.015, 'opt_type': 'PE', 'timestamp': '2024-04-30 09:30:00', 'underlying_spot': 5128.5, 'id': 42359675, 'bid': 9.4, 'ask': 9.75, 'mid': 9.57, 'delta': -0.522147827669972, 'theta': -7.743827628441577, 'gamma': 0.0179126646848715, 'vega': 0.6908023160825172, 'sigma': 0.1282217849931623, 'moneyness': -0.03}",0,0
2024-10-08 09:30:00,1,1,1,straddle_component,42502649,SPXW_5770_CE_20241008,50,15.25,trade,"{'detailed': True, 'instrument_type': 'option', 'underlying': 'SPXW', 'strike': 5770, 'expiry': '2024-10-08', 'dividend_rate': 0.015, 'opt_type': 'CE', 'timestamp': '2024-10-08 09:30:00', 'underlying_spot': 5770.75, 'id': 42502649, 'bid': 15.0, 'ask': 15.25, 'mid': 15.12, 'delta': 0.5120452136608833, 'theta': -13.394692543902918, 'gamma': 0.0108404914200832, 'vega': 0.7781648269937493, 'sigma': 0.1884964116614664, 'moneyness': -0.01}",0,0
2024-10-08 09:30:00,2,1,1,straddle_component,42502076,SPXW_5770_PE_20241008,50,13.0,trade,"{'detailed': True, 'instrument_type': 'option', 'underlying': 'SPXW', 'strike': 5770, 'expiry': '2024-10-08', 'dividend_rate': 0.015, 'opt_type': 'PE', 'timestamp': '2024-10-08 09:30:00', 'underlying_spot': 5770.75, 'id': 42502076, 'bid': 12.5, 'ask': 13.0, 'mid': 12.75, 'delta': -0.4868739718706827, 'theta': -11.807799887114893, 'gamma': 0.012056434908203, 'vega': 0.77809785146792, 'sigma': 0.1694712395841481, 'moneyness': 0.01}",0,0
2024-06-12 09:30:00,1,1,1,straddle_component,42419699,SPXW_5425_CE_20240612,50,21.25,trade,"{'detailed': True, 'instrument_type': 'option', 'underlying': 'SPXW', 'strike': 5425, 'expiry': '2024-06-12', 'dividend_rate': 0.015, 'opt_type': 'CE', 'timestamp': '2024-06-12 09:30:00', 'underlying_spot': 5427.5, 'id': 42419699, 'bid': 20.75, 'ask': 21.25, 'mid': 21.0, 'delta': 0.5238948413385458, 'theta': -17.695207735335533, 'gamma': 0.0080811993541374, 'vega': 0.7308979819624533, 'sigma': 0.2684893441840968, 'moneyness': -0.05}",0,0
2024-06-12 09:30:00,2,1,1,straddle_component,42400925,SPXW_5425_PE_20240612,50,16.0,trade,"{'detailed': True, 'instrument_type': 'option', 'underlying': 'SPXW', 'strike': 5425, 'expiry': '2024-06-12', 'dividend_rate': 0.015, 'opt_type': 'PE', 'timestamp': '2024-06-12 09:30:00', 'underlying_spot': 5427.5, 'id': 42400925, 'bid': 15.5, 'ask': 16.0, 'mid': 15.75, 'delta': -0.4729561942308002, 'theta': -15.06098316446804, 'gamma': 0.0093186496563646, 'vega': 0.7305275504059923, 'sigma': 0.2327182217715445, 'moneyness': 0.05}",0,0
2024-02-21 09:30:00,1,1,1,straddle_component,42352864,SPXW_4980_CE_20240221,50,10.5,trade,"{'detailed': True, 'instrument_type': 'option', 'underlying': 'SPXW', 'strike': 4980, 'expiry': '2024-02-21', 'dividend_rate': 0.015, 'opt_type': 'CE', 'timestamp': '2024-02-21 09:30:00', 'underlying_spot': 4979.75, 'id': 42352864, 'bid': 10.25, 'ask': 10.5, 'mid': 10.38, 'delta': 0.5004401596156782, 'theta': -9.560681273784716, 'gamma': 0.0152482502713269, 'vega': 0.6718078452386456, 'sigma': 0.1553654730335116, 'moneyness': 0.01}",0,0
2024-02-21 09:30:00,2,1,1,straddle_component,42354999,SPXW_4980_PE_20240221,50,12.5,trade,"{'detailed': True, 'instrument_type': 'option', 'underlying': 'SPXW', 'strike': 4980, 'expiry': '2024-02-21', 'dividend_rate': 0.015, 'opt_type': 'PE', 'timestamp': '2024-02-21 09:30:00', 'underlying_spot': 4979.75, 'id': 42354999, 'bid': 12.0, 'ask': 12.5, 'mid': 12.25, 'delta': -0.4992968853031243, 'theta': -10.939221747633754, 'gamma': 0.013059027068607, 'vega': 0.6718072122454588, 'sigma': 0.1814108630442664, 'moneyness': -0.01}",0,0
2024-08-21 09:30:00,1,1,1,straddle_component,42396529,SPXW_5630_CE_20240821,50,14.75,trade,"{'detailed': True, 'instrument_type': 'option', 'underlying': 'SPXW', 'strike': 5630, 'expiry': '2024-08-21', 'dividend_rate': 0.015, 'opt_type': 'CE', 'timestamp': '2024-08-21 09:30:00', 'underlying_spot': 5632.5, 'id': 42396529, 'bid': 14.25, 'ask': 14.75, 'mid': 14.5, 'delta': 0.5342887141344121, 'theta': -11.687387423528389, 'gamma': 0.0120669084324731, 'vega': 0.7570523166752441, 'sigma': 0.1729326627290351, 'moneyness': -0.04}",0,0
2024-08-21 09:30:00,2,1,1,straddle_component,42385824,SPXW_5630_PE_20240821,50,13.5,trade,"{'detailed': True, 'instrument_type': 'option', 'underlying': 'SPXW', 'strike': 5630, 'expiry': '2024-08-21', 'dividend_rate': 0.015, 'opt_type': 'PE', 'timestamp': '2024-08-21 09:30:00', 'underlying_spot': 5632.5, 'id': 42385824, 'bid': 13.0, 'ask': 13.5, 'mid': 13.25, 'delta': -0.4687606602398197, 'theta': -12.745746575706866, 'gamma': 0.010915447337112, 'vega': 0.75753277039765, 'sigma': 0.1912957717733082, 'moneyness': 0.04}",0,0
2024-03-27 09:30:00,1,1,1,straddle_component,42393448,SPXW_5290_CE_20240327,50,9.6,trade,"{'detailed': True, 'instrument_type': 'option', 'underlying': 'SPXW', 'strike': 5290, 'expiry': '2024-03-27', 'dividend_rate': 0.015, 'opt_type': 'CE', 'timestamp': '2024-03-27 09:30:00', 'underlying_spot': 5291.5, 'id': 42393448, 'bid': 6.8, 'ask': 9.6, 'mid': 8.2, 'delta': 0.5379263788549693, 'theta': -6.5642913727733045, 'gamma': 0.0215375632706127, 'vega': 0.7106080900270157, 'sigma': 0.1030477174816858, 'moneyness': -0.03}",0,0
2024-03-27 09:30:00,2,1,1,straddle_component,42344557,SPXW_5290_PE_20240327,50,6.3,trade,"{'detailed': True, 'instrument_type': 'option', 'underlying': 'SPXW', 'strike': 5290, 'expiry': '2024-03-27', 'dividend_rate': 0.015, 'opt_type': 'PE', 'timestamp': '2024-03-27 09:30:00', 'underlying_spot': 5291.5, 'id': 42344557, 'bid': 6.0, 'ask': 6.3, 'mid': 6.15, 'delta': -0.4598696177734229, 'theta': -5.9518950246823445, 'gamma': 0.0228271718594186, 'vega': 0.7102138519315169, 'sigma': 0.0971732231120979, 'moneyness': 0.03}",0,0
2024-02-14 09:30:00,1,1,1,straddle_component,42283482,SPXW_5000_CE_20240214,50,8.75,trade,"{'detailed': True, 'instrument_type': 'option', 'underlying': 'SPXW', 'strike': 5000, 'expiry': '2024-02-14', 'dividend_rate': 0.015, 'opt_type': 'CE', 'timestamp': '2024-02-14 09:30:00', 'underlying_spot': 4998.75, 'id': 42283482, 'bid': 8.6, 'ask': 8.75, 'mid': 8.68, 'delta': 0.4830052134595419, 'theta': -8.337782799738378, 'gamma': 0.0172357881211837, 'vega': 0.6737558671452213, 'sigma': 0.1368029488903391, 'moneyness': 0.03}",0,0
2024-02-14 09:30:00,2,1,1,straddle_component,42328867,SPXW_5000_PE_20240214,50,11.5,trade,"{'detailed': True, 'instrument_type': 'option', 'underlying': 'SPXW', 'strike': 5000, 'expiry': '2024-02-14', 'dividend_rate': 0.015, 'opt_type': 'PE', 'timestamp': '2024-02-14 09:30:00', 'underlying_spot': 4998.75, 'id': 42328867, 'bid': 11.0, 'ask': 11.5, 'mid': 11.25, 'delta': -0.5144149666643116, 'theta': -9.461539392985632, 'gamma': 0.0148963431101378, 'vega': 0.673929202714981, 'sigma': 0.1583279582120037, 'moneyness': -0.03}",0,0
2024-09-04 09:30:00,1,1,1,straddle_component,42370977,SPXW_5525_CE_20240904,50,17.5,trade,"{'detailed': True, 'instrument_type': 'option', 'underlying': 'SPXW', 'strike': 5525, 'expiry': '2024-09-04', 'dividend_rate': 0.015, 'opt_type': 'CE', 'timestamp': '2024-09-04 09:30:00', 'underlying_spot': 5523.5, 'id': 42370977, 'bid': 16.75, 'ask': 17.5, 'mid': 17.12, 'delta': 0.4902829962434296, 'theta': -16.14988998176109, 'gamma': 0.0089408049674943, 'vega': 0.7449429218646326, 'sigma': 0.2388154159935359, 'moneyness': 0.03}",0,0
2024-09-04 09:30:00,2,1,1,straddle_component,42471926,SPXW_5525_PE_20240904,50,19.75,trade,"{'detailed': True, 'instrument_type': 'option', 'underlying': 'SPXW', 'strike': 5525, 'expiry': '2024-09-04', 'dividend_rate': 0.015, 'opt_type': 'PE', 'timestamp': '2024-09-04 09:30:00', 'underlying_spot': 5523.5, 'id': 42471926, 'bid': 19.0, 'ask': 19.75, 'mid': 19.38, 'delta': -0.5090978874228824, 'theta': -16.72907743284866, 'gamma': 0.0085158596618839, 'vega': 0.7449702872788624, 'sigma': 0.2507415870969897, 'moneyness': -0.03}",0,0
2024-10-02 09:30:00,1,1,1,straddle_component,42409669,SPXW_5740_CE_20241002,50,21.5,trade,"{'detailed': True, 'instrument_type': 'option', 'underlying': 'SPXW', 'strike': 5740, 'expiry': '2024-10-02', 'dividend_rate': 0.015, 'opt_type': 'CE', 'timestamp': '2024-10-02 09:30:00', 'underlying_spot': 5742.25, 'id': 42409669, 'bid': 21.0, 'ask': 21.5, 'mid': 21.25, 'delta': 0.5215360766694488, 'theta': -18.090671693518097, 'gamma': 0.0079322856549879, 'vega': 0.7735451660516386, 'sigma': 0.258623986981798, 'moneyness': -0.04}",0,0
2024-10-02 09:30:00,2,1,1,straddle_component,42365077,SPXW_5740_PE_20241002,50,12.0,trade,"{'detailed': True, 'instrument_type': 'option', 'underlying': 'SPXW', 'strike': 5740, 'expiry': '2024-10-02', 'dividend_rate': 0.015, 'opt_type': 'PE', 'timestamp': '2024-10-02 09:30:00', 'underlying_spot': 5742.25, 'id': 42365077, 'bid': 11.5, 'ask': 12.0, 'mid': 11.75, 'delta': -0.4681892739338167, 'theta': -11.302779950768008, 'gamma': 0.0122845605687871, 'vega': 0.7722033407361115, 'sigma': 0.1667083059646352, 'moneyness': 0.04}",0,0
2024-01-03 09:30:00,1,1,1,straddle_component,42214844,SPXW_4765_CE_20240103,50,10.75,trade,"{'detailed': True, 'instrument_type': 'option', 'underlying': 'SPXW', 'strike': 4765, 'expiry': '2024-01-03', 'dividend_rate': 0.015, 'opt_type': 'CE', 'timestamp': '2024-01-03 09:30:00', 'underlying_spot': 4764.75, 'id': 42214844, 'bid': 10.25, 'ask': 10.75, 'mid': 10.5, 'delta': 0.5003715300130551, 'theta': -9.67199187699825, 'gamma': 0.0150639888829573, 'vega': 0.6428027483199301, 'sigma': 0.1643622332304768, 'moneyness': 0.01}",0,0
2024-01-03 09:30:00,2,1,1,straddle_component,42293921,SPXW_4765_PE_20240103,50,11.5,trade,"{'detailed': True, 'instrument_type': 'option', 'underlying': 'SPXW', 'strike': 4765, 'expiry': '2024-01-03', 'dividend_rate': 0.015, 'opt_type': 'PE', 'timestamp': '2024-01-03 09:30:00', 'underlying_spot': 4764.75, 'id': 42293921, 'bid': 11.0, 'ask': 11.5, 'mid': 11.25, 'delta': -0.4995226574553868, 'theta': -10.03438703269698, 'gamma': 0.0142298181060596, 'vega': 0.6428025677644271, 'sigma': 0.1739973163127559, 'moneyness': -0.01}",0,0
2024-01-24 09:30:00,1,1,1,straddle_component,42306332,SPXW_4920_CE_20240124,50,10.25,trade,"{'detailed': True, 'instrument_type': 'option', 'underlying': 'SPXW', 'strike': 4920, 'expiry': '2024-01-24', 'dividend_rate': 0.015, 'opt_type': 'CE', 'timestamp': '2024-01-24 09:30:00', 'underlying_spot': 4919.75, 'id': 42306332, 'bid': 10.0, 'ask': 10.25, 'mid': 10.12, 'delta': 0.5003731881091156, 'theta': -9.333357521247096, 'gamma': 0.01562130730548, 'vega': 0.6637134813508752, 'sigma': 0.1535047444363772, 'moneyness': 0.01}",0,0
2024-01-24 09:30:00,2,1,1,straddle_component,42346732,SPXW_4920_PE_20240124,50,6.75,trade,"{'detailed': True, 'instrument_type': 'option', 'underlying': 'SPXW', 'strike': 4920, 'expiry': '2024-01-24', 'dividend_rate': 0.015, 'opt_type': 'PE', 'timestamp': '2024-01-24 09:30:00', 'underlying_spot': 4919.75, 'id': 42346732, 'bid': 6.6, 'ask': 6.75, 'mid': 6.68, 'delta': -0.5003486264873125, 'theta': -5.882414931942984, 'gamma': 0.024072630875338, 'vega': 0.6637135001064491, 'sigma': 0.0996129062361089, 'moneyness': -0.01}",0,0
2024-11-13 09:30:00,1,1,1,straddle_component,42329393,SPXW_6015_CE_20241113,50,12.75,trade,"{'detailed': True, 'instrument_type': 'option', 'underlying': 'SPXW', 'strike': 6015, 'expiry': '2024-11-13', 'dividend_rate': 0.015, 'opt_type': 'CE', 'timestamp': '2024-11-13 09:30:00', 'underlying_spot': 6017.25, 'id': 42329393, 'bid': 12.25, 'ask': 12.75, 'mid': 12.5, 'delta': 0.5362786411349241, 'theta': -10.014570191655858, 'gamma': 0.0140742542065197, 'vega': 0.808399937924511, 'sigma': 0.1387261365149184, 'moneyness': -0.04}",0,0
2024-11-13 09:30:00,2,1,1,straddle_component,42389628,SPXW_6015_PE_20241113,50,11.75,trade,"{'detailed': True, 'instrument_type': 'option', 'underlying': 'SPXW', 'strike': 6015, 'expiry': '2024-11-13', 'dividend_rate': 0.015, 'opt_type': 'PE', 'timestamp': '2024-11-13 09:30:00', 'underlying_spot': 6017.25, 'id': 42389628, 'bid': 11.5, 'ask': 11.75, 'mid': 11.62, 'delta': -0.4678143516917643, 'theta': -11.184260815721087, 'gamma': 0.0124010007240826, 'vega': 0.809122082273424, 'sigma': 0.1575835455426851, 'moneyness': 0.04}",0,0
2024-07-03 09:30:00,1,1,1,straddle_component,42455435,SPXW_5570_CE_20240703,50,3.9,trade,"{'detailed': True, 'instrument_type': 'option', 'underlying': 'SPXW', 'strike': 5570, 'expiry': '2024-07-03', 'dividend_rate': 0.015, 'opt_type': 'CE', 'timestamp': '2024-07-03 09:30:00', 'underlying_spot': 5568.75, 'id': 42455435, 'bid': 3.7, 'ask': 3.9, 'mid': 3.8, 'delta': 0.4631578547583448, 'theta': -3.7903781076541065, 'gamma': 0.0365804115087797, 'vega': 0.7479622613511576, 'sigma': 0.0576658520415395, 'moneyness': 0.02}",0,0
2024-07-03 09:30:00,2,1,1,straddle_component,42440110,SPXW_5570_PE_20240703,50,9.9,trade,"{'detailed': True, 'instrument_type': 'option', 'underlying': 'SPXW', 'strike': 5570, 'expiry': '2024-07-03', 'dividend_rate': 0.015, 'opt_type': 'PE', 'timestamp': '2024-07-03 09:30:00', 'underlying_spot': 5568.75, 'id': 42440110, 'bid': 9.55, 'ask': 9.9, 'mid': 9.73, 'delta': -0.5168094621245345, 'theta': -8.054314057245481, 'gamma': 0.0173628052380081, 'vega': 0.750597133567819, 'sigma': 0.1219043054680616, 'moneyness': -0.02}",0,0
2024-01-17 09:30:00,1,1,1,straddle_component,42186103,SPXW_4765_CE_20240117,50,11.25,trade,"{'detailed': True, 'instrument_type': 'option', 'underlying': 'SPXW', 'strike': 4765, 'expiry': '2024-01-17', 'dividend_rate': 0.015, 'opt_type': 'CE', 'timestamp': '2024-01-17 09:30:00', 'underlying_spot': 4765.25, 'id': 42186103, 'bid': 10.75, 'ask': 11.25, 'mid': 11.0, 'delta': 0.5077725489992524, 'theta': -9.8992805986187, 'gamma': 0.014713406120137, 'vega': 0.6427481544287739, 'sigma': 0.1682291044619606, 'moneyness': -0.01}",0,0
2024-01-17 09:30:00,2,1,1,straddle_component,42185751,SPXW_4765_PE_20240117,50,10.25,trade,"{'detailed': True, 'instrument_type': 'option', 'underlying': 'SPXW', 'strike': 4765, 'expiry': '2024-01-17', 'dividend_rate': 0.015, 'opt_type': 'PE', 'timestamp': '2024-01-17 09:30:00', 'underlying_spot': 4765.25, 'id': 42185751, 'bid': 9.8, 'ask': 10.25, 'mid': 10.02, 'delta': -0.491897190693269, 'theta': -9.150674834429164, 'gamma': 0.0155861807193957, 'vega': 0.642737482793752, 'sigma': 0.1588062106521642, 'moneyness': 0.01}",0,0
2024-04-24 09:30:00,1,1,1,straddle_component,42436128,SPXW_5115_CE_20240424,50,12.75,trade,"{'detailed': True, 'instrument_type': 'option', 'underlying': 'SPXW', 'strike': 5115, 'expiry': '2024-04-24', 'dividend_rate': 0.015, 'opt_type': 'CE', 'timestamp': '2024-04-24 09:30:00', 'underlying_spot': 5114.25, 'id': 42436128, 'bid': 12.25, 'ask': 12.75, 'mid': 12.5, 'delta': 0.4946150306426311, 'theta': -11.682604077975704, 'gamma': 0.0124250763100519, 'vega': 0.6898902540115115, 'sigma': 0.1856358052276611, 'moneyness': 0.01}",0,0
2024-04-24 09:30:00,2,1,1,straddle_component,42395866,SPXW_5115_PE_20240424,50,10.5,trade,"{'detailed': True, 'instrument_type': 'option', 'underlying': 'SPXW', 'strike': 5115, 'expiry': '2024-04-24', 'dividend_rate': 0.015, 'opt_type': 'PE', 'timestamp': '2024-04-24 09:30:00', 'underlying_spot': 5114.25, 'id': 42395866, 'bid': 10.0, 'ask': 10.5, 'mid': 10.25, 'delta': -0.5075844291344112, 'theta': -8.854659601896271, 'gamma': 0.0160158676720811, 'vega': 0.6898279294883949, 'sigma': 0.1440029563285796, 'moneyness': -0.01}",0,0
2024-07-17 09:30:00,1,1,1,straddle_component,42465221,SPXW_5660_CE_20240717,50,11.75,trade,"{'detailed': True, 'instrument_type': 'option', 'underlying': 'SPXW', 'strike': 5660, 'expiry': '2024-07-17', 'dividend_rate': 0.015, 'opt_type': 'CE', 'timestamp': '2024-07-17 09:30:00', 'underlying_spot': 5660.5, 'id': 42465221, 'bid': 11.25, 'ask': 11.75, 'mid': 11.5, 'delta': 0.5115069139488782, 'theta': -10.23426522325616, 'gamma': 0.0142335273878302, 'vega': 0.7633279731033458, 'sigma': 0.1463639421293217, 'moneyness': -0.01}",0,0
2024-07-17 09:30:00,2,1,1,straddle_component,42463977,SPXW_5660_PE_20240717,50,16.25,trade,"{'detailed': True, 'instrument_type': 'option', 'underlying': 'SPXW', 'strike': 5660, 'expiry': '2024-07-17', 'dividend_rate': 0.015, 'opt_type': 'PE', 'timestamp': '2024-07-17 09:30:00', 'underlying_spot': 5660.5, 'id': 42463977, 'bid': 16.0, 'ask': 16.25, 'mid': 16.12, 'delta': -0.4913972250562892, 'theta': -14.777493526453569, 'gamma': 0.0096756841116985, 'vega': 0.7634690766698053, 'sigma': 0.215349857926309, 'moneyness': 0.01}",0,0
2024-04-10 09:30:00,1,1,1,straddle_component,42443535,SPXW_5195_CE_20240410,50,20.75,trade,"{'detailed': True, 'instrument_type': 'option', 'underlying': 'SPXW', 'strike': 5195, 'expiry': '2024-04-10', 'dividend_rate': 0.015, 'opt_type': 'CE', 'timestamp': '2024-04-10 09:30:00', 'underlying_spot': 5197.5, 'id': 42443535, 'bid': 20.25, 'ask': 20.75, 'mid': 20.5, 'delta': 0.5244196716827076, 'theta': -17.23325994047625, 'gamma': 0.0082904087150836, 'vega': 0.6998689710863939, 'sigma': 0.2732731577860232, 'moneyness': -0.05}",0,0
2024-04-10 09:30:00,2,1,1,straddle_component,42443550,SPXW_5195_PE_20240410,50,16.0,trade,"{'detailed': True, 'instrument_type': 'option', 'underlying': 'SPXW', 'strike': 5195, 'expiry': '2024-04-10', 'dividend_rate': 0.015, 'opt_type': 'PE', 'timestamp': '2024-04-10 09:30:00', 'underlying_spot': 5197.5, 'id': 42443550, 'bid': 15.5, 'ask': 16.0, 'mid': 15.75, 'delta': -0.4729735189195949, 'theta': -15.063038883048488, 'gamma': 0.0093200698358941, 'vega': 0.6995724415813411, 'sigma': 0.2429798749647589, 'moneyness': 0.05}",0,0
2024-05-15 09:30:00,1,1,1,straddle_component,42337417,SPXW_5295_CE_20240515,50,10.75,trade,"{'detailed': True, 'instrument_type': 'option', 'underlying': 'SPXW', 'strike': 5295, 'expiry': '2024-05-15', 'dividend_rate': 0.015, 'opt_type': 'CE', 'timestamp': '2024-05-15 09:30:00', 'underlying_spot': 5295.25, 'id': 42337417, 'bid': 10.5, 'ask': 10.75, 'mid': 10.62, 'delta': 0.5082069126315147, 'theta': -9.564334649002024, 'gamma': 0.0152515120888097, 'vega': 0.7142200250217625, 'sigma': 0.1460465195264645, 'moneyness': -0.0}",0,0
2024-05-15 09:30:00,2,1,1,straddle_component,42350230,SPXW_5295_PE_20240515,50,12.25,trade,"{'detailed': True, 'instrument_type': 'option', 'underlying': 'SPXW', 'strike': 5295, 'expiry': '2024-05-15', 'dividend_rate': 0.015, 'opt_type': 'PE', 'timestamp': '2024-05-15 09:30:00', 'underlying_spot': 5295.25, 'id': 42350230, 'bid': 11.75, 'ask': 12.25, 'mid': 12.0, 'delta': -0.4926683494718809, 'theta': -10.936754052367412, 'gamma': 0.0130529081410202, 'vega': 0.7142508055741725, 'sigma': 0.1706535883402492, 'moneyness': 0.0}",0,0
2024-02-28 09:30:00,1,1,1,straddle_component,42349991,SPXW_5075_CE_20240228,50,7.65,trade,"{'detailed': True, 'instrument_type': 'option', 'underlying': 'SPXW', 'strike': 5075, 'expiry': '2024-02-28', 'dividend_rate': 0.015, 'opt_type': 'CE', 'timestamp': '2024-02-28 09:30:00', 'underlying_spot': 5074.5, 'id': 42349991, 'bid': 7.5, 'ask': 7.65, 'mid': 7.58, 'delta': 0.4949020250747171, 'theta': -7.114337770571499, 'gamma': 0.0205083078252954, 'vega': 0.6845343171603546, 'sigma': 0.1133505726007258, 'moneyness': 0.01}",0,0
2024-02-28 09:30:00,2,1,1,straddle_component,42270079,SPXW_5075_PE_20240228,50,10.75,trade,"{'detailed': True, 'instrument_type': 'option', 'underlying': 'SPXW', 'strike': 5075, 'expiry': '2024-02-28', 'dividend_rate': 0.015, 'opt_type': 'PE', 'timestamp': '2024-02-28 09:30:00', 'underlying_spot': 5074.5, 'id': 42270079, 'bid': 10.25, 'ask': 10.75, 'mid': 10.5, 'delta': -0.5033954901393578, 'theta': -9.222276959126582, 'gamma': 0.0154329723578428, 'vega': 0.6845658114609261, 'sigma': 0.1506343227058873, 'moneyness': -0.01}",0,0
2024-03-13 09:30:00,1,1,1,straddle_component,42332348,SPXW_5240_CE_20240313,50,0.15,trade,"{'detailed': True, 'instrument_type': 'option', 'underlying': 'SPXW', 'strike': 5240, 'expiry': '2024-03-13', 'dividend_rate': 0.015, 'opt_type': 'CE', 'timestamp': '2024-03-13 09:30:00', 'underlying_spot': 5242.0, 'id': 42332348, 'bid': 0.05, 'ask': 0.15, 'mid': 0.1, 'delta': 1.000000000023138, 'theta': -0.2191741863245795, 'gamma': -4.440892098500626e-12, 'vega': 0.0445238918331283, 'sigma': 0.0, 'moneyness': -0.04}",0,0
2024-03-13 09:30:00,2,1,1,straddle_component,42324888,SPXW_5240_PE_20240313,50,61.0,trade,"{'detailed': True, 'instrument_type': 'option', 'underlying': 'SPXW', 'strike': 5240, 'expiry': '2024-03-13', 'dividend_rate': 0.015, 'opt_type': 'PE', 'timestamp': '2024-03-13 09:30:00', 'underlying_spot': 5242.0, 'id': 42324888, 'bid': 60.25, 'ask': 61.0, 'mid': 60.62, 'delta': -0.4883859271519242, 'theta': -55.75813908497625, 'gamma': 0.0025783736390394, 'vega': 0.7068881799792592, 'sigma': 0.8724778239753215, 'moneyness': 0.04}",0,0
2024-07-24 09:30:00,1,1,1,straddle_component,42400233,SPXW_5550_CE_20240724,50,13.0,trade,"{'detailed': True, 'instrument_type': 'option', 'underlying': 'SPXW', 'strike': 5550, 'expiry': '2024-07-24', 'dividend_rate': 0.015, 'opt_type': 'CE', 'timestamp': '2024-07-24 09:30:00', 'underlying_spot': 5550.0, 'id': 42400233, 'bid': 12.75, 'ask': 13.0, 'mid': 12.88, 'delta': 0.5040642457989186, 'theta': -11.724398486328578, 'gamma': 0.0124277132762529, 'vega': 0.7487006377887298, 'sigma': 0.1710312107843727, 'moneyness': 0.0}",0,0
2024-07-24 09:30:00,2,1,1,straddle_component,42361677,SPXW_5550_PE_20240724,50,14.5,trade,"{'detailed': True, 'instrument_type': 'option', 'underlying': 'SPXW', 'strike': 5550, 'expiry': '2024-07-24', 'dividend_rate': 0.015, 'opt_type': 'PE', 'timestamp': '2024-07-24 09:30:00', 'underlying_spot': 5550.0, 'id': 42361677, 'bid': 14.0, 'ask': 14.5, 'mid': 14.25, 'delta': -0.4961070901309483, 'theta': -12.86465257769544, 'gamma': 0.0111137632785585, 'vega': 0.7487038694214645, 'sigma': 0.1912525742762361, 'moneyness': 0.0}",0,0
2024-10-30 09:30:00,1,1,1,straddle_component,42432058,SPXW_5860_CE_20241030,50,15.5,trade,"{'detailed': True, 'instrument_type': 'option', 'underlying': 'SPXW', 'strike': 5860, 'expiry': '2024-10-30', 'dividend_rate': 0.015, 'opt_type': 'CE', 'timestamp': '2024-10-30 09:30:00', 'underlying_spot': 5862.25, 'id': 42432058, 'bid': 14.75, 'ask': 15.5, 'mid': 15.12, 'delta': 0.5297639043358338, 'theta': -12.45399708859814, 'gamma': 0.0114206980761366, 'vega': 0.7886559344958464, 'sigma': 0.1757172537756433, 'moneyness': -0.04}",0,0
2024-10-30 09:30:00,2,1,1,straddle_component,42439278,SPXW_5860_PE_20241030,50,9.2,trade,"{'detailed': True, 'instrument_type': 'option', 'underlying': 'SPXW', 'strike': 5860, 'expiry': '2024-10-30', 'dividend_rate': 0.015, 'opt_type': 'PE', 'timestamp': '2024-10-30 09:30:00', 'underlying_spot': 5862.25, 'id': 42439278, 'bid': 9.1, 'ask': 9.2, 'mid': 9.15, 'delta': -0.4606129584138863, 'theta': -8.875111218254194, 'gamma': 0.0153671405378474, 'vega': 0.786985317309826, 'sigma': 0.1303171014903591, 'moneyness': 0.04}",0,0
2024-12-04 09:30:00,1,1,1,straddle_component,42529832,SPXW_6080_CE_20241204,50,9.6,trade,"{'detailed': True, 'instrument_type': 'option', 'underlying': 'SPXW', 'strike': 6080, 'expiry': '2024-12-04', 'dividend_rate': 0.015, 'opt_type': 'CE', 'timestamp': '2024-12-04 09:30:00', 'underlying_spot': 6080.25, 'id': 42529832, 'bid': 9.5, 'ask': 9.6, 'mid': 9.55, 'delta': 0.5093925757175377, 'theta': -8.596987921288173, 'gamma': 0.0170208911320912, 'vega': 0.8200457045780256, 'sigma': 0.1139614687661588, 'moneyness': -0.0}",0,0
2024-12-04 09:30:00,2,1,1,straddle_component,42529366,SPXW_6080_PE_20241204,50,9.8,trade,"{'detailed': True, 'instrument_type': 'option', 'underlying': 'SPXW', 'strike': 6080, 'expiry': '2024-12-04', 'dividend_rate': 0.015, 'opt_type': 'PE', 'timestamp': '2024-12-04 09:30:00', 'underlying_spot': 6080.25, 'id': 42529366, 'bid': 9.65, 'ask': 9.8, 'mid': 9.73, 'delta': -0.4910615351506386, 'theta': -8.866239843038302, 'gamma': 0.0160311866004292, 'vega': 0.8200674758848736, 'sigma': 0.1210001796726772, 'moneyness': 0.0}",0,0
2024-04-03 09:30:00,1,1,1,straddle_component,42410878,SPXW_5250_CE_20240403,50,9.45,trade,"{'detailed': True, 'instrument_type': 'option', 'underlying': 'SPXW', 'strike': 5250, 'expiry': '2024-04-03', 'dividend_rate': 0.015, 'opt_type': 'CE', 'timestamp': '2024-04-03 09:30:00', 'underlying_spot': 5248.25, 'id': 42410878, 'bid': 9.0, 'ask': 9.45, 'mid': 9.22, 'delta': 0.4766736707463082, 'theta': -8.957153110691008, 'gamma': 0.015869119636136, 'vega': 0.7068138340291323, 'sigma': 0.141407273994509, 'moneyness': 0.03}",0,0
2024-04-03 09:30:00,2,1,1,straddle_component,42412220,SPXW_5250_PE_20240403,50,12.0,trade,"{'detailed': True, 'instrument_type': 'option', 'underlying': 'SPXW', 'strike': 5250, 'expiry': '2024-04-03', 'dividend_rate': 0.015, 'opt_type': 'PE', 'timestamp': '2024-04-03 09:30:00', 'underlying_spot': 5248.25, 'id': 42412220, 'bid': 11.25, 'ask': 12.0, 'mid': 11.62, 'delta': -0.5214927493307542, 'theta': -9.46261450309468, 'gamma': 0.0147220155000127, 'vega': 0.7069984376912721, 'sigma': 0.1524648303475024, 'moneyness': -0.03}",0,0
2024-10-09 09:30:00,1,1,1,straddle_component,42378213,SPXW_5795_CE_20241009,50,15.25,trade,"{'detailed': True, 'instrument_type': 'option', 'underlying': 'SPXW', 'strike': 5795, 'expiry': '2024-10-09', 'dividend_rate': 0.015, 'opt_type': 'CE', 'timestamp': '2024-10-09 09:30:00', 'underlying_spot': 5795.75, 'id': 42378213, 'bid': 14.5, 'ask': 15.25, 'mid': 14.88, 'delta': 0.5122167587726878, 'theta': -13.16777567306639, 'gamma': 0.0110285500909412, 'vega': 0.7815256949564233, 'sigma': 0.1844805443661229, 'moneyness': -0.01}",0,0
2024-10-09 09:30:00,2,1,1,straddle_component,42364450,SPXW_5795_PE_20241009,50,10.5,trade,"{'detailed': True, 'instrument_type': 'option', 'underlying': 'SPXW', 'strike': 5795, 'expiry': '2024-10-09', 'dividend_rate': 0.015, 'opt_type': 'PE', 'timestamp': '2024-10-09 09:30:00', 'underlying_spot': 5795.75, 'id': 42364450, 'bid': 10.0, 'ask': 10.5, 'mid': 10.25, 'delta': -0.484277247158893, 'theta': -9.533326754935633, 'gamma': 0.0148730106275252, 'vega': 0.7812830079609565, 'sigma': 0.1367528358719857, 'moneyness': 0.01}",0,0
2024-01-10 09:30:00,1,1,1,straddle_component,42293456,SPXW_4800_CE_20240110,50,5.95,trade,"{'detailed': True, 'instrument_type': 'option', 'underlying': 'SPXW', 'strike': 4800, 'expiry': '2024-01-10', 'dividend_rate': 0.015, 'opt_type': 'CE', 'timestamp': '2024-01-10 09:30:00', 'underlying_spot': 4798.25, 'id': 42293456, 'bid': 5.75, 'ask': 5.95, 'mid': 5.85, 'delta': 0.4636119016937279, 'theta': -5.7864252092214485, 'gamma': 0.0238980217126538, 'vega': 0.6446010968471079, 'sigma': 0.1024532997594426, 'moneyness': 0.04}",0,0
2024-01-10 09:30:00,2,1,1,straddle_component,42323058,SPXW_4800_PE_20240110,50,11.0,trade,"{'detailed': True, 'instrument_type': 'option', 'underlying': 'SPXW', 'strike': 4800, 'expiry': '2024-01-10', 'dividend_rate': 0.015, 'opt_type': 'PE', 'timestamp': '2024-01-10 09:30:00', 'underlying_spot': 4798.25, 'id': 42323058, 'bid': 10.5, 'ask': 11.0, 'mid': 10.75, 'delta': -0.5237954221025021, 'theta': -8.654989842158487, 'gamma': 0.0160277353344895, 'vega': 0.6461652670199953, 'sigma': 0.153127750674439, 'moneyness': -0.04}",0,0
2024-03-06 09:30:00,1,1,1,straddle_component,42374663,SPXW_5120_CE_20240306,50,12.5,trade,"{'detailed': True, 'instrument_type': 'option', 'underlying': 'SPXW', 'strike': 5120, 'expiry': '2024-03-06', 'dividend_rate': 0.015, 'opt_type': 'CE', 'timestamp': '2024-03-06 09:30:00', 'underlying_spot': 5118.5, 'id': 42374663, 'bid': 11.75, 'ask': 12.5, 'mid': 12.12, 'delta': 0.4852879376532115, 'theta': -11.573497711093536, 'gamma': 0.0124277549318208, 'vega': 0.6900555352389253, 'sigma': 0.1853325035298275, 'moneyness': 0.03}",0,0
2024-03-06 09:30:00,2,1,1,straddle_component,42375673,SPXW_5120_PE_20240306,50,13.0,trade,"{'detailed': True, 'instrument_type': 'option', 'underlying': 'SPXW', 'strike': 5120, 'expiry': '2024-03-06', 'dividend_rate': 0.015, 'opt_type': 'PE', 'timestamp': '2024-03-06 09:30:00', 'underlying_spot': 5118.5, 'id': 42375673, 'bid': 12.0, 'ask': 13.0, 'mid': 12.5, 'delta': -0.5161582291484557, 'theta': -10.443964949946528, 'gamma': 0.0134765599746344, 'vega': 0.6899580441504032, 'sigma': 0.1708851183837108, 'moneyness': -0.03}",0,0
2024-07-31 09:30:00,1,1,1,straddle_component,42405767,SPXW_5540_CE_20240731,50,24.0,trade,"{'detailed': True, 'instrument_type': 'option', 'underlying': 'SPXW', 'strike': 5540, 'expiry': '2024-07-31', 'dividend_rate': 0.015, 'opt_type': 'CE', 'timestamp': '2024-07-31 09:30:00', 'underlying_spot': 5539.0, 'id': 42405767, 'bid': 23.5, 'ask': 24.0, 'mid': 23.75, 'delta': 0.4971387149380391, 'theta': -22.00016748271497, 'gamma': 0.0065827822126607, 'vega': 0.7472362959467294, 'sigma': 0.323541737744984, 'moneyness': 0.02}",0,0
2024-07-31 09:30:00,2,1,1,straddle_component,42405342,SPXW_5540_PE_20240731,50,20.5,trade,"{'detailed': True, 'instrument_type': 'option', 'underlying': 'SPXW', 'strike': 5540, 'expiry': '2024-07-31', 'dividend_rate': 0.015, 'opt_type': 'PE', 'timestamp': '2024-07-31 09:30:00', 'underlying_spot': 5539.0, 'id': 42405342, 'bid': 19.5, 'ask': 20.5, 'mid': 20.0, 'delta': -0.5044663254809123, 'theta': -17.58014261877383, 'gamma': 0.0081340671087559, 'vega': 0.7472086093821986, 'sigma': 0.2618279504313542, 'moneyness': -0.02}",0,0
2024-09-18 09:30:00,1,1,1,straddle_component,42444524,SPXW_5700_CE_20240918,50,7.85,trade,"{'detailed': True, 'instrument_type': 'option', 'underlying': 'SPXW', 'strike': 5700, 'expiry': '2024-09-18', 'dividend_rate': 0.015, 'opt_type': 'CE', 'timestamp': '2024-09-18 09:30:00', 'underlying_spot': 5701.5, 'id': 42444524, 'bid': 7.7, 'ask': 7.85, 'mid': 7.78, 'delta': 0.5405520958719379, 'theta': -6.1702033651056585, 'gamma': 0.0228679135005904, 'vega': 0.7651529887758581, 'sigma': 0.0900150669995506, 'moneyness': -0.03}",0,0
2024-09-18 09:30:00,2,1,1,straddle_component,42447715,SPXW_5700_PE_20240918,50,62.5,trade,"{'detailed': True, 'instrument_type': 'option', 'underlying': 'SPXW', 'strike': 5700, 'expiry': '2024-09-18', 'dividend_rate': 0.015, 'opt_type': 'PE', 'timestamp': '2024-09-18 09:30:00', 'underlying_spot': 5701.5, 'id': 42447715, 'bid': 61.0, 'ask': 62.5, 'mid': 61.75, 'delta': -0.490085788981176, 'theta': -56.571176884850296, 'gamma': 0.0025424386507211, 'vega': 0.7689405917927097, 'sigma': 0.8135955466561722, 'moneyness': 0.03}",0,0
2024-09-11 09:30:00,1,1,1,straddle_component,42458759,SPXW_5490_CE_20240911,50,24.0,trade,"{'detailed': True, 'instrument_type': 'option', 'underlying': 'SPXW', 'strike': 5490, 'expiry': '2024-09-11', 'dividend_rate': 0.015, 'opt_type': 'CE', 'timestamp': '2024-09-11 09:30:00', 'underlying_spot': 5490.5, 'id': 42458759, 'bid': 23.25, 'ask': 24.0, 'mid': 23.62, 'delta': 0.5071186872864786, 'theta': -21.23313626107782, 'gamma': 0.0068276168008196, 'vega': 0.7405945480929503, 'sigma': 0.3146529213303298, 'moneyness': -0.01}",0,0
2024-09-11 09:30:00,2,1,1,straddle_component,42506496,SPXW_5490_PE_20240911,50,13.5,trade,"{'detailed': True, 'instrument_type': 'option', 'underlying': 'SPXW', 'strike': 5490, 'expiry': '2024-09-11', 'dividend_rate': 0.015, 'opt_type': 'PE', 'timestamp': '2024-09-11 09:30:00', 'underlying_spot': 5490.5, 'id': 42506496, 'bid': 13.0, 'ask': 13.5, 'mid': 13.25, 'delta': -0.4901820461451933, 'theta': -12.17034930730597, 'gamma': 0.0117271323318846, 'vega': 0.740487703221369, 'sigma': 0.1831668362535697, 'moneyness': 0.01}",0,0
2024-04-17 09:30:00,1,1,1,straddle_component,42409455,SPXW_5115_CE_20240417,50,17.75,trade,"{'detailed': True, 'instrument_type': 'option', 'underlying': 'SPXW', 'strike': 5115, 'expiry': '2024-04-17', 'dividend_rate': 0.015, 'opt_type': 'CE', 'timestamp': '2024-04-17 09:30:00', 'underlying_spot': 5113.5, 'id': 42409455, 'bid': 17.0, 'ask': 17.75, 'mid': 17.38, 'delta': 0.4904446258674255, 'theta': -16.3741267341325, 'gamma': 0.0088146301635561, 'vega': 0.6896539109663724, 'sigma': 0.2616588166017544, 'moneyness': 0.03}",0,0
2024-04-17 09:30:00,2,1,1,straddle_component,42423023,SPXW_5115_PE_20240417,50,15.25,trade,"{'detailed': True, 'instrument_type': 'option', 'underlying': 'SPXW', 'strike': 5115, 'expiry': '2024-04-17', 'dividend_rate': 0.015, 'opt_type': 'PE', 'timestamp': '2024-04-17 09:30:00', 'underlying_spot': 5113.5, 'id': 42423023, 'bid': 14.75, 'ask': 15.25, 'mid': 15.0, 'delta': -0.5128879793312002, 'theta': -12.736956808055565, 'gamma': 0.0111223935483906, 'vega': 0.689491166350745, 'sigma': 0.2073190016373943, 'moneyness': -0.03}",0,0
2024-05-01 09:30:00,1,1,1,straddle_component,42416133,SPXW_5060_CE_20240501,50,20.25,trade,"{'detailed': True, 'instrument_type': 'option', 'underlying': 'SPXW', 'strike': 5060, 'expiry': '2024-05-01', 'dividend_rate': 0.015, 'opt_type': 'CE', 'timestamp': '2024-05-01 09:30:00', 'underlying_spot': 5060.5, 'id': 42416133, 'bid': 20.0, 'ask': 20.25, 'mid': 20.12, 'delta': 0.5076893272999428, 'theta': -18.054734580408635, 'gamma': 0.0080318834960735, 'vega': 0.6825751817739878, 'sigma': 0.2901955964959375, 'moneyness': -0.01}",0,0
2024-05-01 09:30:00,2,1,1,straddle_component,42426108,SPXW_5060_PE_20240501,50,22.5,trade,"{'detailed': True, 'instrument_type': 'option', 'underlying': 'SPXW', 'strike': 5060, 'expiry': '2024-05-01', 'dividend_rate': 0.015, 'opt_type': 'PE', 'timestamp': '2024-05-01 09:30:00', 'underlying_spot': 5060.5, 'id': 42426108, 'bid': 22.0, 'ask': 22.5, 'mid': 22.25, 'delta': -0.492737853659797, 'theta': -20.33873139277104, 'gamma': 0.0070523613615591, 'vega': 0.682588915194227, 'sigma': 0.330508306402134, 'moneyness': 0.01}",0,0
2024-10-23 09:30:00,1,1,1,straddle_component,42499327,SPXW_5875_CE_20241023,50,8.6,trade,"{'detailed': True, 'instrument_type': 'option', 'underlying': 'SPXW', 'strike': 5875, 'expiry': '2024-10-23', 'dividend_rate': 0.015, 'opt_type': 'CE', 'timestamp': '2024-10-23 09:30:00', 'underlying_spot': 5873.0, 'id': 42499327, 'bid': 8.4, 'ask': 8.6, 'mid': 8.5, 'delta': 0.47115164778182, 'theta': -8.328944366413356, 'gamma': 0.0168941950384748, 'vega': 0.7902268021554328, 'sigma': 0.1185898297842405, 'moneyness': 0.03}",0,0
2024-10-23 09:30:00,2,1,1,straddle_component,42499321,SPXW_5875_PE_20241023,50,13.5,trade,"{'detailed': True, 'instrument_type': 'option', 'underlying': 'SPXW', 'strike': 5875, 'expiry': '2024-10-23', 'dividend_rate': 0.015, 'opt_type': 'PE', 'timestamp': '2024-10-23 09:30:00', 'underlying_spot': 5873.0, 'id': 42499321, 'bid': 13.0, 'ask': 13.5, 'mid': 13.25, 'delta': -0.5216106594657433, 'theta': -10.782531095193566, 'gamma': 0.0129207923293961, 'vega': 0.7911467784314592, 'sigma': 0.1552370818160731, 'moneyness': -0.03}",0,0
2024-12-18 09:30:00,1,1,1,straddle_component,42516980,SPXW_6125_CE_20241218,50,0.35,trade,"{'detailed': True, 'instrument_type': 'option', 'underlying': 'SPXW', 'strike': 6125, 'expiry': '2024-12-18', 'dividend_rate': 0.015, 'opt_type': 'CE', 'timestamp': '2024-12-18 09:30:00', 'underlying_spot': 6124.25, 'id': 42516980, 'bid': 0.3, 'ask': 0.35, 'mid': 0.32, 'delta': 0.3665168136241431, 'theta': -0.3620732392624274, 'gamma': 0.2612889685332797, 'vega': 0.5844420257735856, 'sigma': 0.006955727220741, 'moneyness': 0.01}",0,0
2024-12-18 09:30:00,2,1,1,straddle_component,42507572,SPXW_6125_PE_20241218,50,75.5,trade,"{'detailed': True, 'instrument_type': 'option', 'underlying': 'SPXW', 'strike': 6125, 'expiry': '2024-12-18', 'dividend_rate': 0.015, 'opt_type': 'PE', 'timestamp': '2024-12-18 09:30:00', 'underlying_spot': 6124.25, 'id': 42507572, 'bid': 74.75, 'ask': 75.5, 'mid': 75.12, 'delta': -0.4949365407263428, 'theta': -67.69505225076693, 'gamma': 0.0021268080274694, 'vega': 0.8261439472924295, 'sigma': 0.9056636946796404, 'moneyness': -0.01}",0,0
2024-11-20 09:30:00,1,1,1,straddle_component,42459562,SPXW_5935_CE_20241120,50,15.5,trade,"{'detailed': True, 'instrument_type': 'option', 'underlying': 'SPXW', 'strike': 5935, 'expiry': '2024-11-20', 'dividend_rate': 0.015, 'opt_type': 'CE', 'timestamp': '2024-11-20 09:30:00', 'underlying_spot': 5936.75, 'id': 42459562, 'bid': 15.0, 'ask': 15.5, 'mid': 15.25, 'delta': 0.5234836227764994, 'theta': -12.912810491490852, 'gamma': 0.0111235208954951, 'vega': 0.7995232988861121, 'sigma': 0.1783355797647668, 'moneyness': -0.03}",0,0
2024-11-20 09:30:00,2,1,1,straddle_component,42453217,SPXW_5935_PE_20241120,50,12.0,trade,"{'detailed': True, 'instrument_type': 'option', 'underlying': 'SPXW', 'strike': 5935, 'expiry': '2024-11-20', 'dividend_rate': 0.015, 'opt_type': 'PE', 'timestamp': '2024-11-20 09:30:00', 'underlying_spot': 5936.75, 'id': 42453217, 'bid': 11.5, 'ask': 12.0, 'mid': 11.75, 'delta': -0.473835865290706, 'theta': -11.191984158937538, 'gamma': 0.0125256964444986, 'vega': 0.7991858265996044, 'sigma': 0.1583056233617571, 'moneyness': 0.03}",0,0
2024-05-08 09:30:00,1,1,1,straddle_component,42430618,SPXW_5195_CE_20240508,50,8.65,trade,"{'detailed': True, 'instrument_type': 'option', 'underlying': 'SPXW', 'strike': 5195, 'expiry': '2024-05-08', 'dividend_rate': 0.015, 'opt_type': 'CE', 'timestamp': '2024-05-08 09:30:00', 'underlying_spot': 5196.0, 'id': 42430618, 'bid': 8.5, 'ask': 8.65, 'mid': 8.57, 'delta': 0.5250167304137854, 'theta': -7.268543809244043, 'gamma': 0.0198595366462939, 'vega': 0.6995934454527024, 'sigma': 0.1141008687685747, 'moneyness': -0.02}",0,0
2024-05-08 09:30:00,2,1,1,straddle_component,42454591,SPXW_5195_PE_20240508,50,11.5,trade,"{'detailed': True, 'instrument_type': 'option', 'underlying': 'SPXW', 'strike': 5195, 'expiry': '2024-05-08', 'dividend_rate': 0.015, 'opt_type': 'PE', 'timestamp': '2024-05-08 09:30:00', 'underlying_spot': 5196.0, 'id': 42454591, 'bid': 11.0, 'ask': 11.5, 'mid': 11.25, 'delta': -0.4824342193566977, 'theta': -10.532245193464504, 'gamma': 0.0134655680028572, 'vega': 0.7003004046726771, 'sigma': 0.1684484693560124, 'moneyness': 0.02}",0,0
2024-08-07 09:30:00,1,1,1,straddle_component,42426911,SPXW_5330_CE_20240807,50,22.0,trade,"{'detailed': True, 'instrument_type': 'option', 'underlying': 'SPXW', 'strike': 5330, 'expiry': '2024-08-07', 'dividend_rate': 0.015, 'opt_type': 'CE', 'timestamp': '2024-08-07 09:30:00', 'underlying_spot': 5328.75, 'id': 42426911, 'bid': 21.5, 'ask': 22.0, 'mid': 21.75, 'delta': 0.4947780058556006, 'theta': -20.27429864067238, 'gamma': 0.0071357573361297, 'vega': 0.7188294464161071, 'sigma': 0.3102270805338993, 'moneyness': 0.02}",0,0
2024-08-07 09:30:00,2,1,1,straddle_component,42439465,SPXW_5330_PE_20240807,50,23.75,trade,"{'detailed': True, 'instrument_type': 'option', 'underlying': 'SPXW', 'strike': 5330, 'expiry': '2024-08-07', 'dividend_rate': 0.015, 'opt_type': 'PE', 'timestamp': '2024-08-07 09:30:00', 'underlying_spot': 5328.75, 'id': 42439465, 'bid': 23.0, 'ask': 23.75, 'mid': 23.38, 'delta': -0.5050112097546133, 'theta': -20.5136245036306, 'gamma': 0.0069767121857466, 'vega': 0.7188343288963068, 'sigma': 0.3173013431890795, 'moneyness': -0.02}",0,0
2024-02-07 09:30:00,1,1,1,straddle_component,42254149,SPXW_5000_CE_20240207,50,8.05,trade,"{'detailed': True, 'instrument_type': 'option', 'underlying': 'SPXW', 'strike': 5000, 'expiry': '2024-02-07', 'dividend_rate': 0.015, 'opt_type': 'CE', 'timestamp': '2024-02-07 09:30:00', 'underlying_spot': 4997.75, 'id': 42254149, 'bid': 7.8, 'ask': 8.05, 'mid': 7.93, 'delta': 0.4646712381768392, 'theta': -7.812680050705077, 'gamma': 0.0177217923980066, 'vega': 0.6715753157443975, 'sigma': 0.1326761247956421, 'moneyness': 0.05}",0,0
2024-02-07 09:30:00,2,1,1,straddle_component,42244169,SPXW_5000_PE_20240207,50,10.75,trade,"{'detailed': True, 'instrument_type': 'option', 'underlying': 'SPXW', 'strike': 5000, 'expiry': '2024-02-07', 'dividend_rate': 0.015, 'opt_type': 'PE', 'timestamp': '2024-02-07 09:30:00', 'underlying_spot': 4997.75, 'id': 42244169, 'bid': 10.25, 'ask': 10.75, 'mid': 10.5, 'delta': -0.533545351707243, 'theta': -8.029477487767169, 'gamma': 0.016875786865711, 'vega': 0.6718386460604018, 'sigma': 0.1393813979836281, 'moneyness': -0.05}",0,0
2024-08-14 09:30:00,1,1,1,straddle_component,42446700,SPXW_5470_CE_20240814,50,15.5,trade,"{'detailed': True, 'instrument_type': 'option', 'underlying': 'SPXW', 'strike': 5470, 'expiry': '2024-08-14', 'dividend_rate': 0.015, 'opt_type': 'CE', 'timestamp': '2024-08-14 09:30:00', 'underlying_spot': 5469.0, 'id': 42446700, 'bid': 15.0, 'ask': 15.5, 'mid': 15.25, 'delta': 0.4936250656357721, 'theta': -14.275406467018971, 'gamma': 0.0101509704286684, 'vega': 0.7377174957416788, 'sigma': 0.2124766755828795, 'moneyness': 0.02}",0,0
2024-08-14 09:30:00,2,1,1,straddle_component,42451534,SPXW_5470_PE_20240814,50,19.25,trade,"{'detailed': True, 'instrument_type': 'option', 'underlying': 'SPXW', 'strike': 5470, 'expiry': '2024-08-14', 'dividend_rate': 0.015, 'opt_type': 'PE', 'timestamp': '2024-08-14 09:30:00', 'underlying_spot': 5469.0, 'id': 42451534, 'bid': 18.5, 'ask': 19.25, 'mid': 18.88, 'delta': -0.5049527247937391, 'theta': -16.55838074762064, 'gamma': 0.0086306667412827, 'vega': 0.7377549890396882, 'sigma': 0.2499173689279619, 'moneyness': -0.02}",0,0
2024-01-31 09:30:00,1,1,1,straddle_component,42279230,SPXW_4925_CE_20240131,50,15.25,trade,"{'detailed': True, 'instrument_type': 'option', 'underlying': 'SPXW', 'strike': 4925, 'expiry': '2024-01-31', 'dividend_rate': 0.015, 'opt_type': 'CE', 'timestamp': '2024-01-31 09:30:00', 'underlying_spot': 4926.75, 'id': 42279230, 'bid': 14.75, 'ask': 15.25, 'mid': 15.0, 'delta': 0.5235994824756673, 'theta': -12.673323247400958, 'gamma': 0.0113108205113121, 'vega': 0.6634925631222188, 'sigma': 0.2113328129718987, 'moneyness': -0.04}",0,0
2024-01-31 09:30:00,2,1,1,straddle_component,42279229,SPXW_4925_PE_20240131,50,14.25,trade,"{'detailed': True, 'instrument_type': 'option', 'underlying': 'SPXW', 'strike': 4925, 'expiry': '2024-01-31', 'dividend_rate': 0.015, 'opt_type': 'PE', 'timestamp': '2024-01-31 09:30:00', 'underlying_spot': 4926.75, 'id': 42279229, 'bid': 14.0, 'ask': 14.25, 'mid': 14.12, 'delta': -0.4777711829554221, 'theta': -13.383610618256986, 'gamma': 0.0105612915035635, 'vega': 0.6636243521053524, 'sigma': 0.2263757564469096, 'moneyness': 0.04}",0,0
2024-11-27 09:30:00,1,1,1,straddle_component,42474779,SPXW_6030_CE_20241127,50,12.25,trade,"{'detailed': True, 'instrument_type': 'option', 'underlying': 'SPXW', 'strike': 6030, 'expiry': '2024-11-27', 'dividend_rate': 0.015, 'opt_type': 'CE', 'timestamp': '2024-11-27 09:30:00', 'underlying_spot': 6029.0, 'id': 42474779, 'bid': 11.75, 'ask': 12.25, 'mid': 12.0, 'delta': 0.4914767220707716, 'theta': -11.320639256968263, 'gamma': 0.0128122828257914, 'vega': 0.8131738662703745, 'sigma': 0.1526902425596563, 'moneyness': 0.02}",0,0
2024-11-27 09:30:00,2,1,1,straddle_component,42506859,SPXW_6030_PE_20241127,50,8.9,trade,"{'detailed': True, 'instrument_type': 'option', 'underlying': 'SPXW', 'strike': 6030, 'expiry': '2024-11-27', 'dividend_rate': 0.015, 'opt_type': 'PE', 'timestamp': '2024-11-27 09:30:00', 'underlying_spot': 6029.0, 'id': 42506859, 'bid': 8.7, 'ask': 8.9, 'mid': 8.8, 'delta': -0.513482293318468, 'theta': -7.366202118378791, 'gamma': 0.0190081085449378, 'vega': 0.8128910950899457, 'sigma': 0.1028845024972774, 'moneyness': -0.02}",0,0
2024-11-06 09:30:00,1,1,1,straddle_component,42446635,SPXW_5925_CE_20241106,50,27.5,trade,"{'detailed': True, 'instrument_type': 'option', 'underlying': 'SPXW', 'strike': 5925, 'expiry': '2024-11-06', 'dividend_rate': 0.015, 'opt_type': 'CE', 'timestamp': '2024-11-06 09:30:00', 'underlying_spot': 5926.25, 'id': 42446635, 'bid': 26.75, 'ask': 27.5, 'mid': 27.12, 'delta': 0.5112638964959615, 'theta': -24.029822648882387, 'gamma': 0.0060208084562418, 'vega': 0.7991798250721196, 'sigma': 0.3305025918239364, 'moneyness': -0.02}",0,0
2024-11-06 09:30:00,2,1,1,straddle_component,42446567,SPXW_5925_PE_20241106,50,14.25,trade,"{'detailed': True, 'instrument_type': 'option', 'underlying': 'SPXW', 'strike': 5925, 'expiry': '2024-11-06', 'dividend_rate': 0.015, 'opt_type': 'PE', 'timestamp': '2024-11-06 09:30:00', 'underlying_spot': 5926.25, 'id': 42446567, 'bid': 13.5, 'ask': 14.25, 'mid': 13.88, 'delta': -0.4823843458337862, 'theta': -12.99947768697064, 'gamma': 0.0109162056460831, 'vega': 0.7987171350054076, 'sigma': 0.1821827482272799, 'moneyness': 0.02}",0,0
2024-07-10 09:30:00,1,1,1,straddle_component,42416447,SPXW_5645_CE_20240710,50,7.3,trade,"{'detailed': True, 'instrument_type': 'option', 'underlying': 'SPXW', 'strike': 5645, 'expiry': '2024-07-10', 'dividend_rate': 0.015, 'opt_type': 'CE', 'timestamp': '2024-07-10 09:30:00', 'underlying_spot': 5645.25, 'id': 42416447, 'bid': 7.1, 'ask': 7.3, 'mid': 7.2, 'delta': 0.5117142371485528, 'theta': -6.460844153364025, 'gamma': 0.0227170652244979, 'vega': 0.7612576827939472, 'sigma': 0.0919516735445021, 'moneyness': -0.0}",0,0
2024-07-10 09:30:00,2,1,1,straddle_component,42416444,SPXW_5645_PE_20240710,50,9.1,trade,"{'detailed': True, 'instrument_type': 'option', 'underlying': 'SPXW', 'strike': 5645, 'expiry': '2024-07-10', 'dividend_rate': 0.015, 'opt_type': 'PE', 'timestamp': '2024-07-10 09:30:00', 'underlying_spot': 5645.25, 'id': 42416444, 'bid': 8.9, 'ask': 9.1, 'mid': 9.0, 'delta': -0.490735797220676, 'theta': -8.212747754144436, 'gamma': 0.017304492860859, 'vega': 0.7613830152858361, 'sigma': 0.1207322098574086, 'moneyness': 0.0}",0,0
2024-03-20 09:30:00,1,1,1,straddle_component,42378089,SPXW_5240_CE_20240320,50,20.25,trade,"{'detailed': True, 'instrument_type': 'option', 'underlying': 'SPXW', 'strike': 5240, 'expiry': '2024-03-20', 'dividend_rate': 0.015, 'opt_type': 'CE', 'timestamp': '2024-03-20 09:30:00', 'underlying_spot': 5241.5, 'id': 42378089, 'bid': 19.5, 'ask': 20.25, 'mid': 19.88, 'delta': 0.5161932065229635, 'theta': -17.289252726752185, 'gamma': 0.0083469927503188, 'vega': 0.7065372035278497, 'sigma': 0.269425709946535, 'moneyness': -0.03}",0,0
2024-03-20 09:30:00,2,1,1,straddle_component,42374962,SPXW_5240_PE_20240320,50,19.25,trade,"{'detailed': True, 'instrument_type': 'option', 'underlying': 'SPXW', 'strike': 5240, 'expiry': '2024-03-20', 'dividend_rate': 0.015, 'opt_type': 'PE', 'timestamp': '2024-03-20 09:30:00', 'underlying_spot': 5241.5, 'id': 42374962, 'bid': 18.75, 'ask': 19.25, 'mid': 19.0, 'delta': -0.4842836081623503, 'theta': -17.759226631612005, 'gamma': 0.0080284874215408, 'vega': 0.7065711036828883, 'sigma': 0.2801277504740305, 'moneyness': 0.03}",0,0
2024-08-28 09:30:00,1,1,1,straddle_component,42491248,SPXW_5645_CE_20240828,50,8.5,trade,"{'detailed': True, 'instrument_type': 'option', 'underlying': 'SPXW', 'strike': 5645, 'expiry': '2024-08-28', 'dividend_rate': 0.015, 'opt_type': 'CE', 'timestamp': '2024-08-28 09:30:00', 'underlying_spot': 5643.5, 'id': 42491248, 'bid': 8.3, 'ask': 8.5, 'mid': 8.4, 'delta': 0.4786550690982771, 'theta': -8.14530986535585, 'gamma': 0.0175374165145569, 'vega': 0.7602551270369413, 'sigma': 0.1190271316708359, 'moneyness': 0.03}",0,0
2024-08-28 09:30:00,2,1,1,straddle_component,42483576,SPXW_5645_PE_20240828,50,14.0,trade,"{'detailed': True, 'instrument_type': 'option', 'underlying': 'SPXW', 'strike': 5645, 'expiry': '2024-08-28', 'dividend_rate': 0.015, 'opt_type': 'PE', 'timestamp': '2024-08-28 09:30:00', 'underlying_spot': 5643.5, 'id': 42483576, 'bid': 13.5, 'ask': 14.0, 'mid': 13.75, 'delta': -0.5142174529414234, 'theta': -11.586585521041176, 'gamma': 0.012180455080113, 'vega': 0.7608680019148473, 'sigma': 0.1715119474422999, 'moneyness': -0.03}",0,0
2024-10-16 09:30:00,1,1,1,straddle_component,42510919,SPXW_5860_CE_20241016,50,12.75,trade,"{'detailed': True, 'instrument_type': 'option', 'underlying': 'SPXW', 'strike': 5860, 'expiry': '2024-10-16', 'dividend_rate': 0.015, 'opt_type': 'CE', 'timestamp': '2024-10-16 09:30:00', 'underlying_spot': 5860.75, 'id': 42510919, 'bid': 12.25, 'ask': 12.75, 'mid': 12.5, 'delta': 0.5142005190920784, 'theta': -11.009292403058856, 'gamma': 0.0132022931254027, 'vega': 0.7901594165252437, 'sigma': 0.1523717688947141, 'moneyness': -0.01}",0,0
2024-10-16 09:30:00,2,1,1,straddle_component,42511299,SPXW_5860_PE_20241016,50,11.25,trade,"{'detailed': True, 'instrument_type': 'option', 'underlying': 'SPXW', 'strike': 5860, 'expiry': '2024-10-16', 'dividend_rate': 0.015, 'opt_type': 'PE', 'timestamp': '2024-10-16 09:30:00', 'underlying_spot': 5860.75, 'id': 42511299, 'bid': 10.75, 'ask': 11.25, 'mid': 11.0, 'delta': -0.4851564577930567, 'theta': -10.21535755953264, 'gamma': 0.0138978237806952, 'vega': 0.7901125900128037, 'sigma': 0.1447376705537899, 'moneyness': 0.01}",0,0
2024-12-11 09:30:00,1,1,1,straddle_component,42471001,SPXW_6075_CE_20241211,50,9.7,trade,"{'detailed': True, 'instrument_type': 'option', 'underlying': 'SPXW', 'strike': 6075, 'expiry': '2024-12-11', 'dividend_rate': 0.015, 'opt_type': 'CE', 'timestamp': '2024-12-11 09:30:00', 'underlying_spot': 6072.75, 'id': 42471001, 'bid': 9.4, 'ask': 9.7, 'mid': 9.55, 'delta': 0.470865071900839, 'theta': -9.35365188872705, 'gamma': 0.0150253744735096, 'vega': 0.817063034648233, 'sigma': 0.128947023822706, 'moneyness': 0.04}",0,0
2024-12-11 09:30:00,2,1,1,straddle_component,42427834,SPXW_6075_PE_20241211,50,9.0,trade,"{'detailed': True, 'instrument_type': 'option', 'underlying': 'SPXW', 'strike': 6075, 'expiry': '2024-12-11', 'dividend_rate': 0.015, 'opt_type': 'PE', 'timestamp': '2024-12-11 09:30:00', 'underlying_spot': 6072.75, 'id': 42427834, 'bid': 8.85, 'ask': 9.0, 'mid': 8.93, 'delta': -0.539805058204124, 'theta': -6.52296733932404, 'gamma': 0.0202245284341984, 'vega': 0.81513495341454, 'sigma': 0.0955761358692199, 'moneyness': -0.04}",0,0
2024-05-22 09:30:00,1,1,1,straddle_component,42439582,SPXW_5340_CE_20240522,50,6.45,trade,"{'detailed': True, 'instrument_type': 'option', 'underlying': 'SPXW', 'strike': 5340, 'expiry': '2024-05-22', 'dividend_rate': 0.015, 'opt_type': 'CE', 'timestamp': '2024-05-22 09:30:00', 'underlying_spot': 5339.25, 'id': 42439582, 'bid': 6.3, 'ask': 6.45, 'mid': 6.38, 'delta': 0.4881240196443315, 'theta': -6.099095678514018, 'gamma': 0.0238209629443986, 'vega': 0.7199843508342902, 'sigma': 0.0927150442157518, 'moneyness': 0.01}",0,0
2024-05-22 09:30:00,2,1,1,straddle_component,42401955,SPXW_5340_PE_20240522,50,8.55,trade,"{'detailed': True, 'instrument_type': 'option', 'underlying': 'SPXW', 'strike': 5340, 'expiry': '2024-05-22', 'dividend_rate': 0.015, 'opt_type': 'PE', 'timestamp': '2024-05-22 09:30:00', 'underlying_spot': 5339.25, 'id': 42401955, 'bid': 8.4, 'ask': 8.55, 'mid': 8.48, 'delta': -0.5094639894191566, 'theta': -7.23326116166034, 'gamma': 0.0194919985041508, 'vega': 0.7201031443775849, 'sigma': 0.1133243943661295, 'moneyness': -0.01}",0,0
2024-06-26 09:30:00,1,1,1,straddle_component,42412921,SPXW_5520_CE_20240626,50,11.75,trade,"{'detailed': True, 'instrument_type': 'option', 'underlying': 'SPXW', 'strike': 5520, 'expiry': '2024-06-26', 'dividend_rate': 0.015, 'opt_type': 'CE', 'timestamp': '2024-06-26 09:30:00', 'underlying_spot': 5520.75, 'id': 42412921, 'bid': 11.25, 'ask': 11.75, 'mid': 11.5, 'delta': 0.5151540343544703, 'theta': -10.09608186354179, 'gamma': 0.0143910748029441, 'vega': 0.7442539677447435, 'sigma': 0.1483806824193301, 'moneyness': -0.01}",0,0
2024-06-26 09:30:00,2,1,1,straddle_component,42379083,SPXW_5520_PE_20240626,50,8.7,trade,"{'detailed': True, 'instrument_type': 'option', 'underlying': 'SPXW', 'strike': 5520, 'expiry': '2024-06-26', 'dividend_rate': 0.015, 'opt_type': 'PE', 'timestamp': '2024-06-26 09:30:00', 'underlying_spot': 5520.75, 'id': 42379083, 'bid': 8.55, 'ask': 8.7, 'mid': 8.62, 'delta': -0.4819229187328133, 'theta': -8.055285349438838, 'gamma': 0.0175427707560515, 'vega': 0.7440240229363826, 'sigma': 0.1216857579245864, 'moneyness': 0.01}",0,0
2024-05-29 09:30:00,1,1,1,straddle_component,42445781,SPXW_5285_CE_20240529,50,9.2,trade,"{'detailed': True, 'instrument_type': 'option', 'underlying': 'SPXW', 'strike': 5285, 'expiry': '2024-05-29', 'dividend_rate': 0.015, 'opt_type': 'CE', 'timestamp': '2024-05-29 09:30:00', 'underlying_spot': 5284.75, 'id': 42445781, 'bid': 8.9, 'ask': 9.2, 'mid': 9.05, 'delta': 0.5003901491687834, 'theta': -8.361763534112152, 'gamma': 0.01747272341035, 'vega': 0.7129548622164332, 'sigma': 0.1277606585332039, 'moneyness': 0.0}",0,0
2024-05-29 09:30:00,2,1,1,straddle_component,42449378,SPXW_5285_PE_20240529,50,12.75,trade,"{'detailed': True, 'instrument_type': 'option', 'underlying': 'SPXW', 'strike': 5285, 'expiry': '2024-05-29', 'dividend_rate': 0.015, 'opt_type': 'PE', 'timestamp': '2024-05-29 09:30:00', 'underlying_spot': 5284.75, 'id': 42449378, 'bid': 12.25, 'ask': 12.75, 'mid': 12.5, 'delta': -0.4991682322472712, 'theta': -11.163026672228618, 'gamma': 0.0127925644122228, 'vega': 0.712953655755471, 'sigma': 0.1745016041845992, 'moneyness': -0.0}",0,0
2024-09-25 09:30:00,1,1,1,straddle_component,42477357,SPXW_5795_CE_20240925,50,7.6,trade,"{'detailed': True, 'instrument_type': 'option', 'underlying': 'SPXW', 'strike': 5795, 'expiry': '2024-09-25', 'dividend_rate': 0.015, 'opt_type': 'CE', 'timestamp': '2024-09-25 09:30:00', 'underlying_spot': 5797.25, 'id': 42477357, 'bid': 7.4, 'ask': 7.6, 'mid': 7.5, 'delta': 0.5639933698337263, 'theta': -5.264990992299159, 'gamma': 0.0252142708045965, 'vega': 0.7718556683813929, 'sigma': 0.0796669304610229, 'moneyness': -0.04}",0,0
2024-09-25 09:30:00,2,1,1,straddle_component,42478919,SPXW_5795_PE_20240925,50,11.75,trade,"{'detailed': True, 'instrument_type': 'option', 'underlying': 'SPXW', 'strike': 5795, 'expiry': '2024-09-25', 'dividend_rate': 0.015, 'opt_type': 'PE', 'timestamp': '2024-09-25 09:30:00', 'underlying_spot': 5797.25, 'id': 42478919, 'bid': 11.5, 'ask': 11.75, 'mid': 11.62, 'delta': -0.4678832218599993, 'theta': -11.186188826203432, 'gamma': 0.0124036104054425, 'vega': 0.7795509656047761, 'sigma': 0.1635316411564102, 'moneyness': 0.04}",0,0
2024-06-05 09:30:00,1,1,1,straddle_component,42438090,SPXW_5325_CE_20240605,50,12.25,trade,"{'detailed': True, 'instrument_type': 'option', 'underlying': 'SPXW', 'strike': 5325, 'expiry': '2024-06-05', 'dividend_rate': 0.015, 'opt_type': 'CE', 'timestamp': '2024-06-05 09:30:00', 'underlying_spot': 5322.75, 'id': 42438090, 'bid': 11.75, 'ask': 12.25, 'mid': 12.0, 'delta': 0.4765014322519079, 'theta': -11.632980529340587, 'gamma': 0.0121946079900681, 'vega': 0.7168314775706062, 'sigma': 0.1814362904003813, 'moneyness': 0.04}",0,0
2024-06-05 09:30:00,2,1,1,straddle_component,42433638,SPXW_5325_PE_20240605,50,9.8,trade,"{'detailed': True, 'instrument_type': 'option', 'underlying': 'SPXW', 'strike': 5325, 'expiry': '2024-06-05', 'dividend_rate': 0.015, 'opt_type': 'PE', 'timestamp': '2024-06-05 09:30:00', 'underlying_spot': 5322.75, 'id': 42433638, 'bid': 9.55, 'ask': 9.8, 'mid': 9.68, 'delta': -0.536731910001631, 'theta': -7.244887713013726, 'gamma': 0.0184846249062786, 'vega': 0.7150134390903542, 'sigma': 0.1193959322730489, 'moneyness': -0.04}",0,0
2024-08-22 09:30:00,1,1,1,straddle_component,42427914,SPXW_5660_CE_20240822,50,11.5,trade,"{'detailed': True, 'instrument_type': 'option', 'underlying': 'SPXW', 'strike': 5660, 'expiry': '2024-08-22', 'dividend_rate': 0.015, 'opt_type': 'CE', 'timestamp': '2024-08-22 09:30:00', 'underlying_spot': 5662.5, 'id': 42427914, 'bid': 11.25, 'ask': 11.5, 'mid': 11.38, 'delta': 0.5443863986181796, 'theta': -8.754291247585678, 'gamma': 0.0158150242768329, 'vega': 0.7591571297461073, 'sigma': 0.1309196721349498, 'moneyness': -0.04}",0,0
2024-08-22 09:30:00,2,1,1,straddle_component,42405212,SPXW_5660_PE_20240822,50,13.0,trade,"{'detailed': True, 'instrument_type': 'option', 'underlying': 'SPXW', 'strike': 5660, 'expiry': '2024-08-22', 'dividend_rate': 0.015, 'opt_type': 'PE', 'timestamp': '2024-08-22 09:30:00', 'underlying_spot': 5662.5, 'id': 42405212, 'bid': 12.5, 'ask': 13.0, 'mid': 12.75, 'delta': -0.4677301464615091, 'theta': -12.281038595761991, 'gamma': 0.0113028749559873, 'vega': 0.7614093677094163, 'sigma': 0.1837219608181964, 'moneyness': 0.04}",0,0
2024-08-01 09:30:00,1,1,1,straddle_component,42472803,SPXW_5580_CE_20240801,50,16.0,trade,"{'detailed': True, 'instrument_type': 'option', 'underlying': 'SPXW', 'strike': 5580, 'expiry': '2024-08-01', 'dividend_rate': 0.015, 'opt_type': 'CE', 'timestamp': '2024-08-01 09:30:00', 'underlying_spot': 5580.75, 'id': 42472803, 'bid': 15.5, 'ask': 16.0, 'mid': 15.75, 'delta': 0.5116195524326628, 'theta': -13.960668527518935, 'gamma': 0.0103961448161271, 'vega': 0.7525680133803032, 'sigma': 0.2032511117980614, 'moneyness': -0.01}",0,0
2024-08-01 09:30:00,2,1,1,straddle_component,42419055,SPXW_5580_PE_20240801,50,18.0,trade,"{'detailed': True, 'instrument_type': 'option', 'underlying': 'SPXW', 'strike': 5580, 'expiry': '2024-08-01', 'dividend_rate': 0.015, 'opt_type': 'PE', 'timestamp': '2024-08-01 09:30:00', 'underlying_spot': 5580.75, 'id': 42419055, 'bid': 17.75, 'ask': 18.0, 'mid': 17.88, 'delta': -0.4897972069413114, 'theta': -16.465013090792713, 'gamma': 0.0086854790382062, 'vega': 0.752641458866055, 'sigma': 0.243306453603946, 'moneyness': 0.01}",0,0
2024-01-18 09:30:00,1,1,1,straddle_component,42354574,SPXW_4785_CE_20240118,50,10.5,trade,"{'detailed': True, 'instrument_type': 'option', 'underlying': 'SPXW', 'strike': 4785, 'expiry': '2024-01-18', 'dividend_rate': 0.015, 'opt_type': 'CE', 'timestamp': '2024-01-18 09:30:00', 'underlying_spot': 4786.75, 'id': 42354574, 'bid': 10.0, 'ask': 10.5, 'mid': 10.25, 'delta': 0.5343843593397679, 'theta': -8.282645390299027, 'gamma': 0.0170734502802361, 'vega': 0.6433599958059748, 'sigma': 0.143814673108887, 'moneyness': -0.04}",0,0
2024-01-18 09:30:00,2,1,1,straddle_component,42354588,SPXW_4785_PE_20240118,50,9.6,trade,"{'detailed': True, 'instrument_type': 'option', 'underlying': 'SPXW', 'strike': 4785, 'expiry': '2024-01-18', 'dividend_rate': 0.015, 'opt_type': 'PE', 'timestamp': '2024-01-18 09:30:00', 'underlying_spot': 4786.75, 'id': 42354588, 'bid': 9.0, 'ask': 9.6, 'mid': 9.3, 'delta': -0.4685329157997131, 'theta': -8.937805950706151, 'gamma': 0.0155398731394029, 'vega': 0.6437536338269272, 'sigma': 0.1581030788062223, 'moneyness': 0.04}",0,0
2024-04-18 09:30:00,1,1,1,straddle_component,42400868,SPXW_5075_CE_20240418,50,14.25,trade,"{'detailed': True, 'instrument_type': 'option', 'underlying': 'SPXW', 'strike': 5075, 'expiry': '2024-04-18', 'dividend_rate': 0.015, 'opt_type': 'CE', 'timestamp': '2024-04-18 09:30:00', 'underlying_spot': 5074.0, 'id': 42400868, 'bid': 13.75, 'ask': 14.25, 'mid': 14.0, 'delta': 0.4927563764864473, 'theta': -13.133944306026464, 'gamma': 0.0110266545050308, 'vega': 0.6844101353650647, 'sigma': 0.2108223296188667, 'moneyness': 0.02}",0,0
2024-04-18 09:30:00,2,1,1,straddle_component,42343447,SPXW_5075_PE_20240418,50,15.5,trade,"{'detailed': True, 'instrument_type': 'option', 'underlying': 'SPXW', 'strike': 5075, 'expiry': '2024-04-18', 'dividend_rate': 0.015, 'opt_type': 'PE', 'timestamp': '2024-04-18 09:30:00', 'underlying_spot': 5074.0, 'id': 42343447, 'bid': 15.0, 'ask': 15.5, 'mid': 15.25, 'delta': -0.5069857566909697, 'theta': -13.26499448310297, 'gamma': 0.0107459131903908, 'vega': 0.6844180622898755, 'sigma': 0.21633264513459, 'moneyness': -0.02}",0,0
2024-08-29 09:30:00,1,1,1,straddle_component,42352040,SPXW_5625_CE_20240829,50,19.25,trade,"{'detailed': True, 'instrument_type': 'option', 'underlying': 'SPXW', 'strike': 5625, 'expiry': '2024-08-29', 'dividend_rate': 0.015, 'opt_type': 'CE', 'timestamp': '2024-08-29 09:30:00', 'underlying_spot': 5625.0, 'id': 42352040, 'bid': 18.75, 'ask': 19.25, 'mid': 19.0, 'delta': 0.5036782146065732, 'theta': -17.277309607500534, 'gamma': 0.008407148790468, 'vega': 0.7588253935241838, 'sigma': 0.2494552244658907, 'moneyness': 0.0}",0,0
2024-08-29 09:30:00,2,1,1,straddle_component,42319252,SPXW_5625_PE_20240829,50,14.0,trade,"{'detailed': True, 'instrument_type': 'option', 'underlying': 'SPXW', 'strike': 5625, 'expiry': '2024-08-29', 'dividend_rate': 0.015, 'opt_type': 'PE', 'timestamp': '2024-08-29 09:30:00', 'underlying_spot': 5625.0, 'id': 42319252, 'bid': 13.75, 'ask': 14.0, 'mid': 13.88, 'delta': -0.4960516076226717, 'theta': -12.5240121557705, 'gamma': 0.0114118690142106, 'vega': 0.7588204444091824, 'sigma': 0.1837730202440402, 'moneyness': 0.0}",0,0
2024-02-22 09:30:00,1,1,1,straddle_component,42379865,SPXW_5055_CE_20240222,50,18.75,trade,"{'detailed': True, 'instrument_type': 'option', 'underlying': 'SPXW', 'strike': 5055, 'expiry': '2024-02-22', 'dividend_rate': 0.015, 'opt_type': 'CE', 'timestamp': '2024-02-22 09:30:00', 'underlying_spot': 5056.0, 'id': 42379865, 'bid': 16.0, 'ask': 18.75, 'mid': 17.38, 'delta': 0.5131499819711394, 'theta': -15.296380248579432, 'gamma': 0.009463904220297, 'vega': 0.681723946221803, 'sigma': 0.2464160066522517, 'moneyness': -0.02}",0,0
2024-02-22 09:30:00,2,1,1,straddle_component,42375412,SPXW_5055_PE_20240222,50,9.35,trade,"{'detailed': True, 'instrument_type': 'option', 'underlying': 'SPXW', 'strike': 5055, 'expiry': '2024-02-22', 'dividend_rate': 0.015, 'opt_type': 'PE', 'timestamp': '2024-02-22 09:30:00', 'underlying_spot': 5056.0, 'id': 42375412, 'bid': 8.55, 'ask': 9.35, 'mid': 8.95, 'delta': -0.4787494593723629, 'theta': -8.432301704905855, 'gamma': 0.0167225274516624, 'vega': 0.6811225080679426, 'sigma': 0.1393338465442808, 'moneyness': 0.02}",0,0
2024-12-26 09:30:00,1,1,1,straddle_component,42538600,SPXW_6085_CE_20241226,50,8.6,trade,"{'detailed': True, 'instrument_type': 'option', 'underlying': 'SPXW', 'strike': 6085, 'expiry': '2024-12-26', 'dividend_rate': 0.015, 'opt_type': 'CE', 'timestamp': '2024-12-26 09:30:00', 'underlying_spot': 6083.5, 'id': 42538600, 'bid': 8.4, 'ask': 8.6, 'mid': 8.5, 'delta': 0.479156413275561, 'theta': -8.241982456540425, 'gamma': 0.0173566386152401, 'vega': 0.8195828404674503, 'sigma': 0.1115757490870682, 'moneyness': 0.02}",0,0
2024-12-26 09:30:00,2,1,1,straddle_component,42517162,SPXW_6085_PE_20241226,50,15.0,trade,"{'detailed': True, 'instrument_type': 'option', 'underlying': 'SPXW', 'strike': 6085, 'expiry': '2024-12-26', 'dividend_rate': 0.015, 'opt_type': 'PE', 'timestamp': '2024-12-26 09:30:00', 'underlying_spot': 6083.5, 'id': 42517162, 'bid': 14.25, 'ask': 15.0, 'mid': 14.62, 'delta': -0.5130451971408156, 'theta': -12.384250964706606, 'gamma': 0.0114113965743456, 'vega': 0.8202723746472911, 'sigma': 0.1698469000416194, 'moneyness': -0.02}",0,0
2024-04-11 09:30:00,1,1,1,straddle_component,42173549,SPXW_5215_CE_20240411,50,17.5,trade,"{'detailed': True, 'instrument_type': 'option', 'underlying': 'SPXW', 'strike': 5215, 'expiry': '2024-04-11', 'dividend_rate': 0.015, 'opt_type': 'CE', 'timestamp': '2024-04-11 09:30:00', 'underlying_spot': 5216.5, 'id': 42173549, 'bid': 16.75, 'ask': 17.5, 'mid': 17.12, 'delta': 0.5183537931769067, 'theta': -14.78008113845827, 'gamma': 0.0097540162968812, 'vega': 0.7030016748137307, 'sigma': 0.2316114148058676, 'moneyness': -0.03}",0,0
2024-04-11 09:30:00,2,1,1,straddle_component,42193068,SPXW_5215_PE_20240411,50,13.25,trade,"{'detailed': True, 'instrument_type': 'option', 'underlying': 'SPXW', 'strike': 5215, 'expiry': '2024-04-11', 'dividend_rate': 0.015, 'opt_type': 'PE', 'timestamp': '2024-04-11 09:30:00', 'underlying_spot': 5216.5, 'id': 42193068, 'bid': 12.75, 'ask': 13.25, 'mid': 13.0, 'delta': -0.4788497973936323, 'theta': -12.280899669132308, 'gamma': 0.0115147773804835, 'vega': 0.702756239568326, 'sigma': 0.196126771853209, 'moneyness': 0.03}",0,0
2024-02-01 09:30:00,1,1,1,straddle_component,42304868,SPXW_4890_CE_20240201,50,9.1,trade,"{'detailed': True, 'instrument_type': 'option', 'underlying': 'SPXW', 'strike': 4890, 'expiry': '2024-02-01', 'dividend_rate': 0.015, 'opt_type': 'CE', 'timestamp': '2024-02-01 09:30:00', 'underlying_spot': 4890.0, 'id': 42304868, 'bid': 8.9, 'ask': 9.1, 'mid': 9.0, 'delta': 0.5045877887797978, 'theta': -8.205454433284325, 'gamma': 0.0178035607767412, 'vega': 0.6596564863358143, 'sigma': 0.1354995573406308, 'moneyness': 0.0}",0,0
2024-02-01 09:30:00,2,1,1,straddle_component,42306831,SPXW_4890_PE_20240201,50,16.0,trade,"{'detailed': True, 'instrument_type': 'option', 'underlying': 'SPXW', 'strike': 4890, 'expiry': '2024-02-01', 'dividend_rate': 0.015, 'opt_type': 'PE', 'timestamp': '2024-02-01 09:30:00', 'underlying_spot': 4890.0, 'id': 42306831, 'bid': 15.25, 'ask': 16.0, 'mid': 15.62, 'delta': -0.496302564555684, 'theta': -14.11732966814577, 'gamma': 0.0101454412515522, 'vega': 0.6596719121448293, 'sigma': 0.2377846833588739, 'moneyness': 0.0}",0,0
2024-11-14 09:30:00,1,1,1,straddle_component,42421127,SPXW_6020_CE_20241114,50,8.8,trade,"{'detailed': True, 'instrument_type': 'option', 'underlying': 'SPXW', 'strike': 6020, 'expiry': '2024-11-14', 'dividend_rate': 0.015, 'opt_type': 'CE', 'timestamp': '2024-11-14 09:30:00', 'underlying_spot': 6018.25, 'id': 42421127, 'bid': 8.6, 'ask': 8.8, 'mid': 8.7, 'delta': 0.4756825027124378, 'theta': -8.475608032362683, 'gamma': 0.0167625150382377, 'vega': 0.8103895881340453, 'sigma': 0.11672535151171, 'moneyness': 0.03}",0,0
2024-11-14 09:30:00,2,1,1,straddle_component,42404743,SPXW_6020_PE_20241114,50,13.75,trade,"{'detailed': True, 'instrument_type': 'option', 'underlying': 'SPXW', 'strike': 6020, 'expiry': '2024-11-14', 'dividend_rate': 0.015, 'opt_type': 'PE', 'timestamp': '2024-11-14 09:30:00', 'underlying_spot': 6018.25, 'id': 42404743, 'bid': 13.5, 'ask': 13.75, 'mid': 13.62, 'delta': -0.5175172521348692, 'theta': -11.302338941538672, 'gamma': 0.0124141939927824, 'vega': 0.8111238802516887, 'sigma': 0.1577519563943447, 'moneyness': -0.03}",0,0
2024-12-12 09:30:00,1,1,1,straddle_component,42517613,SPXW_6080_CE_20241212,50,8.8,trade,"{'detailed': True, 'instrument_type': 'option', 'underlying': 'SPXW', 'strike': 6080, 'expiry': '2024-12-12', 'dividend_rate': 0.015, 'opt_type': 'CE', 'timestamp': '2024-12-12 09:30:00', 'underlying_spot': 6081.75, 'id': 42517613, 'bid': 8.65, 'ask': 8.8, 'mid': 8.73, 'delta': 0.541836485879177, 'theta': -6.86809192767454, 'gamma': 0.020454657505553, 'vega': 0.81591172161302, 'sigma': 0.0943115089746801, 'moneyness': -0.03}",0,0
2024-12-12 09:30:00,2,1,1,straddle_component,42508724,SPXW_6080_PE_20241212,50,6.4,trade,"{'detailed': True, 'instrument_type': 'option', 'underlying': 'SPXW', 'strike': 6080, 'expiry': '2024-12-12', 'dividend_rate': 0.015, 'opt_type': 'PE', 'timestamp': '2024-12-12 09:30:00', 'underlying_spot': 6081.75, 'id': 42508724, 'bid': 6.3, 'ask': 6.4, 'mid': 6.35, 'delta': -0.45551696863364, 'theta': -6.16831381862104, 'gamma': 0.0217774684774241, 'vega': 0.81530741856895, 'sigma': 0.0885187695679894, 'moneyness': 0.03}",0,0
2024-10-17 09:30:00,1,1,1,straddle_component,42514555,SPXW_5920_CE_20241017,50,13.0,trade,"{'detailed': True, 'instrument_type': 'option', 'underlying': 'SPXW', 'strike': 5920, 'expiry': '2024-10-17', 'dividend_rate': 0.015, 'opt_type': 'CE', 'timestamp': '2024-10-17 09:30:00', 'underlying_spot': 5918.25, 'id': 42514555, 'bid': 12.5, 'ask': 13.0, 'mid': 12.75, 'delta': 0.4835088250865205, 'theta': -12.219783923118104, 'gamma': 0.0117494183093924, 'vega': 0.797734467209879, 'sigma': 0.1695123683189633, 'moneyness': 0.03}",0,0
2024-10-17 09:30:00,2,1,1,straddle_component,42514576,SPXW_5920_PE_20241017,50,9.7,trade,"{'detailed': True, 'instrument_type': 'option', 'underlying': 'SPXW', 'strike': 5920, 'expiry': '2024-10-17', 'dividend_rate': 0.015, 'opt_type': 'PE', 'timestamp': '2024-10-17 09:30:00', 'underlying_spot': 5918.25, 'id': 42514576, 'bid': 9.45, 'ask': 9.7, 'mid': 9.57, 'delta': -0.5265257092453623, 'theta': -7.548892621422347, 'gamma': 0.0181493420825518, 'vega': 0.7966382932506706, 'sigma': 0.1095889388109433, 'moneyness': -0.03}",0,0
2024-05-09 09:30:00,1,1,1,straddle_component,42434117,SPXW_5215_CE_20240509,50,7.3,trade,"{'detailed': True, 'instrument_type': 'option', 'underlying': 'SPXW', 'strike': 5215, 'expiry': '2024-05-09', 'dividend_rate': 0.015, 'opt_type': 'CE', 'timestamp': '2024-05-09 09:30:00', 'underlying_spot': 5215.0, 'id': 42434117, 'bid': 7.2, 'ask': 7.3, 'mid': 7.25, 'delta': 0.5055633495207879, 'theta': -6.622307392685638, 'gamma': 0.0221496788732622, 'vega': 0.7034764524443573, 'sigma': 0.1021217457017969, 'moneyness': 0.0}",0,0
2024-05-09 09:30:00,2,1,1,straddle_component,42400784,SPXW_5215_PE_20240509,50,10.75,trade,"{'detailed': True, 'instrument_type': 'option', 'underlying': 'SPXW', 'strike': 5215, 'expiry': '2024-05-09', 'dividend_rate': 0.015, 'opt_type': 'PE', 'timestamp': '2024-05-09 09:30:00', 'underlying_spot': 5215.0, 'id': 42400784, 'bid': 10.5, 'ask': 10.75, 'mid': 10.62, 'delta': -0.4956989994362004, 'theta': -9.58185897392842, 'gamma': 0.0148866381977086, 'vega': 0.7035043810238193, 'sigma': 0.1519518440846396, 'moneyness': 0.0}",0,0
2024-07-11 09:30:00,1,1,1,straddle_component,42419147,SPXW_5690_CE_20240711,50,10.75,trade,"{'detailed': True, 'instrument_type': 'option', 'underlying': 'SPXW', 'strike': 5690, 'expiry': '2024-07-11', 'dividend_rate': 0.015, 'opt_type': 'CE', 'timestamp': '2024-07-11 09:30:00', 'underlying_spot': 5687.75, 'id': 42419147, 'bid': 10.25, 'ask': 10.75, 'mid': 10.5, 'delta': 0.4732726118519714, 'theta': -10.239443933871629, 'gamma': 0.0137831370672358, 'vega': 0.7655922202013201, 'sigma': 0.1501473086772551, 'moneyness': 0.04}",0,0
2024-07-11 09:30:00,2,1,1,straddle_component,42432676,SPXW_5690_PE_20240711,50,13.5,trade,"{'detailed': True, 'instrument_type': 'option', 'underlying': 'SPXW', 'strike': 5690, 'expiry': '2024-07-11', 'dividend_rate': 0.015, 'opt_type': 'PE', 'timestamp': '2024-07-11 09:30:00', 'underlying_spot': 5687.75, 'id': 42432676, 'bid': 13.0, 'ask': 13.5, 'mid': 13.25, 'delta': -0.5252043266366968, 'theta': -10.600734793051426, 'gamma': 0.0130566842315715, 'vega': 0.7657846357936773, 'sigma': 0.15854076191909, 'moneyness': -0.04}",0,0
2024-08-08 09:30:00,1,1,1,straddle_component,42472397,SPXW_5285_CE_20240808,50,25.0,trade,"{'detailed': True, 'instrument_type': 'option', 'underlying': 'SPXW', 'strike': 5285, 'expiry': '2024-08-08', 'dividend_rate': 0.015, 'opt_type': 'CE', 'timestamp': '2024-08-08 09:30:00', 'underlying_spot': 5283.5, 'id': 42472397, 'bid': 24.0, 'ask': 25.0, 'mid': 24.5, 'delta': 0.494310596802805, 'theta': -22.86380994061037, 'gamma': 0.0063212480228003, 'vega': 0.712713968818429, 'sigma': 0.3531944044789094, 'moneyness': 0.03}",0,0
2024-08-08 09:30:00,2,1,1,straddle_component,42500546,SPXW_5285_PE_20240808,50,29.25,trade,"{'detailed': True, 'instrument_type': 'option', 'underlying': 'SPXW', 'strike': 5285, 'expiry': '2024-08-08', 'dividend_rate': 0.015, 'opt_type': 'PE', 'timestamp': '2024-08-08 09:30:00', 'underlying_spot': 5283.5, 'id': 42500546, 'bid': 28.25, 'ask': 29.25, 'mid': 28.75, 'delta': -0.5045873569498482, 'theta': -25.263304724366822, 'gamma': 0.0056719947494343, 'vega': 0.7127393716580528, 'sigma': 0.3936373557806112, 'moneyness': -0.03}",0,0
2024-11-21 09:30:00,1,1,1,straddle_component,42527438,SPXW_5960_CE_20241121,50,20.25,trade,"{'detailed': True, 'instrument_type': 'option', 'underlying': 'SPXW', 'strike': 5960, 'expiry': '2024-11-21', 'dividend_rate': 0.015, 'opt_type': 'CE', 'timestamp': '2024-11-21 09:30:00', 'underlying_spot': 5961.0, 'id': 42527438, 'bid': 19.75, 'ask': 20.25, 'mid': 20.0, 'delta': 0.5118837205788651, 'theta': -17.69128396911709, 'gamma': 0.0081908316929002, 'vega': 0.8038294891615454, 'sigma': 0.2415138975672357, 'moneyness': -0.02}",0,0
2024-11-21 09:30:00,2,1,1,straddle_component,42527846,SPXW_5960_PE_20241121,50,12.25,trade,"{'detailed': True, 'instrument_type': 'option', 'underlying': 'SPXW', 'strike': 5960, 'expiry': '2024-11-21', 'dividend_rate': 0.015, 'opt_type': 'PE', 'timestamp': '2024-11-21 09:30:00', 'underlying_spot': 5961.0, 'id': 42527846, 'bid': 12.0, 'ask': 12.25, 'mid': 12.12, 'delta': -0.4832462090594625, 'theta': -11.323064745478252, 'gamma': 0.012527933304085, 'vega': 0.8034750104452959, 'sigma': 0.1578339267645916, 'moneyness': 0.02}",0,0
2024-04-04 09:30:00,1,1,1,straddle_component,42401935,SPXW_5305_CE_20240404,50,8.7,trade,"{'detailed': True, 'instrument_type': 'option', 'underlying': 'SPXW', 'strike': 5305, 'expiry': '2024-04-04', 'dividend_rate': 0.015, 'opt_type': 'CE', 'timestamp': '2024-04-04 09:30:00', 'underlying_spot': 5303.25, 'id': 42401935, 'bid': 8.3, 'ask': 8.7, 'mid': 8.5, 'delta': 0.4747359620673741, 'theta': -8.282853731332743, 'gamma': 0.0171068639964744, 'vega': 0.7140067568453956, 'sigma': 0.1297770037570218, 'moneyness': 0.03}",0,0
2024-04-04 09:30:00,2,1,1,straddle_component,42421127,SPXW_5305_PE_20240404,50,8.3,trade,"{'detailed': True, 'instrument_type': 'option', 'underlying': 'SPXW', 'strike': 5305, 'expiry': '2024-04-04', 'dividend_rate': 0.015, 'opt_type': 'PE', 'timestamp': '2024-04-04 09:30:00', 'underlying_spot': 5303.25, 'id': 42421127, 'bid': 8.0, 'ask': 8.3, 'mid': 8.15, 'delta': -0.5324883310533046, 'theta': -6.215889469064383, 'gamma': 0.02169400358909, 'vega': 0.7130534779940816, 'sigma': 0.102201521260053, 'moneyness': -0.03}",0,0
2024-05-16 09:30:00,1,1,1,straddle_component,42403542,SPXW_5335_CE_20240516,50,7.35,trade,"{'detailed': True, 'instrument_type': 'option', 'underlying': 'SPXW', 'strike': 5335, 'expiry': '2024-05-16', 'dividend_rate': 0.015, 'opt_type': 'CE', 'timestamp': '2024-05-16 09:30:00', 'underlying_spot': 5334.5, 'id': 42403542, 'bid': 7.1, 'ask': 7.35, 'mid': 7.22, 'delta': 0.4947877716439564, 'theta': -6.798249076735644, 'gamma': 0.0214863446679203, 'vega': 0.7196047055064518, 'sigma': 0.1029174448115882, 'moneyness': 0.01}",0,0
2024-05-16 09:30:00,2,1,1,straddle_component,42387274,SPXW_5335_PE_20240516,50,10.25,trade,"{'detailed': True, 'instrument_type': 'option', 'underlying': 'SPXW', 'strike': 5335, 'expiry': '2024-05-16', 'dividend_rate': 0.015, 'opt_type': 'PE', 'timestamp': '2024-05-16 09:30:00', 'underlying_spot': 5334.5, 'id': 42387274, 'bid': 9.75, 'ask': 10.25, 'mid': 10.0, 'delta': -0.5035369479972296, 'theta': -8.765496128607136, 'gamma': 0.0162139209258782, 'vega': 0.719638353896122, 'sigma': 0.1363903004957042, 'moneyness': -0.01}",0,0
2024-05-02 09:30:00,1,1,1,straddle_component,42412907,SPXW_5085_CE_20240502,50,12.25,trade,"{'detailed': True, 'instrument_type': 'option', 'underlying': 'SPXW', 'strike': 5085, 'expiry': '2024-05-02', 'dividend_rate': 0.015, 'opt_type': 'CE', 'timestamp': '2024-05-02 09:30:00', 'underlying_spot': 5083.25, 'id': 42412907, 'bid': 12.0, 'ask': 12.25, 'mid': 12.12, 'delta': 0.4823625436285006, 'theta': -11.636973805049688, 'gamma': 0.0123080930158891, 'vega': 0.6850987600873157, 'sigma': 0.188375959586052, 'moneyness': 0.03}",0,0
2024-05-02 09:30:00,2,1,1,straddle_component,42325954,SPXW_5085_PE_20240502,50,14.5,trade,"{'detailed': True, 'instrument_type': 'option', 'underlying': 'SPXW', 'strike': 5085, 'expiry': '2024-05-02', 'dividend_rate': 0.015, 'opt_type': 'PE', 'timestamp': '2024-05-02 09:30:00', 'underlying_spot': 5083.25, 'id': 42325954, 'bid': 14.0, 'ask': 14.5, 'mid': 14.25, 'delta': -0.516879967455175, 'theta': -11.886655582720666, 'gamma': 0.0118478650179554, 'vega': 0.6851554163658449, 'sigma': 0.1957094849747184, 'moneyness': -0.03}",0,0
2024-08-15 09:30:00,1,1,1,straddle_component,42356678,SPXW_5535_CE_20240815,50,12.25,trade,"{'detailed': True, 'instrument_type': 'option', 'underlying': 'SPXW', 'strike': 5535, 'expiry': '2024-08-15', 'dividend_rate': 0.015, 'opt_type': 'CE', 'timestamp': '2024-08-15 09:30:00', 'underlying_spot': 5537.25, 'id': 42356678, 'bid': 11.75, 'ask': 12.25, 'mid': 12.0, 'delta': 0.5376387796156123, 'theta': -9.542094478396468, 'gamma': 0.0147171594022665, 'vega': 0.7436771100503003, 'sigma': 0.1441204344913868, 'moneyness': -0.04}",0,0
2024-08-15 09:30:00,2,1,1,straddle_component,42399977,SPXW_5535_PE_20240815,50,14.75,trade,"{'detailed': True, 'instrument_type': 'option', 'underlying': 'SPXW', 'strike': 5535, 'expiry': '2024-08-15', 'dividend_rate': 0.015, 'opt_type': 'PE', 'timestamp': '2024-08-15 09:30:00', 'underlying_spot': 5537.25, 'id': 42399977, 'bid': 14.25, 'ask': 14.75, 'mid': 14.5, 'delta': -0.4733730104843126, 'theta': -13.848879249489997, 'gamma': 0.010134683545715, 'vega': 0.7453515785021949, 'sigma': 0.2097535047865083, 'moneyness': 0.04}",0,0
2024-12-05 09:30:00,1,1,1,straddle_component,42406208,SPXW_6100_CE_20241205,50,7.25,trade,"{'detailed': True, 'instrument_type': 'option', 'underlying': 'SPXW', 'strike': 6100, 'expiry': '2024-12-05', 'dividend_rate': 0.015, 'opt_type': 'CE', 'timestamp': '2024-12-05 09:30:00', 'underlying_spot': 6100.25, 'id': 42406208, 'bid': 7.1, 'ask': 7.25, 'mid': 7.18, 'delta': 0.5121525700916507, 'theta': -6.442618305845269, 'gamma': 0.0228167406568502, 'vega': 0.8225859453509519, 'sigma': 0.0847187463225791, 'moneyness': -0.0}",0,0
2024-12-05 09:30:00,2,1,1,straddle_component,42427753,SPXW_6100_PE_20241205,50,8.65,trade,"{'detailed': True, 'instrument_type': 'option', 'underlying': 'SPXW', 'strike': 6100, 'expiry': '2024-12-05', 'dividend_rate': 0.015, 'opt_type': 'PE', 'timestamp': '2024-12-05 09:30:00', 'underlying_spot': 6100.25, 'id': 42427753, 'bid': 8.5, 'ask': 8.65, 'mid': 8.57, 'delta': -0.4900789399566285, 'theta': -7.822989144090997, 'gamma': 0.0181309770930226, 'vega': 0.8227162700452948, 'sigma': 0.1066299394174664, 'moneyness': 0.0}",0,0
2024-05-30 09:30:00,1,1,1,straddle_component,42423593,SPXW_5270_CE_20240530,50,9.6,trade,"{'detailed': True, 'instrument_type': 'option', 'underlying': 'SPXW', 'strike': 5270, 'expiry': '2024-05-30', 'dividend_rate': 0.015, 'opt_type': 'CE', 'timestamp': '2024-05-30 09:30:00', 'underlying_spot': 5268.75, 'id': 42423593, 'bid': 9.4, 'ask': 9.6, 'mid': 9.5, 'delta': 0.4846822261541206, 'theta': -9.09911627744387, 'gamma': 0.0158274404071789, 'vega': 0.7102696965121158, 'sigma': 0.1413656067847991, 'moneyness': 0.02}",0,0
2024-05-30 09:30:00,2,1,1,straddle_component,42428883,SPXW_5270_PE_20240530,50,10.25,trade,"{'detailed': True, 'instrument_type': 'option', 'underlying': 'SPXW', 'strike': 5270, 'expiry': '2024-05-30', 'dividend_rate': 0.015, 'opt_type': 'PE', 'timestamp': '2024-05-30 09:30:00', 'underlying_spot': 5268.75, 'id': 42428883, 'bid': 10.0, 'ask': 10.25, 'mid': 10.12, 'delta': -0.5162044646707997, 'theta': -8.42542042667669, 'gamma': 0.016643410596373, 'vega': 0.7102066015654858, 'sigma': 0.1344231119361294, 'moneyness': -0.02}",0,0
2024-01-11 09:30:00,1,1,1,straddle_component,42282937,SPXW_4830_CE_20240111,50,9.3,trade,"{'detailed': True, 'instrument_type': 'option', 'underlying': 'SPXW', 'strike': 4830, 'expiry': '2024-01-11', 'dividend_rate': 0.015, 'opt_type': 'CE', 'timestamp': '2024-01-11 09:30:00', 'underlying_spot': 4828.0, 'id': 42282937, 'bid': 9.0, 'ask': 9.3, 'mid': 9.15, 'delta': 0.4726512582431397, 'theta': -8.928421945648134, 'gamma': 0.0157836651482057, 'vega': 0.6497979514329915, 'sigma': 0.1544490049851852, 'moneyness': 0.04}",0,0
2024-01-11 09:30:00,2,1,1,straddle_component,42282949,SPXW_4830_PE_20240111,50,12.25,trade,"{'detailed': True, 'instrument_type': 'option', 'underlying': 'SPXW', 'strike': 4830, 'expiry': '2024-01-11', 'dividend_rate': 0.015, 'opt_type': 'PE', 'timestamp': '2024-01-11 09:30:00', 'underlying_spot': 4828.0, 'id': 42282949, 'bid': 11.75, 'ask': 12.25, 'mid': 12.0, 'delta': -0.5247471487609623, 'theta': -9.631972012409648, 'gamma': 0.0143974583188821, 'vega': 0.6500776187835431, 'sigma': 0.1693918808803207, 'moneyness': -0.04}",0,0
2024-10-03 09:30:00,1,1,1,straddle_component,42447224,SPXW_5745_CE_20241003,50,16.5,trade,"{'detailed': True, 'instrument_type': 'option', 'underlying': 'SPXW', 'strike': 5745, 'expiry': '2024-10-03', 'dividend_rate': 0.015, 'opt_type': 'CE', 'timestamp': '2024-10-03 09:30:00', 'underlying_spot': 5746.5, 'id': 42447224, 'bid': 16.0, 'ask': 16.5, 'mid': 16.25, 'delta': 0.5193245542786329, 'theta': -13.985811425237824, 'gamma': 0.0103114765082068, 'vega': 0.7743373005116991, 'sigma': 0.1988603282256599, 'moneyness': -0.03}",0,0
2024-10-03 09:30:00,2,1,1,straddle_component,42478256,SPXW_5745_PE_20241003,50,16.5,trade,"{'detailed': True, 'instrument_type': 'option', 'underlying': 'SPXW', 'strike': 5745, 'expiry': '2024-10-03', 'dividend_rate': 0.015, 'opt_type': 'PE', 'timestamp': '2024-10-03 09:30:00', 'underlying_spot': 5746.5, 'id': 42478256, 'bid': 16.25, 'ask': 16.5, 'mid': 16.38, 'delta': -0.4823729189174841, 'theta': -15.36099403580286, 'gamma': 0.0092510424920533, 'vega': 0.7744908252867964, 'sigma': 0.2216991558587906, 'moneyness': 0.03}",0,0
2024-01-25 09:30:00,1,1,1,straddle_component,42328577,SPXW_4915_CE_20240125,50,12.0,trade,"{'detailed': True, 'instrument_type': 'option', 'underlying': 'SPXW', 'strike': 4915, 'expiry': '2024-01-25', 'dividend_rate': 0.015, 'opt_type': 'CE', 'timestamp': '2024-01-25 09:30:00', 'underlying_spot': 4912.75, 'id': 42328577, 'bid': 11.5, 'ask': 12.0, 'mid': 11.75, 'delta': 0.4758890008435656, 'theta': -11.397050822572304, 'gamma': 0.0124279959834439, 'vega': 0.6615549950554218, 'sigma': 0.1928689974452375, 'moneyness': 0.05}",0,0
2024-01-25 09:30:00,2,1,1,straddle_component,42328585,SPXW_4915_PE_20240125,50,8.05,trade,"{'detailed': True, 'instrument_type': 'option', 'underlying': 'SPXW', 'strike': 4915, 'expiry': '2024-01-25', 'dividend_rate': 0.015, 'opt_type': 'PE', 'timestamp': '2024-01-25 09:30:00', 'underlying_spot': 4912.75, 'id': 42328585, 'bid': 7.6, 'ask': 8.05, 'mid': 7.82, 'delta': -0.5476663712891572, 'theta': -5.476598602025748, 'gamma': 0.0235613690691138, 'vega': 0.65798530837024, 'sigma': 0.1011910991316875, 'moneyness': -0.05}",0,0
2024-05-23 09:30:00,1,1,1,straddle_component,42416218,SPXW_5355_CE_20240523,50,11.5,trade,"{'detailed': True, 'instrument_type': 'option', 'underlying': 'SPXW', 'strike': 5355, 'expiry': '2024-05-23', 'dividend_rate': 0.015, 'opt_type': 'CE', 'timestamp': '2024-05-23 09:30:00', 'underlying_spot': 5353.25, 'id': 42416218, 'bid': 11.25, 'ask': 11.5, 'mid': 11.38, 'delta': 0.4812056738818349, 'theta': -10.948164776778878, 'gamma': 0.0130693086042299, 'vega': 0.7213916565910967, 'sigma': 0.1684340528102363, 'moneyness': 0.03}",0,0
2024-05-23 09:30:00,2,1,1,straddle_component,42370222,SPXW_5355_PE_20240523,50,9.15,trade,"{'detailed': True, 'instrument_type': 'option', 'underlying': 'SPXW', 'strike': 5355, 'expiry': '2024-05-23', 'dividend_rate': 0.015, 'opt_type': 'PE', 'timestamp': '2024-05-23 09:30:00', 'underlying_spot': 5353.25, 'id': 42370222, 'bid': 9.0, 'ask': 9.15, 'mid': 9.07, 'delta': -0.528635421543644, 'theta': -7.086018998015161, 'gamma': 0.0192633343054637, 'vega': 0.7203200387652311, 'sigma': 0.1141070925705865, 'moneyness': -0.03}",0,0
2024-09-05 09:30:00,1,1,1,straddle_component,42501173,SPXW_5530_CE_20240905,50,17.75,trade,"{'detailed': True, 'instrument_type': 'option', 'underlying': 'SPXW', 'strike': 5530, 'expiry': '2024-09-05', 'dividend_rate': 0.015, 'opt_type': 'CE', 'timestamp': '2024-09-05 09:30:00', 'underlying_spot': 5532.25, 'id': 42501173, 'bid': 17.25, 'ask': 17.75, 'mid': 17.5, 'delta': 0.5257339628389701, 'theta': -14.643888096155466, 'gamma': 0.0097547160038402, 'vega': 0.7447887488871849, 'sigma': 0.2181528269245963, 'moneyness': -0.04}",0,0
2024-09-05 09:30:00,2,1,1,straddle_component,42469773,SPXW_5530_PE_20240905,50,19.25,trade,"{'detailed': True, 'instrument_type': 'option', 'underlying': 'SPXW', 'strike': 5530, 'expiry': '2024-09-05', 'dividend_rate': 0.015, 'opt_type': 'PE', 'timestamp': '2024-09-05 09:30:00', 'underlying_spot': 5532.25, 'id': 42469773, 'bid': 18.75, 'ask': 19.25, 'mid': 19.0, 'delta': -0.4785933906022777, 'theta': -17.984190861130767, 'gamma': 0.0078767715550043, 'vega': 0.7452690072135795, 'sigma': 0.2703374086585474, 'moneyness': 0.04}",0,0
2024-03-28 09:30:00,1,1,1,straddle_component,42380393,SPXW_5310_CE_20240329,50,8.95,trade,"{'detailed': True, 'instrument_type': 'option', 'underlying': 'SPXW', 'strike': 5310, 'expiry': '2024-03-29', 'dividend_rate': 0.015, 'opt_type': 'CE', 'timestamp': '2024-03-28 09:30:00', 'underlying_spot': 5307.75, 'id': 42380393, 'bid': 8.65, 'ask': 8.95, 'mid': 8.8, 'delta': 0.4810105656486207, 'theta': -3.127613409605317, 'gamma': 0.016576251784528, 'vega': 1.5488734720600923, 'sigma': 0.061846986697598, 'moneyness': 0.04}",0,0
2024-03-28 09:30:00,2,1,1,straddle_component,42356405,SPXW_5310_PE_20240329,50,9.25,trade,"{'detailed': True, 'instrument_type': 'option', 'underlying': 'SPXW', 'strike': 5310, 'expiry': '2024-03-29', 'dividend_rate': 0.015, 'opt_type': 'PE', 'timestamp': '2024-03-28 09:30:00', 'underlying_spot': 5307.75, 'id': 42356405, 'bid': 9.0, 'ask': 9.25, 'mid': 9.12, 'delta': -0.522241230273135, 'theta': -2.194957422077749, 'gamma': 0.0191780923763928, 'vega': 1.5481781629186275, 'sigma': 0.0534338456665587, 'moneyness': -0.04}",0,0
2024-09-19 09:30:00,1,1,1,straddle_component,42432230,SPXW_5775_CE_20240919,50,0.65,trade,"{'detailed': True, 'instrument_type': 'option', 'underlying': 'SPXW', 'strike': 5775, 'expiry': '2024-09-19', 'dividend_rate': 0.015, 'opt_type': 'CE', 'timestamp': '2024-09-19 09:30:00', 'underlying_spot': 5774.25, 'id': 42432230, 'bid': 0.55, 'ask': 0.65, 'mid': 0.6, 'delta': 0.408208480773059, 'theta': -0.6395546200926114, 'gamma': 0.1782116469450922, 'vega': 0.7032945031487438, 'sigma': 0.0111595434257152, 'moneyness': 0.01}",0,0
2024-09-19 09:30:00,2,1,1,straddle_component,42465903,SPXW_5775_PE_20240919,50,69.5,trade,"{'detailed': True, 'instrument_type': 'option', 'underlying': 'SPXW', 'strike': 5775, 'expiry': '2024-09-19', 'dividend_rate': 0.015, 'opt_type': 'PE', 'timestamp': '2024-09-19 09:30:00', 'underlying_spot': 5774.25, 'id': 42465903, 'bid': 45.75, 'ask': 69.5, 'mid': 57.62, 'delta': -0.4964422723443107, 'theta': -51.83294744423121, 'gamma': 0.0027764352950043, 'vega': 0.7789617090815675, 'sigma': 0.7358383147055756, 'moneyness': -0.01}",0,0
2024-02-08 09:30:00,1,1,1,straddle_component,42339247,SPXW_5010_CE_20240208,50,11.25,trade,"{'detailed': True, 'instrument_type': 'option', 'underlying': 'SPXW', 'strike': 5010, 'expiry': '2024-02-08', 'dividend_rate': 0.015, 'opt_type': 'CE', 'timestamp': '2024-02-08 09:30:00', 'underlying_spot': 5010.75, 'id': 42339247, 'bid': 11.0, 'ask': 11.25, 'mid': 11.12, 'delta': 0.5153868866487166, 'theta': -9.74972412251172, 'gamma': 0.0148873133021254, 'vega': 0.6754857978801159, 'sigma': 0.1580302534232504, 'moneyness': -0.01}",0,0
2024-02-08 09:30:00,2,1,1,straddle_component,42341026,SPXW_5010_PE_20240208,50,7.8,trade,"{'detailed': True, 'instrument_type': 'option', 'underlying': 'SPXW', 'strike': 5010, 'expiry': '2024-02-08', 'dividend_rate': 0.015, 'opt_type': 'PE', 'timestamp': '2024-02-08 09:30:00', 'underlying_spot': 5010.75, 'id': 42341026, 'bid': 7.7, 'ask': 7.8, 'mid': 7.75, 'delta': -0.4804866038489841, 'theta': -7.261508556254621, 'gamma': 0.0194306300649316, 'vega': 0.6751765053938792, 'sigma': 0.1210243874091443, 'moneyness': 0.01}",0,0
2024-04-25 09:30:00,1,1,1,straddle_component,42402564,SPXW_5040_CE_20240425,50,14.0,trade,"{'detailed': True, 'instrument_type': 'option', 'underlying': 'SPXW', 'strike': 5040, 'expiry': '2024-04-25', 'dividend_rate': 0.015, 'opt_type': 'CE', 'timestamp': '2024-04-25 09:30:00', 'underlying_spot': 5040.0, 'id': 42402564, 'bid': 13.5, 'ask': 14.0, 'mid': 13.75, 'delta': 0.5038307601579639, 'theta': -12.512648837070447, 'gamma': 0.0116274502381941, 'vega': 0.6799050871376062, 'sigma': 0.2013016241097611, 'moneyness': 0.0}",0,0
2024-04-25 09:30:00,2,1,1,straddle_component,42412544,SPXW_5040_PE_20240425,50,14.75,trade,"{'detailed': True, 'instrument_type': 'option', 'underlying': 'SPXW', 'strike': 5040, 'expiry': '2024-04-25', 'dividend_rate': 0.015, 'opt_type': 'PE', 'timestamp': '2024-04-25 09:30:00', 'underlying_spot': 5040.0, 'id': 42412544, 'bid': 14.25, 'ask': 14.75, 'mid': 14.5, 'delta': -0.496231099758937, 'theta': -13.096113021701967, 'gamma': 0.0109278675708424, 'vega': 0.6799060984664393, 'sigma': 0.2141889134566093, 'moneyness': 0.0}",0,0
2024-06-20 09:30:00,1,1,1,straddle_component,42359638,SPXW_5570_CE_20240620,50,0.1,trade,"{'detailed': True, 'instrument_type': 'option', 'underlying': 'SPXW', 'strike': 5570, 'expiry': '2024-06-20', 'dividend_rate': 0.015, 'opt_type': 'CE', 'timestamp': '2024-06-20 09:30:00', 'underlying_spot': 5568.25, 'id': 42359638, 'bid': 0.05, 'ask': 0.1, 'mid': 0.08, 'delta': 0.1292457675020238, 'theta': -0.0866465789986082, 'gamma': 0.1571876819918272, 'vega': 0.3340408781024502, 'sigma': 0.0071184104991248, 'moneyness': 0.03}",0,0
2024-06-20 09:30:00,2,1,1,straddle_component,42391984,SPXW_5570_PE_20240620,50,86.75,trade,"{'detailed': True, 'instrument_type': 'option', 'underlying': 'SPXW', 'strike': 5570, 'expiry': '2024-06-20', 'dividend_rate': 0.015, 'opt_type': 'PE', 'timestamp': '2024-06-20 09:30:00', 'underlying_spot': 5568.25, 'id': 42391984, 'bid': 51.25, 'ask': 86.75, 'mid': 69.0, 'delta': -0.4974129575302299, 'theta': -61.6631666485551, 'gamma': 0.0023340896859735, 'vega': 0.7511858340303448, 'sigma': 0.9076886475812757, 'moneyness': -0.03}",0,0
2024-03-14 09:30:00,1,1,1,straddle_component,42393589,SPXW_5240_CE_20240314,50,0.1,trade,"{'detailed': True, 'instrument_type': 'option', 'underlying': 'SPXW', 'strike': 5240, 'expiry': '2024-03-14', 'dividend_rate': 0.015, 'opt_type': 'CE', 'timestamp': '2024-03-14 09:30:00', 'underlying_spot': 5238.75, 'id': 42393589, 'bid': 0.05, 'ask': 0.1, 'mid': 0.08, 'delta': 0.1614323779251643, 'theta': -0.0885835478748632, 'gamma': 0.2351919716077344, 'vega': 0.3408944522236788, 'sigma': 0.0058736247664562, 'moneyness': 0.02}",0,0
2024-03-14 09:30:00,2,1,1,straddle_component,42393156,SPXW_5240_PE_20240314,50,65.25,trade,"{'detailed': True, 'instrument_type': 'option', 'underlying': 'SPXW', 'strike': 5240, 'expiry': '2024-03-14', 'dividend_rate': 0.015, 'opt_type': 'PE', 'timestamp': '2024-03-14 09:30:00', 'underlying_spot': 5238.75, 'id': 42393156, 'bid': 64.5, 'ask': 65.25, 'mid': 64.88, 'delta': -0.4964080807873472, 'theta': -58.1711333693734, 'gamma': 0.0024746726978719, 'vega': 0.7067207886637377, 'sigma': 0.9099525942946796, 'moneyness': -0.02}",0,0
2024-07-25 09:30:00,1,1,1,straddle_component,42434751,SPXW_5470_CE_20240725,50,18.5,trade,"{'detailed': True, 'instrument_type': 'option', 'underlying': 'SPXW', 'strike': 5470, 'expiry': '2024-07-25', 'dividend_rate': 0.015, 'opt_type': 'CE', 'timestamp': '2024-07-25 09:30:00', 'underlying_spot': 5470.0, 'id': 42434751, 'bid': 17.75, 'ask': 18.5, 'mid': 18.12, 'delta': 0.5036849301429669, 'theta': -16.482645230469117, 'gamma': 0.0088136482645495, 'vega': 0.7379154224062798, 'sigma': 0.2446925578141738, 'moneyness': 0.0}",0,0
2024-07-25 09:30:00,2,1,1,straddle_component,42421948,SPXW_5470_PE_20240725,50,16.5,trade,"{'detailed': True, 'instrument_type': 'option', 'underlying': 'SPXW', 'strike': 5470, 'expiry': '2024-07-25', 'dividend_rate': 0.015, 'opt_type': 'PE', 'timestamp': '2024-07-25 09:30:00', 'underlying_spot': 5470.0, 'id': 42421948, 'bid': 16.0, 'ask': 16.5, 'mid': 16.25, 'delta': -0.4962572645533569, 'theta': -14.678371329547195, 'gamma': 0.0097523551190192, 'vega': 0.7379144189775548, 'sigma': 0.221139528386564, 'moneyness': 0.0}",0,0
2024-03-07 09:30:00,1,1,1,straddle_component,42249773,SPXW_5140_CE_20240307,50,13.0,trade,"{'detailed': True, 'instrument_type': 'option', 'underlying': 'SPXW', 'strike': 5140, 'expiry': '2024-03-07', 'dividend_rate': 0.015, 'opt_type': 'CE', 'timestamp': '2024-03-07 09:30:00', 'underlying_spot': 5140.0, 'id': 42249773, 'bid': 12.5, 'ask': 13.0, 'mid': 12.75, 'delta': 0.5039550639124535, 'theta': -11.607134784509384, 'gamma': 0.0125451656352026, 'vega': 0.6933931436900247, 'sigma': 0.1829453886111262, 'moneyness': 0.0}",0,0
2024-03-07 09:30:00,2,1,1,straddle_component,42297067,SPXW_5140_PE_20240307,50,9.8,trade,"{'detailed': True, 'instrument_type': 'option', 'underlying': 'SPXW', 'strike': 5140, 'expiry': '2024-03-07', 'dividend_rate': 0.015, 'opt_type': 'PE', 'timestamp': '2024-03-07 09:30:00', 'underlying_spot': 5140.0, 'id': 42297067, 'bid': 9.55, 'ask': 9.8, 'mid': 9.68, 'delta': -0.4955083958840589, 'theta': -8.721424559158445, 'gamma': 0.0163401070096824, 'vega': 0.6933831796681176, 'sigma': 0.1404548643802664, 'moneyness': 0.0}",0,0
2024-10-24 09:30:00,1,1,1,straddle_component,42502084,SPXW_5850_CE_20241024,50,16.25,trade,"{'detailed': True, 'instrument_type': 'option', 'underlying': 'SPXW', 'strike': 5850, 'expiry': '2024-10-24', 'dividend_rate': 0.015, 'opt_type': 'CE', 'timestamp': '2024-10-24 09:30:00', 'underlying_spot': 5852.25, 'id': 42502084, 'bid': 16.0, 'ask': 16.25, 'mid': 16.12, 'delta': 0.5279270032524153, 'theta': -13.378727329858588, 'gamma': 0.0106557708079435, 'vega': 0.7875753134612173, 'sigma': 0.1887161188399531, 'moneyness': -0.04}",0,0
2024-10-24 09:30:00,2,1,1,straddle_component,42502656,SPXW_5850_PE_20241024,50,9.45,trade,"{'detailed': True, 'instrument_type': 'option', 'underlying': 'SPXW', 'strike': 5850, 'expiry': '2024-10-24', 'dividend_rate': 0.015, 'opt_type': 'PE', 'timestamp': '2024-10-24 09:30:00', 'underlying_spot': 5852.25, 'id': 42502656, 'bid': 9.25, 'ask': 9.45, 'mid': 9.35, 'delta': -0.4613342814826282, 'theta': -9.062863806425574, 'gamma': 0.01507618208052, 'vega': 0.7857844084220158, 'sigma': 0.1330828363931882, 'moneyness': 0.04}",0,0
2024-06-06 09:30:00,1,1,1,straddle_component,42458104,SPXW_5370_CE_20240606,50,9.0,trade,"{'detailed': True, 'instrument_type': 'option', 'underlying': 'SPXW', 'strike': 5370, 'expiry': '2024-06-06', 'dividend_rate': 0.015, 'opt_type': 'CE', 'timestamp': '2024-06-06 09:30:00', 'underlying_spot': 5367.75, 'id': 42458104, 'bid': 8.8, 'ask': 9.0, 'mid': 8.9, 'delta': 0.4685000451743804, 'theta': -8.73663962418364, 'gamma': 0.0159936595522935, 'vega': 0.7218812726593784, 'sigma': 0.1369889868742276, 'moneyness': 0.04}",0,0
2024-06-06 09:30:00,2,1,1,straddle_component,42455782,SPXW_5370_PE_20240606,50,10.0,trade,"{'detailed': True, 'instrument_type': 'option', 'underlying': 'SPXW', 'strike': 5370, 'expiry': '2024-06-06', 'dividend_rate': 0.015, 'opt_type': 'PE', 'timestamp': '2024-06-06 09:30:00', 'underlying_spot': 5367.75, 'id': 42455782, 'bid': 9.75, 'ask': 10.0, 'mid': 9.88, 'delta': -0.5358259723995396, 'theta': -7.434340051216921, 'gamma': 0.018063842421867, 'vega': 0.7212097970349074, 'sigma': 0.1211780814631242, 'moneyness': -0.04}",0,0
2024-02-15 09:30:00,1,1,1,straddle_component,42281063,SPXW_5020_CE_20240215,50,9.7,trade,"{'detailed': True, 'instrument_type': 'option', 'underlying': 'SPXW', 'strike': 5020, 'expiry': '2024-02-15', 'dividend_rate': 0.015, 'opt_type': 'CE', 'timestamp': '2024-02-15 09:30:00', 'underlying_spot': 5020.75, 'id': 42281063, 'bid': 9.5, 'ask': 9.7, 'mid': 9.6, 'delta': 0.5176259033793151, 'theta': -8.360395843673874, 'gamma': 0.0173647672063737, 'vega': 0.6766750233244583, 'sigma': 0.1351825433341141, 'moneyness': -0.01}",0,0
2024-02-15 09:30:00,2,1,1,straddle_component,42296164,SPXW_5020_PE_20240215,50,11.0,trade,"{'detailed': True, 'instrument_type': 'option', 'underlying': 'SPXW', 'strike': 5020, 'expiry': '2024-02-15', 'dividend_rate': 0.015, 'opt_type': 'PE', 'timestamp': '2024-02-15 09:30:00', 'underlying_spot': 5020.75, 'id': 42296164, 'bid': 10.5, 'ask': 11.0, 'mid': 10.75, 'delta': -0.4852004976576118, 'theta': -9.995631146777487, 'gamma': 0.014221337583109, 'vega': 0.6768718972640526, 'sigma': 0.1651103568850187, 'moneyness': 0.01}",0,0
2024-03-21 09:30:00,1,1,1,straddle_component,42329709,SPXW_5310_CE_20240321,50,12.0,trade,"{'detailed': True, 'instrument_type': 'option', 'underlying': 'SPXW', 'strike': 5310, 'expiry': '2024-03-21', 'dividend_rate': 0.015, 'opt_type': 'CE', 'timestamp': '2024-03-21 09:30:00', 'underlying_spot': 5311.75, 'id': 42329709, 'bid': 11.5, 'ask': 12.0, 'mid': 11.75, 'delta': 0.5301246454717301, 'theta': -9.680953689156649, 'gamma': 0.0147156796614922, 'vega': 0.7145453097016752, 'sigma': 0.1504955606175729, 'moneyness': -0.03}",0,0
2024-03-21 09:30:00,2,1,1,straddle_component,42324281,SPXW_5310_PE_20240321,50,7.0,trade,"{'detailed': True, 'instrument_type': 'option', 'underlying': 'SPXW', 'strike': 5310, 'expiry': '2024-03-21', 'dividend_rate': 0.015, 'opt_type': 'PE', 'timestamp': '2024-03-21 09:30:00', 'underlying_spot': 5311.75, 'id': 42324281, 'bid': 6.7, 'ask': 7.0, 'mid': 6.85, 'delta': -0.4588307824481497, 'theta': -6.645902348831736, 'gamma': 0.0204092006761413, 'vega': 0.7127471338336226, 'sigma': 0.1082425090442384, 'moneyness': 0.03}",0,0
2024-09-12 09:30:00,1,1,1,straddle_component,42378664,SPXW_5560_CE_20240912,50,18.25,trade,"{'detailed': True, 'instrument_type': 'option', 'underlying': 'SPXW', 'strike': 5560, 'expiry': '2024-09-12', 'dividend_rate': 0.015, 'opt_type': 'CE', 'timestamp': '2024-09-12 09:30:00', 'underlying_spot': 5558.25, 'id': 42378664, 'bid': 18.0, 'ask': 18.25, 'mid': 18.12, 'delta': 0.4889554558618059, 'theta': -17.140611004905292, 'gamma': 0.0084100592445679, 'vega': 0.7495645750777022, 'sigma': 0.252277527245135, 'moneyness': 0.03}",0,0
2024-09-12 09:30:00,2,1,1,straddle_component,42439273,SPXW_5560_PE_20240912,50,15.25,trade,"{'detailed': True, 'instrument_type': 'option', 'underlying': 'SPXW', 'strike': 5560, 'expiry': '2024-09-12', 'dividend_rate': 0.015, 'opt_type': 'PE', 'timestamp': '2024-09-12 09:30:00', 'underlying_spot': 5558.25, 'id': 42439273, 'bid': 15.0, 'ask': 15.25, 'mid': 15.12, 'delta': -0.5155689088529591, 'theta': -12.686314161869545, 'gamma': 0.0111185915052658, 'vega': 0.7492796288889769, 'sigma': 0.1907495301158945, 'moneyness': -0.03}",0,0
2024-07-18 09:30:00,1,1,1,straddle_component,42323007,SPXW_5650_CE_20240718,50,14.25,trade,"{'detailed': True, 'instrument_type': 'option', 'underlying': 'SPXW', 'strike': 5650, 'expiry': '2024-07-18', 'dividend_rate': 0.015, 'opt_type': 'CE', 'timestamp': '2024-07-18 09:30:00', 'underlying_spot': 5648.0, 'id': 42323007, 'bid': 14.0, 'ask': 14.25, 'mid': 14.12, 'delta': 0.4826901550002205, 'theta': -13.544523063632711, 'gamma': 0.0105765240832056, 'vega': 0.7612410483560996, 'sigma': 0.1973038193381419, 'moneyness': 0.04}",0,0
2024-07-18 09:30:00,2,1,1,straddle_component,42381827,SPXW_5650_PE_20240718,50,12.75,trade,"{'detailed': True, 'instrument_type': 'option', 'underlying': 'SPXW', 'strike': 5650, 'expiry': '2024-07-18', 'dividend_rate': 0.015, 'opt_type': 'PE', 'timestamp': '2024-07-18 09:30:00', 'underlying_spot': 5648.0, 'id': 42381827, 'bid': 12.5, 'ask': 12.75, 'mid': 12.62, 'delta': -0.5229738334917577, 'theta': -10.205038236348027, 'gamma': 0.013614729699185, 'vega': 0.760690878466967, 'sigma': 0.1531643220190497, 'moneyness': -0.04}",0,0
2024-10-31 09:30:00,1,1,1,straddle_component,42447034,SPXW_5800_CE_20241031,50,19.25,trade,"{'detailed': True, 'instrument_type': 'option', 'underlying': 'SPXW', 'strike': 5800, 'expiry': '2024-10-31', 'dividend_rate': 0.015, 'opt_type': 'CE', 'timestamp': '2024-10-31 09:30:00', 'underlying_spot': 5802.5, 'id': 42447034, 'bid': 18.75, 'ask': 19.25, 'mid': 19.0, 'delta': 0.526257534689023, 'theta': -15.858059298420104, 'gamma': 0.0089976327188878, 'vega': 0.7811047149096435, 'sigma': 0.225474367735439, 'moneyness': -0.04}",0,0
2024-10-31 09:30:00,2,1,1,straddle_component,42447043,SPXW_5800_PE_20241031,50,12.0,trade,"{'detailed': True, 'instrument_type': 'option', 'underlying': 'SPXW', 'strike': 5800, 'expiry': '2024-10-31', 'dividend_rate': 0.015, 'opt_type': 'PE', 'timestamp': '2024-10-31 09:30:00', 'underlying_spot': 5802.5, 'id': 42447043, 'bid': 11.5, 'ask': 12.0, 'mid': 11.75, 'delta': -0.4653949097288112, 'theta': -11.348733463271495, 'gamma': 0.0121656266749425, 'vega': 0.7798470589625861, 'sigma': 0.1664926023099449, 'moneyness': 0.04}",0,0
2024-09-26 09:30:00,1,1,1,straddle_component,42459208,SPXW_5820_CE_20240926,50,13.5,trade,"{'detailed': True, 'instrument_type': 'option', 'underlying': 'SPXW', 'strike': 5820, 'expiry': '2024-09-26', 'dividend_rate': 0.015, 'opt_type': 'CE', 'timestamp': '2024-09-26 09:30:00', 'underlying_spot': 5818.25, 'id': 42459208, 'bid': 13.0, 'ask': 13.5, 'mid': 13.25, 'delta': 0.4841537039819599, 'theta': -12.67849838294995, 'gamma': 0.0113302238702317, 'vega': 0.7843071041128633, 'sigma': 0.1788168979012092, 'moneyness': 0.03}",0,0
2024-09-26 09:30:00,2,1,1,straddle_component,42486374,SPXW_5820_PE_20240926,50,9.05,trade,"{'detailed': True, 'instrument_type': 'option', 'underlying': 'SPXW', 'strike': 5820, 'expiry': '2024-09-26', 'dividend_rate': 0.015, 'opt_type': 'PE', 'timestamp': '2024-09-26 09:30:00', 'underlying_spot': 5818.25, 'id': 42486374, 'bid': 8.85, 'ask': 9.05, 'mid': 8.95, 'delta': -0.5287542180987259, 'theta': -6.964272670428881, 'gamma': 0.0195452984996791, 'vega': 0.7828688039555045, 'sigma': 0.1034707361725608, 'moneyness': -0.03}",0,0
2024-06-27 09:30:00,1,1,1,straddle_component,42443987,SPXW_5540_CE_20240627,50,8.8,trade,"{'detailed': True, 'instrument_type': 'option', 'underlying': 'SPXW', 'strike': 5540, 'expiry': '2024-06-27', 'dividend_rate': 0.015, 'opt_type': 'CE', 'timestamp': '2024-06-27 09:30:00', 'underlying_spot': 5541.75, 'id': 42443987, 'bid': 8.45, 'ask': 8.8, 'mid': 8.62, 'delta': 0.541918254666296, 'theta': -6.768696702783084, 'gamma': 0.0207032145560503, 'vega': 0.7434573608303578, 'sigma': 0.1022565989505123, 'moneyness': -0.03}",0,0
2024-06-27 09:30:00,2,1,1,straddle_component,42413618,SPXW_5540_PE_20240627,50,9.7,trade,"{'detailed': True, 'instrument_type': 'option', 'underlying': 'SPXW', 'strike': 5540, 'expiry': '2024-06-27', 'dividend_rate': 0.015, 'opt_type': 'PE', 'timestamp': '2024-06-27 09:30:00', 'underlying_spot': 5541.75, 'id': 42413618, 'bid': 9.45, 'ask': 9.7, 'mid': 9.57, 'delta': -0.468993527371353, 'theta': -9.186234447381771, 'gamma': 0.0151200332609846, 'vega': 0.7453565560726325, 'sigma': 0.1403680572545939, 'moneyness': 0.03}",0,0
2024-06-13 09:30:00,1,1,1,straddle_component,42249697,SPXW_5440_CE_20240613,50,13.25,trade,"{'detailed': True, 'instrument_type': 'option', 'underlying': 'SPXW', 'strike': 5440, 'expiry': '2024-06-13', 'dividend_rate': 0.015, 'opt_type': 'CE', 'timestamp': '2024-06-13 09:30:00', 'underlying_spot': 5441.0, 'id': 42249697, 'bid': 12.5, 'ask': 13.25, 'mid': 12.88, 'delta': 0.517036494242884, 'theta': -11.203307328105474, 'gamma': 0.0129275723104171, 'vega': 0.7333630910285533, 'sigma': 0.1675677295296529, 'moneyness': -0.02}",0,0
2024-06-13 09:30:00,2,1,1,straddle_component,42249524,SPXW_5440_PE_20240613,50,8.75,trade,"{'detailed': True, 'instrument_type': 'option', 'underlying': 'SPXW', 'strike': 5440, 'expiry': '2024-06-13', 'dividend_rate': 0.015, 'opt_type': 'PE', 'timestamp': '2024-06-13 09:30:00', 'underlying_spot': 5441.0, 'id': 42249524, 'bid': 8.3, 'ask': 8.75, 'mid': 8.52, 'delta': -0.4776299381849647, 'theta': -8.039681717218915, 'gamma': 0.0174949076914288, 'vega': 0.7328732760934695, 'sigma': 0.1237395309580808, 'moneyness': 0.02}",0,0
2024-02-29 09:30:00,1,1,1,straddle_component,42147265,SPXW_5100_CE_20240229,50,11.5,trade,"{'detailed': True, 'instrument_type': 'option', 'underlying': 'SPXW', 'strike': 5100, 'expiry': '2024-02-29', 'dividend_rate': 0.015, 'opt_type': 'CE', 'timestamp': '2024-02-29 09:30:00', 'underlying_spot': 5099.0, 'id': 42147265, 'bid': 11.0, 'ask': 11.5, 'mid': 11.25, 'delta': 0.4904533252597431, 'theta': -10.627766428362106, 'gamma': 0.0136221809299286, 'vega': 0.6876982113338652, 'sigma': 0.1697955134377328, 'moneyness': 0.02}",0,0
2024-02-29 09:30:00,2,1,1,straddle_component,42170617,SPXW_5100_PE_20240229,50,13.5,trade,"{'detailed': True, 'instrument_type': 'option', 'underlying': 'SPXW', 'strike': 5100, 'expiry': '2024-02-29', 'dividend_rate': 0.015, 'opt_type': 'PE', 'timestamp': '2024-02-29 09:30:00', 'underlying_spot': 5099.0, 'id': 42170617, 'bid': 13.0, 'ask': 13.5, 'mid': 13.25, 'delta': -0.5084945170519717, 'theta': -11.442978797056645, 'gamma': 0.0124231152298648, 'vega': 0.6877395024447148, 'sigma': 0.186195098500454, 'moneyness': -0.02}",0,0
2024-01-04 09:30:00,1,1,1,straddle_component,42278695,SPXW_4740_CE_20240104,50,9.35,trade,"{'detailed': True, 'instrument_type': 'option', 'underlying': 'SPXW', 'strike': 4740, 'expiry': '2024-01-04', 'dividend_rate': 0.015, 'opt_type': 'CE', 'timestamp': '2024-01-04 09:30:00', 'underlying_spot': 4741.0, 'id': 42278695, 'bid': 9.05, 'ask': 9.35, 'mid': 9.2, 'delta': 0.5230300672081079, 'theta': -7.8376540371656755, 'gamma': 0.0184107000400501, 'vega': 0.6385275157641397, 'sigma': 0.1349328634652855, 'moneyness': -0.02}",0,0
2024-01-04 09:30:00,2,1,1,straddle_component,42279564,SPXW_4740_PE_20240104,50,9.9,trade,"{'detailed': True, 'instrument_type': 'option', 'underlying': 'SPXW', 'strike': 4740, 'expiry': '2024-01-04', 'dividend_rate': 0.015, 'opt_type': 'PE', 'timestamp': '2024-01-04 09:30:00', 'underlying_spot': 4741.0, 'id': 42279564, 'bid': 9.6, 'ask': 9.9, 'mid': 9.75, 'delta': -0.4803786606397686, 'theta': -9.16683471683645, 'gamma': 0.0154316291123279, 'vega': 0.6388225434224761, 'sigma': 0.1610553041819852, 'moneyness': 0.02}",0,0
2024-10-10 09:30:00,1,1,1,straddle_component,42486568,SPXW_5820_CE_20241010,50,18.5,trade,"{'detailed': True, 'instrument_type': 'option', 'underlying': 'SPXW', 'strike': 5820, 'expiry': '2024-10-10', 'dividend_rate': 0.015, 'opt_type': 'CE', 'timestamp': '2024-10-10 09:30:00', 'underlying_spot': 5822.5, 'id': 42486568, 'bid': 18.0, 'ask': 18.5, 'mid': 18.25, 'delta': 0.5272947980214937, 'theta': -15.166401990969137, 'gamma': 0.0093963241809547, 'vega': 0.7836592476221913, 'sigma': 0.2151280613174675, 'moneyness': -0.04}",0,0
2024-10-10 09:30:00,2,1,1,straddle_component,42430591,SPXW_5820_PE_20241010,50,13.0,trade,"{'detailed': True, 'instrument_type': 'option', 'underlying': 'SPXW', 'strike': 5820, 'expiry': '2024-10-10', 'dividend_rate': 0.015, 'opt_type': 'PE', 'timestamp': '2024-10-10 09:30:00', 'underlying_spot': 5822.5, 'id': 42430591, 'bid': 12.5, 'ask': 13.0, 'mid': 12.75, 'delta': -0.4676917822572513, 'theta': -12.279636716606316, 'gamma': 0.0113013468983069, 'vega': 0.7829172467848302, 'sigma': 0.1786963050165595, 'moneyness': 0.04}",0,0
2024-11-07 09:30:00,1,1,1,straddle_component,42507212,SPXW_5980_CE_20241107,50,16.5,trade,"{'detailed': True, 'instrument_type': 'option', 'underlying': 'SPXW', 'strike': 5980, 'expiry': '2024-11-07', 'dividend_rate': 0.015, 'opt_type': 'CE', 'timestamp': '2024-11-07 09:30:00', 'underlying_spot': 5979.75, 'id': 42507212, 'bid': 16.0, 'ask': 16.5, 'mid': 16.25, 'delta': 0.5013857291025658, 'theta': -14.897751443726529, 'gamma': 0.0097638981344516, 'vega': 0.8067114197473977, 'sigma': 0.2020567213056371, 'moneyness': 0.0}",0,0
2024-11-07 09:30:00,2,1,1,straddle_component,42505904,SPXW_5980_PE_20241107,50,19.5,trade,"{'detailed': True, 'instrument_type': 'option', 'underlying': 'SPXW', 'strike': 5980, 'expiry': '2024-11-07', 'dividend_rate': 0.015, 'opt_type': 'PE', 'timestamp': '2024-11-07 09:30:00', 'underlying_spot': 5979.75, 'id': 42505904, 'bid': 19.0, 'ask': 19.5, 'mid': 19.25, 'delta': -0.4983752433034283, 'theta': -17.276726564003088, 'gamma': 0.0082892222508235, 'vega': 0.8067095960363702, 'sigma': 0.2380026236971878, 'moneyness': -0.0}",0,0
2024-03-22 09:30:00,1,1,1,straddle_component,42378415,SPXW_5300_CE_20240322,50,10.0,trade,"{'detailed': True, 'instrument_type': 'option', 'underlying': 'SPXW', 'strike': 5300, 'expiry': '2024-03-22', 'dividend_rate': 0.015, 'opt_type': 'CE', 'timestamp': '2024-03-22 09:30:00', 'underlying_spot': 5300.75, 'id': 42378415, 'bid': 9.9, 'ask': 10.0, 'mid': 9.95, 'delta': 0.5171988003858985, 'theta': -8.682218318198736, 'gamma': 0.0167321617894344, 'vega': 0.7144456939632882, 'sigma': 0.1328890706004034, 'moneyness': -0.01}",0,0
2024-03-22 09:30:00,2,1,1,straddle_component,42378433,SPXW_5300_PE_20240322,50,8.45,trade,"{'detailed': True, 'instrument_type': 'option', 'underlying': 'SPXW', 'strike': 5300, 'expiry': '2024-03-22', 'dividend_rate': 0.015, 'opt_type': 'PE', 'timestamp': '2024-03-22 09:30:00', 'underlying_spot': 5300.75, 'id': 42378433, 'bid': 8.4, 'ask': 8.45, 'mid': 8.43, 'delta': -0.481679797873813, 'theta': -7.874891184358497, 'gamma': 0.0179438550595989, 'vega': 0.7143550785779005, 'sigma': 0.1238999525196774, 'moneyness': 0.01}",0,0
2024-08-02 09:30:00,1,1,1,straddle_component,42471883,SPXW_5405_CE_20240802,50,26.0,trade,"{'detailed': True, 'instrument_type': 'option', 'underlying': 'SPXW', 'strike': 5405, 'expiry': '2024-08-02', 'dividend_rate': 0.015, 'opt_type': 'CE', 'timestamp': '2024-08-02 09:30:00', 'underlying_spot': 5403.25, 'id': 42471883, 'bid': 25.5, 'ask': 26.0, 'mid': 25.75, 'delta': 0.4933335060139043, 'theta': -24.089592566061807, 'gamma': 0.0059945658037463, 'vega': 0.7288398872958837, 'sigma': 0.3641737829500434, 'moneyness': 0.03}",0,0
2024-08-02 09:30:00,2,1,1,straddle_component,42471896,SPXW_5405_PE_20240802,50,27.5,trade,"{'detailed': True, 'instrument_type': 'option', 'underlying': 'SPXW', 'strike': 5405, 'expiry': '2024-08-02', 'dividend_rate': 0.015, 'opt_type': 'PE', 'timestamp': '2024-08-02 09:30:00', 'underlying_spot': 5403.25, 'id': 42471896, 'bid': 26.75, 'ask': 27.5, 'mid': 27.12, 'delta': -0.5067717709131614, 'theta': -23.64543441096284, 'gamma': 0.0060491505848858, 'vega': 0.7288366420237082, 'sigma': 0.3608860521555793, 'moneyness': -0.03}",0,0
2024-02-09 09:30:00,1,1,1,straddle_component,42331233,SPXW_5020_CE_20240209,50,9.85,trade,"{'detailed': True, 'instrument_type': 'option', 'underlying': 'SPXW', 'strike': 5020, 'expiry': '2024-02-09', 'dividend_rate': 0.015, 'opt_type': 'CE', 'timestamp': '2024-02-09 09:30:00', 'underlying_spot': 5017.75, 'id': 42331233, 'bid': 9.75, 'ask': 9.85, 'mid': 9.8, 'delta': 0.4711490149405861, 'theta': -9.578786501915706, 'gamma': 0.014661517795389, 'vega': 0.675156352454672, 'sigma': 0.159939889240378, 'moneyness': 0.04}",0,0
2024-02-09 09:30:00,2,1,1,straddle_component,42330638,SPXW_5020_PE_20240209,50,9.95,trade,"{'detailed': True, 'instrument_type': 'option', 'underlying': 'SPXW', 'strike': 5020, 'expiry': '2024-02-09', 'dividend_rate': 0.015, 'opt_type': 'PE', 'timestamp': '2024-02-09 09:30:00', 'underlying_spot': 5017.75, 'id': 42330638, 'bid': 9.75, 'ask': 9.95, 'mid': 9.85, 'delta': -0.5361645300323126, 'theta': -7.413959575513745, 'gamma': 0.0181243727759294, 'vega': 0.674133953937015, 'sigma': 0.1291876637229993, 'moneyness': -0.04}",0,0
2024-03-08 09:30:00,1,1,1,straddle_component,42371242,SPXW_5165_CE_20240308,50,12.75,trade,"{'detailed': True, 'instrument_type': 'option', 'underlying': 'SPXW', 'strike': 5165, 'expiry': '2024-03-08', 'dividend_rate': 0.015, 'opt_type': 'CE', 'timestamp': '2024-03-08 09:30:00', 'underlying_spot': 5166.75, 'id': 42371242, 'bid': 12.5, 'ask': 12.75, 'mid': 12.62, 'delta': 0.5279643717615023, 'theta': -10.48866936219998, 'gamma': 0.0136119138183232, 'vega': 0.6953172776706493, 'sigma': 0.1673311575279765, 'moneyness': -0.03}",0,0
2024-03-08 09:30:00,2,1,1,straddle_component,42371243,SPXW_5165_PE_20240308,50,10.0,trade,"{'detailed': True, 'instrument_type': 'option', 'underlying': 'SPXW', 'strike': 5165, 'expiry': '2024-03-08', 'dividend_rate': 0.015, 'opt_type': 'PE', 'timestamp': '2024-03-08 09:30:00', 'underlying_spot': 5166.75, 'id': 42371243, 'bid': 9.8, 'ask': 10.0, 'mid': 9.9, 'delta': -0.4700178400603327, 'theta': -9.490642161960627, 'gamma': 0.0146734007877569, 'vega': 0.6950590249267403, 'sigma': 0.155169065709981, 'moneyness': 0.03}",0,0
2024-10-25 09:30:00,1,1,1,straddle_component,42486788,SPXW_5880_CE_20241025,50,6.25,trade,"{'detailed': True, 'instrument_type': 'option', 'underlying': 'SPXW', 'strike': 5880, 'expiry': '2024-10-25', 'dividend_rate': 0.015, 'opt_type': 'CE', 'timestamp': '2024-10-25 09:30:00', 'underlying_spot': 5878.25, 'id': 42486788, 'bid': 6.05, 'ask': 6.25, 'mid': 6.15, 'delta': 0.4660968463196635, 'theta': -6.080433590889746, 'gamma': 0.0229127704631793, 'vega': 0.7901184912729393, 'sigma': 0.0872739493282219, 'moneyness': 0.03}",0,0
2024-10-25 09:30:00,2,1,1,straddle_component,42489007,SPXW_5880_PE_20241025,50,16.25,trade,"{'detailed': True, 'instrument_type': 'option', 'underlying': 'SPXW', 'strike': 5880, 'expiry': '2024-10-25', 'dividend_rate': 0.015, 'opt_type': 'PE', 'timestamp': '2024-10-25 09:30:00', 'underlying_spot': 5878.25, 'id': 42489007, 'bid': 15.75, 'ask': 16.25, 'mid': 16.0, 'delta': -0.5144463695494927, 'theta': -13.48626932026086, 'gamma': 0.010475294534018, 'vega': 0.7925014380686282, 'sigma': 0.191462253223399, 'moneyness': -0.03}",0,0
2024-07-19 09:30:00,1,1,1,straddle_component,42393678,SPXW_5585_CE_20240719,50,20.0,trade,"{'detailed': True, 'instrument_type': 'option', 'underlying': 'SPXW', 'strike': 5585, 'expiry': '2024-07-19', 'dividend_rate': 0.015, 'opt_type': 'CE', 'timestamp': '2024-07-19 09:30:00', 'underlying_spot': 5586.75, 'id': 42393678, 'bid': 19.75, 'ask': 20.0, 'mid': 19.88, 'delta': 0.5183942253280449, 'theta': -17.14341539822633, 'gamma': 0.0084036618019922, 'vega': 0.7528950972312458, 'sigma': 0.251011072113501, 'moneyness': -0.03}",0,0
2024-07-19 09:30:00,2,1,1,straddle_component,42393671,SPXW_5585_PE_20240719,50,14.25,trade,"{'detailed': True, 'instrument_type': 'option', 'underlying': 'SPXW', 'strike': 5585, 'expiry': '2024-07-19', 'dividend_rate': 0.015, 'opt_type': 'PE', 'timestamp': '2024-07-19 09:30:00', 'underlying_spot': 5586.75, 'id': 42393671, 'bid': 14.0, 'ask': 14.25, 'mid': 14.12, 'delta': -0.4776674932729818, 'theta': -13.37762023098893, 'gamma': 0.0105557958463009, 'vega': 0.7525135818378343, 'sigma': 0.1997336195348844, 'moneyness': 0.03}",0,0
2024-09-20 09:30:00,1,1,1,straddle_component,42484173,SPXW_5760_CE_20240920,50,17.0,trade,"{'detailed': True, 'instrument_type': 'option', 'underlying': 'SPXW', 'strike': 5760, 'expiry': '2024-09-20', 'dividend_rate': 0.015, 'opt_type': 'CE', 'timestamp': '2024-09-20 09:30:00', 'underlying_spot': 5760.5, 'id': 42484173, 'bid': 16.5, 'ask': 17.0, 'mid': 16.75, 'delta': 0.508624712222705, 'theta': -15.000022357794258, 'gamma': 0.0096862928344876, 'vega': 0.7769558012960207, 'sigma': 0.2113795912586312, 'moneyness': -0.01}",0,0
2024-09-20 09:30:00,2,1,1,straddle_component,42439545,SPXW_5760_PE_20240920,50,16.25,trade,"{'detailed': True, 'instrument_type': 'option', 'underlying': 'SPXW', 'strike': 5760, 'expiry': '2024-09-20', 'dividend_rate': 0.015, 'opt_type': 'PE', 'timestamp': '2024-09-20 09:30:00', 'underlying_spot': 5760.5, 'id': 42439545, 'bid': 15.75, 'ask': 16.25, 'mid': 16.0, 'delta': -0.4913378163992732, 'theta': -14.66314796637501, 'gamma': 0.0097490520190035, 'vega': 0.7769542122523134, 'sigma': 0.2100184140179398, 'moneyness': 0.01}",0,0
2024-05-10 09:30:00,1,1,1,straddle_component,42335928,SPXW_5250_CE_20240510,50,9.65,trade,"{'detailed': True, 'instrument_type': 'option', 'underlying': 'SPXW', 'strike': 5250, 'expiry': '2024-05-10', 'dividend_rate': 0.015, 'opt_type': 'CE', 'timestamp': '2024-05-10 09:30:00', 'underlying_spot': 5251.0, 'id': 42335928, 'bid': 9.55, 'ask': 9.65, 'mid': 9.6, 'delta': 0.5223936679541019, 'theta': -8.209276675021483, 'gamma': 0.0176088248871053, 'vega': 0.7072793360336931, 'sigma': 0.1273869303210574, 'moneyness': -0.02}",0,0
2024-05-10 09:30:00,2,1,1,straddle_component,42330489,SPXW_5250_PE_20240510,50,7.75,trade,"{'detailed': True, 'instrument_type': 'option', 'underlying': 'SPXW', 'strike': 5250, 'expiry': '2024-05-10', 'dividend_rate': 0.015, 'opt_type': 'PE', 'timestamp': '2024-05-10 09:30:00', 'underlying_spot': 5251.0, 'id': 42330489, 'bid': 7.7, 'ask': 7.75, 'mid': 7.72, 'delta': -0.4757425811733107, 'theta': -7.307918488501987, 'gamma': 0.0191872998733799, 'vega': 0.7070830919042073, 'sigma': 0.1168752349791428, 'moneyness': 0.02}",0,0
2024-07-26 09:30:00,1,1,1,straddle_component,42409726,SPXW_5470_CE_20240726,50,23.25,trade,"{'detailed': True, 'instrument_type': 'option', 'underlying': 'SPXW', 'strike': 5470, 'expiry': '2024-07-26', 'dividend_rate': 0.015, 'opt_type': 'CE', 'timestamp': '2024-07-26 09:30:00', 'underlying_spot': 5472.25, 'id': 42409726, 'bid': 22.5, 'ask': 23.25, 'mid': 22.88, 'delta': 0.5201989316088174, 'theta': -19.576133720587016, 'gamma': 0.0073364883235171, 'vega': 0.7373031055630666, 'sigma': 0.2934747132766553, 'moneyness': -0.04}",0,0
2024-07-26 09:30:00,2,1,1,straddle_component,42460631,SPXW_5470_PE_20240726,50,14.75,trade,"{'detailed': True, 'instrument_type': 'option', 'underlying': 'SPXW', 'strike': 5470, 'expiry': '2024-07-26', 'dividend_rate': 0.015, 'opt_type': 'PE', 'timestamp': '2024-07-26 09:30:00', 'underlying_spot': 5472.25, 'id': 42460631, 'bid': 14.25, 'ask': 14.75, 'mid': 14.5, 'delta': -0.4733828679396978, 'theta': -13.849460762277856, 'gamma': 0.0101351715287023, 'vega': 0.7366034387887304, 'sigma': 0.2122349914186561, 'moneyness': 0.04}",0,0
2024-09-06 09:30:00,1,1,1,straddle_component,42452169,SPXW_5525_CE_20240906,50,15.25,trade,"{'detailed': True, 'instrument_type': 'option', 'underlying': 'SPXW', 'strike': 5525, 'expiry': '2024-09-06', 'dividend_rate': 0.015, 'opt_type': 'CE', 'timestamp': '2024-09-06 09:30:00', 'underlying_spot': 5525.0, 'id': 42452169, 'bid': 15.0, 'ask': 15.25, 'mid': 15.12, 'delta': 0.5038269372731108, 'theta': -13.76373065806446, 'gamma': 0.0105702365615911, 'vega': 0.7453325306315994, 'sigma': 0.201997087097449, 'moneyness': 0.0}",0,0
2024-09-06 09:30:00,2,1,1,straddle_component,42468554,SPXW_5525_PE_20240906,50,25.5,trade,"{'detailed': True, 'instrument_type': 'option', 'underlying': 'SPXW', 'strike': 5525, 'expiry': '2024-09-06', 'dividend_rate': 0.015, 'opt_type': 'PE', 'timestamp': '2024-09-06 09:30:00', 'underlying_spot': 5525.0, 'id': 42468554, 'bid': 24.75, 'ask': 25.5, 'mid': 25.12, 'delta': -0.4962472457435751, 'theta': -22.722899506140177, 'gamma': 0.0063166385899648, 'vega': 0.7453338778092142, 'sigma': 0.3380215423326691, 'moneyness': 0.0}",0,0
2024-11-08 09:30:00,1,1,1,straddle_component,42486994,SPXW_6010_CE_20241108,50,8.0,trade,"{'detailed': True, 'instrument_type': 'option', 'underlying': 'SPXW', 'strike': 6010, 'expiry': '2024-11-08', 'dividend_rate': 0.015, 'opt_type': 'CE', 'timestamp': '2024-11-08 09:30:00', 'underlying_spot': 6008.75, 'id': 42486994, 'bid': 7.8, 'ask': 8.0, 'mid': 7.9, 'delta': 0.4819154293542738, 'theta': -7.632340275567726, 'gamma': 0.0188429437564252, 'vega': 0.809787221559167, 'sigma': 0.1040885383552891, 'moneyness': 0.02}",0,0
2024-11-08 09:30:00,2,1,1,straddle_component,42401718,SPXW_6010_PE_20241108,50,13.5,trade,"{'detailed': True, 'instrument_type': 'option', 'underlying': 'SPXW', 'strike': 6010, 'expiry': '2024-11-08', 'dividend_rate': 0.015, 'opt_type': 'PE', 'timestamp': '2024-11-08 09:30:00', 'underlying_spot': 6008.75, 'id': 42401718, 'bid': 13.0, 'ask': 13.5, 'mid': 13.25, 'delta': -0.5114361853822302, 'theta': -11.283481492748017, 'gamma': 0.0125348702795236, 'vega': 0.8102939002977356, 'sigma': 0.1565668660515134, 'moneyness': -0.02}",0,0
2024-09-13 09:30:00,1,1,1,straddle_component,42375088,SPXW_5605_CE_20240913,50,17.75,trade,"{'detailed': True, 'instrument_type': 'option', 'underlying': 'SPXW', 'strike': 5605, 'expiry': '2024-09-13', 'dividend_rate': 0.015, 'opt_type': 'CE', 'timestamp': '2024-09-13 09:30:00', 'underlying_spot': 5606.25, 'id': 42375088, 'bid': 17.0, 'ask': 17.75, 'mid': 17.38, 'delta': 0.5156745790607431, 'theta': -15.160198714309976, 'gamma': 0.0095382981868397, 'vega': 0.7557432931969554, 'sigma': 0.2204465526342529, 'moneyness': -0.02}",0,0
2024-09-13 09:30:00,2,1,1,straddle_component,42404133,SPXW_5605_PE_20240913,50,14.5,trade,"{'detailed': True, 'instrument_type': 'option', 'underlying': 'SPXW', 'strike': 5605, 'expiry': '2024-09-13', 'dividend_rate': 0.015, 'opt_type': 'PE', 'timestamp': '2024-09-13 09:30:00', 'underlying_spot': 5606.25, 'id': 42404133, 'bid': 14.25, 'ask': 14.5, 'mid': 14.38, 'delta': -0.4829524653643169, 'theta': -13.45853218057782, 'gamma': 0.0105569193387111, 'vega': 0.7556360210774464, 'sigma': 0.1991478685878178, 'moneyness': 0.02}",0,0
2024-05-24 09:30:00,1,1,1,straddle_component,42356507,SPXW_5305_CE_20240524,50,8.45,trade,"{'detailed': True, 'instrument_type': 'option', 'underlying': 'SPXW', 'strike': 5305, 'expiry': '2024-05-24', 'dividend_rate': 0.015, 'opt_type': 'CE', 'timestamp': '2024-05-24 09:30:00', 'underlying_spot': 5302.75, 'id': 42356507, 'bid': 8.4, 'ask': 8.45, 'mid': 8.43, 'delta': 0.4667901667835039, 'theta': -8.2882213298003, 'gamma': 0.0167938863171457, 'vega': 0.7128884005163991, 'sigma': 0.1320145462105436, 'moneyness': 0.04}",0,0
2024-05-24 09:30:00,2,1,1,straddle_component,42422900,SPXW_5305_PE_20240524,50,9.9,trade,"{'detailed': True, 'instrument_type': 'option', 'underlying': 'SPXW', 'strike': 5305, 'expiry': '2024-05-24', 'dividend_rate': 0.015, 'opt_type': 'PE', 'timestamp': '2024-05-24 09:30:00', 'underlying_spot': 5302.75, 'id': 42422900, 'bid': 9.75, 'ask': 9.9, 'mid': 9.82, 'delta': -0.5360846813335485, 'theta': -7.387516682168766, 'gamma': 0.0181686376166112, 'vega': 0.7124345107758625, 'sigma': 0.1219487782195652, 'moneyness': -0.04}",0,0
2024-01-05 09:30:00,1,1,1,straddle_component,42250306,SPXW_4730_CE_20240105,50,9.85,trade,"{'detailed': True, 'instrument_type': 'option', 'underlying': 'SPXW', 'strike': 4730, 'expiry': '2024-01-05', 'dividend_rate': 0.015, 'opt_type': 'CE', 'timestamp': '2024-01-05 09:30:00', 'underlying_spot': 4729.5, 'id': 42250306, 'bid': 9.65, 'ask': 9.85, 'mid': 9.75, 'delta': 0.4962406262397856, 'theta': -9.088648008472331, 'gamma': 0.0160118464442859, 'vega': 0.638019001841605, 'sigma': 0.1557781231423367, 'moneyness': 0.01}",0,0
2024-01-05 09:30:00,2,1,1,straddle_component,42258420,SPXW_4730_PE_20240105,50,11.0,trade,"{'detailed': True, 'instrument_type': 'option', 'underlying': 'SPXW', 'strike': 4730, 'expiry': '2024-01-05', 'dividend_rate': 0.015, 'opt_type': 'PE', 'timestamp': '2024-01-05 09:30:00', 'underlying_spot': 4729.5, 'id': 42258420, 'bid': 10.75, 'ask': 11.0, 'mid': 10.88, 'delta': -0.5033459947195951, 'theta': -9.566235232868038, 'gamma': 0.0148975627212166, 'vega': 0.6380249376947251, 'sigma': 0.1674313100952149, 'moneyness': -0.01}",0,0
2024-08-30 09:30:00,1,1,1,straddle_component,42412236,SPXW_5630_CE_20240830,50,14.75,trade,"{'detailed': True, 'instrument_type': 'option', 'underlying': 'SPXW', 'strike': 5630, 'expiry': '2024-08-30', 'dividend_rate': 0.015, 'opt_type': 'CE', 'timestamp': '2024-08-30 09:30:00', 'underlying_spot': 5631.5, 'id': 42412236, 'bid': 14.25, 'ask': 14.75, 'mid': 14.5, 'delta': 0.5214417882342559, 'theta': -12.383497028400626, 'gamma': 0.0116291613494468, 'vega': 0.758633955890204, 'sigma': 0.1798797162784524, 'moneyness': -0.03}",0,0
2024-08-30 09:30:00,2,1,1,straddle_component,42412533,SPXW_5630_PE_20240830,50,14.0,trade,"{'detailed': True, 'instrument_type': 'option', 'underlying': 'SPXW', 'strike': 5630, 'expiry': '2024-08-30', 'dividend_rate': 0.015, 'opt_type': 'PE', 'timestamp': '2024-08-30 09:30:00', 'underlying_spot': 5631.5, 'id': 42412533, 'bid': 13.5, 'ask': 14.0, 'mid': 13.75, 'delta': -0.4797175846995571, 'theta': -12.96363851440542, 'gamma': 0.010918226784895, 'vega': 0.7587501423681768, 'sigma': 0.1916216672471613, 'moneyness': 0.03}",0,0
2024-05-31 09:30:00,1,1,1,straddle_component,42410830,SPXW_5260_CE_20240531,50,12.75,trade,"{'detailed': True, 'instrument_type': 'option', 'underlying': 'SPXW', 'strike': 5260, 'expiry': '2024-05-31', 'dividend_rate': 0.015, 'opt_type': 'CE', 'timestamp': '2024-05-31 09:30:00', 'underlying_spot': 5259.0, 'id': 42410830, 'bid': 12.5, 'ask': 12.75, 'mid': 12.62, 'delta': 0.4917561534091952, 'theta': -11.88317111207305, 'gamma': 0.0121897203975152, 'vega': 0.7093292467703511, 'sigma': 0.1839893460484904, 'moneyness': 0.02}",0,0
2024-05-31 09:30:00,2,1,1,straddle_component,42380433,SPXW_5260_PE_20240531,50,12.0,trade,"{'detailed': True, 'instrument_type': 'option', 'underlying': 'SPXW', 'strike': 5260, 'expiry': '2024-05-31', 'dividend_rate': 0.015, 'opt_type': 'PE', 'timestamp': '2024-05-31 09:30:00', 'underlying_spot': 5259.0, 'id': 42380433, 'bid': 11.75, 'ask': 12.0, 'mid': 11.88, 'delta': -0.5097402135934459, 'theta': -10.18723871825837, 'gamma': 0.0139142106547751, 'vega': 0.7092688447497464, 'sigma': 0.1611725646946905, 'moneyness': -0.02}",0,0
2024-04-19 09:30:00,1,1,1,straddle_component,42381043,SPXW_5040_CE_20240419,50,20.25,trade,"{'detailed': True, 'instrument_type': 'option', 'underlying': 'SPXW', 'strike': 5040, 'expiry': '2024-04-19', 'dividend_rate': 0.015, 'opt_type': 'CE', 'timestamp': '2024-04-19 09:30:00', 'underlying_spot': 5042.0, 'id': 42381043, 'bid': 20.0, 'ask': 20.25, 'mid': 20.12, 'delta': 0.5203725001901915, 'theta': -17.212080532659485, 'gamma': 0.0083448124144069, 'vega': 0.6793182488290785, 'sigma': 0.2800243912412723, 'moneyness': -0.04}",0,0
2024-04-19 09:30:00,2,1,1,straddle_component,42386215,SPXW_5040_PE_20240419,50,15.75,trade,"{'detailed': True, 'instrument_type': 'option', 'underlying': 'SPXW', 'strike': 5040, 'expiry': '2024-04-19', 'dividend_rate': 0.015, 'opt_type': 'PE', 'timestamp': '2024-04-19 09:30:00', 'underlying_spot': 5042.0, 'id': 42386215, 'bid': 15.5, 'ask': 15.75, 'mid': 15.62, 'delta': -0.4772298445947953, 'theta': -14.825785878178689, 'gamma': 0.0095316203285733, 'vega': 0.6790964382134019, 'sigma': 0.2450780055605051, 'moneyness': 0.04}",0,0
2024-12-27 09:30:00,1,1,1,straddle_component,42553879,SPXW_6055_CE_20241227,50,11.25,trade,"{'detailed': True, 'instrument_type': 'option', 'underlying': 'SPXW', 'strike': 6055, 'expiry': '2024-12-27', 'dividend_rate': 0.015, 'opt_type': 'CE', 'timestamp': '2024-12-27 09:30:00', 'underlying_spot': 6053.0, 'id': 42553879, 'bid': 11.0, 'ask': 11.25, 'mid': 11.12, 'delta': 0.4779187428050946, 'theta': -10.777615363967865, 'gamma': 0.0132151112097744, 'vega': 0.8153408102557655, 'sigma': 0.1472566107864317, 'moneyness': 0.03}",0,0
2024-12-27 09:30:00,2,1,1,straddle_component,42551258,SPXW_6055_PE_20241227,50,13.75,trade,"{'detailed': True, 'instrument_type': 'option', 'underlying': 'SPXW', 'strike': 6055, 'expiry': '2024-12-27', 'dividend_rate': 0.015, 'opt_type': 'PE', 'timestamp': '2024-12-27 09:30:00', 'underlying_spot': 6053.0, 'id': 42551258, 'bid': 13.25, 'ask': 13.75, 'mid': 13.5, 'delta': -0.5210689242244548, 'theta': -11.012337098229342, 'gamma': 0.012661454835694, 'vega': 0.8154539262683951, 'sigma': 0.1537169375237547, 'moneyness': -0.03}",0,0
2024-04-05 09:30:00,1,1,1,straddle_component,42329503,SPXW_5210_CE_20240405,50,16.75,trade,"{'detailed': True, 'instrument_type': 'option', 'underlying': 'SPXW', 'strike': 5210, 'expiry': '2024-04-05', 'dividend_rate': 0.015, 'opt_type': 'CE', 'timestamp': '2024-04-05 09:30:00', 'underlying_spot': 5210.5, 'id': 42329503, 'bid': 16.5, 'ask': 16.75, 'mid': 16.62, 'delta': 0.5085895231148996, 'theta': -14.88128516209165, 'gamma': 0.0097563752987639, 'vega': 0.7027751444513646, 'sigma': 0.2320137657062523, 'moneyness': -0.01}",0,0
2024-04-05 09:30:00,2,1,1,straddle_component,42329746,SPXW_5210_PE_20240405,50,18.25,trade,"{'detailed': True, 'instrument_type': 'option', 'underlying': 'SPXW', 'strike': 5210, 'expiry': '2024-04-05', 'dividend_rate': 0.015, 'opt_type': 'PE', 'timestamp': '2024-04-05 09:30:00', 'underlying_spot': 5210.5, 'id': 42329746, 'bid': 18.0, 'ask': 18.25, 'mid': 18.12, 'delta': -0.4920176741290305, 'theta': -16.596039929748777, 'gamma': 0.0086292298817625, 'vega': 0.7027974460094146, 'sigma': 0.2623275758346759, 'moneyness': 0.01}",0,0
2024-08-23 09:30:00,1,1,1,straddle_component,42476428,SPXW_5620_CE_20240823,50,24.75,trade,"{'detailed': True, 'instrument_type': 'option', 'underlying': 'SPXW', 'strike': 5620, 'expiry': '2024-08-23', 'dividend_rate': 0.015, 'opt_type': 'CE', 'timestamp': '2024-08-23 09:30:00', 'underlying_spot': 5622.0, 'id': 42476428, 'bid': 24.5, 'ask': 24.75, 'mid': 24.62, 'delta': 0.5172143421663833, 'theta': -21.32918345928099, 'gamma': 0.0067535565051457, 'vega': 0.7577461749850567, 'sigma': 0.3104233516282597, 'moneyness': -0.04}",0,0
2024-08-23 09:30:00,2,1,1,straddle_component,42475918,SPXW_5620_PE_20240823,50,18.75,trade,"{'detailed': True, 'instrument_type': 'option', 'underlying': 'SPXW', 'strike': 5620, 'expiry': '2024-08-23', 'dividend_rate': 0.015, 'opt_type': 'PE', 'timestamp': '2024-08-23 09:30:00', 'underlying_spot': 5622.0, 'id': 42475918, 'bid': 18.25, 'ask': 18.75, 'mid': 18.5, 'delta': -0.4800584991562218, 'theta': -17.45457416203104, 'gamma': 0.0081283230102258, 'vega': 0.757504020828943, 'sigma': 0.2578383523236232, 'moneyness': 0.04}",0,0
2024-01-12 09:30:00,1,1,1,straddle_component,42279967,SPXW_4830_CE_20240112,50,9.4,trade,"{'detailed': True, 'instrument_type': 'option', 'underlying': 'SPXW', 'strike': 4830, 'expiry': '2024-01-12', 'dividend_rate': 0.015, 'opt_type': 'CE', 'timestamp': '2024-01-12 09:30:00', 'underlying_spot': 4829.75, 'id': 42279967, 'bid': 9.3, 'ask': 9.4, 'mid': 9.35, 'delta': 0.5001937248292343, 'theta': -8.629532232963646, 'gamma': 0.0169054351140118, 'vega': 0.6515719702026415, 'sigma': 0.1444878309010585, 'moneyness': 0.01}",0,0
2024-01-12 09:30:00,2,1,1,straddle_component,42279966,SPXW_4830_PE_20240112,50,10.75,trade,"{'detailed': True, 'instrument_type': 'option', 'underlying': 'SPXW', 'strike': 4830, 'expiry': '2024-01-12', 'dividend_rate': 0.015, 'opt_type': 'PE', 'timestamp': '2024-01-12 09:30:00', 'underlying_spot': 4829.75, 'id': 42279966, 'bid': 10.5, 'ask': 10.75, 'mid': 10.62, 'delta': -0.4996028956318454, 'theta': -9.46692764994653, 'gamma': 0.0150708997281867, 'vega': 0.6515717264498999, 'sigma': 0.1620758403462485, 'moneyness': -0.01}",0,0
2024-11-29 09:30:00,1,1,1,straddle_component,42495708,SPXW_6020_CE_20241129,50,8.75,trade,"{'detailed': True, 'instrument_type': 'option', 'underlying': 'SPXW', 'strike': 6020, 'expiry': '2024-11-29', 'dividend_rate': 0.015, 'opt_type': 'CE', 'timestamp': '2024-11-29 09:30:00', 'underlying_spot': 6019.5, 'id': 42495708, 'bid': 8.55, 'ask': 8.75, 'mid': 8.65, 'delta': 0.4962961241674612, 'theta': -8.10111662335859, 'gamma': 0.0180370130387075, 'vega': 0.812043451829985, 'sigma': 0.1086522111889412, 'moneyness': 0.01}",0,0
2024-11-29 09:30:00,2,1,1,straddle_component,42509437,SPXW_6020_PE_20241129,50,7.7,trade,"{'detailed': True, 'instrument_type': 'option', 'underlying': 'SPXW', 'strike': 6020, 'expiry': '2024-11-29', 'dividend_rate': 0.015, 'opt_type': 'PE', 'timestamp': '2024-11-29 09:30:00', 'underlying_spot': 6019.5, 'id': 42509437, 'bid': 7.5, 'ask': 7.7, 'mid': 7.6, 'delta': -0.5046564087227257, 'theta': -6.5764111686113145, 'gamma': 0.0214364603134953, 'vega': 0.8120227049704054, 'sigma': 0.0914195849486013, 'moneyness': -0.01}",0,0
2024-09-27 09:30:00,1,1,1,straddle_component,42441531,SPXW_5810_CE_20240927,50,11.75,trade,"{'detailed': True, 'instrument_type': 'option', 'underlying': 'SPXW', 'strike': 5810, 'expiry': '2024-09-27', 'dividend_rate': 0.015, 'opt_type': 'CE', 'timestamp': '2024-09-27 09:30:00', 'underlying_spot': 5810.75, 'id': 42441531, 'bid': 11.25, 'ask': 11.75, 'mid': 11.5, 'delta': 0.5152847447928544, 'theta': -10.098918959436975, 'gamma': 0.0143958056320059, 'vega': 0.7833388444945033, 'sigma': 0.1409273402962709, 'moneyness': -0.01}",0,0
2024-09-27 09:30:00,2,1,1,straddle_component,42392864,SPXW_5810_PE_20240927,50,9.9,trade,"{'detailed': True, 'instrument_type': 'option', 'underlying': 'SPXW', 'strike': 5810, 'expiry': '2024-09-27', 'dividend_rate': 0.015, 'opt_type': 'PE', 'timestamp': '2024-09-27 09:30:00', 'underlying_spot': 5810.75, 'id': 42392864, 'bid': 9.7, 'ask': 9.9, 'mid': 9.8, 'delta': -0.4836584221584949, 'theta': -9.123419051637075, 'gamma': 0.0155256632972111, 'vega': 0.783255601925525, 'sigma': 0.1306578222973239, 'moneyness': 0.01}",0,0
2024-03-15 09:30:00,1,1,1,straddle_component,42254128,SPXW_5190_CE_20240315,50,14.25,trade,"{'detailed': True, 'instrument_type': 'option', 'underlying': 'SPXW', 'strike': 5190, 'expiry': '2024-03-15', 'dividend_rate': 0.015, 'opt_type': 'CE', 'timestamp': '2024-03-15 09:30:00', 'underlying_spot': 5190.25, 'id': 42254128, 'bid': 14.0, 'ask': 14.25, 'mid': 14.12, 'delta': 0.5066988944538053, 'theta': -12.737164755180848, 'gamma': 0.0114196546618927, 'vega': 0.7001075206241447, 'sigma': 0.1990122681040394, 'moneyness': -0.0}",0,0
2024-03-15 09:30:00,2,1,1,straddle_component,42297337,SPXW_5190_PE_20240315,50,14.25,trade,"{'detailed': True, 'instrument_type': 'option', 'underlying': 'SPXW', 'strike': 5190, 'expiry': '2024-03-15', 'dividend_rate': 0.015, 'opt_type': 'PE', 'timestamp': '2024-03-15 09:30:00', 'underlying_spot': 5190.25, 'id': 42297337, 'bid': 14.0, 'ask': 14.25, 'mid': 14.12, 'delta': -0.4934066869146214, 'theta': -12.864610082052216, 'gamma': 0.0111165511107458, 'vega': 0.7001106242526145, 'sigma': 0.2044394322944635, 'moneyness': 0.0}",0,0
2024-02-02 09:30:00,1,1,1,straddle_component,42308779,SPXW_4935_CE_20240202,50,13.25,trade,"{'detailed': True, 'instrument_type': 'option', 'underlying': 'SPXW', 'strike': 4935, 'expiry': '2024-02-02', 'dividend_rate': 0.015, 'opt_type': 'CE', 'timestamp': '2024-02-02 09:30:00', 'underlying_spot': 4934.5, 'id': 42308779, 'bid': 13.0, 'ask': 13.25, 'mid': 13.12, 'delta': 0.4978607859075445, 'theta': -12.15543783393146, 'gamma': 0.0119554872135552, 'vega': 0.6656940346529998, 'sigma': 0.1999703725961024, 'moneyness': 0.01}",0,0
2024-02-02 09:30:00,2,1,1,straddle_component,42325758,SPXW_4935_PE_20240202,50,12.75,trade,"{'detailed': True, 'instrument_type': 'option', 'underlying': 'SPXW', 'strike': 4935, 'expiry': '2024-02-02', 'dividend_rate': 0.015, 'opt_type': 'PE', 'timestamp': '2024-02-02 09:30:00', 'underlying_spot': 4934.5, 'id': 42325758, 'bid': 12.5, 'ask': 12.75, 'mid': 12.62, 'delta': -0.5024738544409324, 'theta': -11.153438631525804, 'gamma': 0.0127980337971678, 'vega': 0.6656907861428722, 'sigma': 0.1868046032051859, 'moneyness': -0.01}",0,0
2024-04-26 09:30:00,1,1,1,straddle_component,42334748,SPXW_5110_CE_20240426,50,14.5,trade,"{'detailed': True, 'instrument_type': 'option', 'underlying': 'SPXW', 'strike': 5110, 'expiry': '2024-04-26', 'dividend_rate': 0.015, 'opt_type': 'CE', 'timestamp': '2024-04-26 09:30:00', 'underlying_spot': 5109.5, 'id': 42334748, 'bid': 14.25, 'ask': 14.5, 'mid': 14.38, 'delta': 0.4983163649636246, 'theta': -13.291597458958044, 'gamma': 0.0109308701645716, 'vega': 0.6893063886350479, 'sigma': 0.2112250018793686, 'moneyness': 0.01}",0,0
2024-04-26 09:30:00,2,1,1,straddle_component,42331155,SPXW_5110_PE_20240426,50,14.75,trade,"{'detailed': True, 'instrument_type': 'option', 'underlying': 'SPXW', 'strike': 5110, 'expiry': '2024-04-26', 'dividend_rate': 0.015, 'opt_type': 'PE', 'timestamp': '2024-04-26 09:30:00', 'underlying_spot': 5109.5, 'id': 42331155, 'bid': 14.5, 'ask': 14.75, 'mid': 14.62, 'delta': -0.5017218476255358, 'theta': -12.967125219601488, 'gamma': 0.0110232508454544, 'vega': 0.6893061052166258, 'sigma': 0.209454739556656, 'moneyness': -0.01}",0,0
2024-06-28 09:30:00,1,1,1,straddle_component,4204546,SPXW_5550_CE_20240628,50,12.5,trade,"{'detailed': True, 'instrument_type': 'option', 'underlying': 'SPXW', 'strike': 5550, 'expiry': '2024-06-28', 'dividend_rate': 0.015, 'opt_type': 'CE', 'timestamp': '2024-06-28 09:30:00', 'underlying_spot': 5548.25, 'id': 4204546, 'bid': 12.25, 'ask': 12.5, 'mid': 12.38, 'delta': 0.4828664078340594, 'theta': -11.871379922323662, 'gamma': 0.0120798027936075, 'vega': 0.747810504012512, 'sigma': 0.175859442481828, 'moneyness': 0.03}",0,0
2024-06-28 09:30:00,2,1,1,straddle_component,4205899,SPXW_5550_PE_20240628,50,11.75,trade,"{'detailed': True, 'instrument_type': 'option', 'underlying': 'SPXW', 'strike': 5550, 'expiry': '2024-06-28', 'dividend_rate': 0.015, 'opt_type': 'PE', 'timestamp': '2024-06-28 09:30:00', 'underlying_spot': 5548.25, 'id': 4205899, 'bid': 11.5, 'ask': 11.75, 'mid': 11.62, 'delta': -0.521353434606997, 'theta': -9.459730436694873, 'gamma': 0.0147167875219622, 'vega': 0.7474253577710908, 'sigma': 0.144274832289989, 'moneyness': -0.03}",0,0
2024-06-07 09:30:00,1,1,1,straddle_component,42439632,SPXW_5345_CE_20240607,50,16.0,trade,"{'detailed': True, 'instrument_type': 'option', 'underlying': 'SPXW', 'strike': 5345, 'expiry': '2024-06-07', 'dividend_rate': 0.015, 'opt_type': 'CE', 'timestamp': '2024-06-07 09:30:00', 'underlying_spot': 5345.25, 'id': 42439632, 'bid': 15.75, 'ask': 16.0, 'mid': 15.88, 'delta': 0.506292795490193, 'theta': -14.325399376136312, 'gamma': 0.0101468634916557, 'vega': 0.7210273179183506, 'sigma': 0.2174846986100129, 'moneyness': -0.0}",0,0
2024-06-07 09:30:00,2,1,1,straddle_component,42417638,SPXW_5345_PE_20240607,50,9.9,trade,"{'detailed': True, 'instrument_type': 'option', 'underlying': 'SPXW', 'strike': 5345, 'expiry': '2024-06-07', 'dividend_rate': 0.015, 'opt_type': 'PE', 'timestamp': '2024-06-07 09:30:00', 'underlying_spot': 5345.25, 'id': 42417638, 'bid': 9.7, 'ask': 9.9, 'mid': 9.8, 'delta': -0.4914906885026049, 'theta': -8.941158917033524, 'gamma': 0.0159257490572883, 'vega': 0.7209524171893751, 'sigma': 0.1385529534496137, 'moneyness': 0.0}",0,0
2024-06-14 09:30:00,1,1,1,straddle_component,42370982,SPXW_5420_CE_20240614,50,9.7,trade,"{'detailed': True, 'instrument_type': 'option', 'underlying': 'SPXW', 'strike': 5420, 'expiry': '2024-06-14', 'dividend_rate': 0.015, 'opt_type': 'CE', 'timestamp': '2024-06-14 09:30:00', 'underlying_spot': 5418.5, 'id': 42370982, 'bid': 9.6, 'ask': 9.7, 'mid': 9.65, 'delta': 0.4813488032389124, 'theta': -9.299420759169005, 'gamma': 0.0154101215876778, 'vega': 0.730195684354312, 'sigma': 0.141130908022668, 'moneyness': 0.03}",0,0
2024-06-14 09:30:00,2,1,1,straddle_component,42432091,SPXW_5420_PE_20240614,50,11.75,trade,"{'detailed': True, 'instrument_type': 'option', 'underlying': 'SPXW', 'strike': 5420, 'expiry': '2024-06-14', 'dividend_rate': 0.015, 'opt_type': 'PE', 'timestamp': '2024-06-14 09:30:00', 'underlying_spot': 5418.5, 'id': 42432091, 'bid': 11.5, 'ask': 11.75, 'mid': 11.62, 'delta': -0.5174986566814255, 'theta': -9.635868163577058, 'gamma': 0.0145497379833159, 'vega': 0.7302923151281195, 'sigma': 0.1494961289363374, 'moneyness': -0.03}",0,0
2024-07-12 09:30:00,1,1,1,straddle_component,42468567,SPXW_5645_CE_20240712,50,9.9,trade,"{'detailed': True, 'instrument_type': 'option', 'underlying': 'SPXW', 'strike': 5645, 'expiry': '2024-07-12', 'dividend_rate': 0.015, 'opt_type': 'CE', 'timestamp': '2024-07-12 09:30:00', 'underlying_spot': 5646.25, 'id': 42468567, 'bid': 9.8, 'ask': 9.9, 'mid': 9.85, 'delta': 0.5267102138684088, 'theta': -8.27841274068204, 'gamma': 0.0173763181798847, 'vega': 0.7600053417171386, 'sigma': 0.1199746414992281, 'moneyness': -0.02}",0,0
2024-07-12 09:30:00,2,1,1,straddle_component,42381901,SPXW_5645_PE_20240712,50,12.25,trade,"{'detailed': True, 'instrument_type': 'option', 'underlying': 'SPXW', 'strike': 5645, 'expiry': '2024-07-12', 'dividend_rate': 0.015, 'opt_type': 'PE', 'timestamp': '2024-07-12 09:30:00', 'underlying_spot': 5646.25, 'id': 42381901, 'bid': 12.0, 'ask': 12.25, 'mid': 12.12, 'delta': -0.4803819547348986, 'theta': -11.403976706418598, 'gamma': 0.0124087931574479, 'vega': 0.7608003760530302, 'sigma': 0.1681771317016172, 'moneyness': 0.02}",0,0
2024-11-01 09:30:00,1,1,1,straddle_component,42395411,SPXW_5760_CE_20241101,50,16.5,trade,"{'detailed': True, 'instrument_type': 'option', 'underlying': 'SPXW', 'strike': 5760, 'expiry': '2024-11-01', 'dividend_rate': 0.015, 'opt_type': 'CE', 'timestamp': '2024-11-01 09:30:00', 'underlying_spot': 5761.75, 'id': 42395411, 'bid': 16.0, 'ask': 16.5, 'mid': 16.25, 'delta': 0.5220687933856993, 'theta': -13.82857246731072, 'gamma': 0.0103951785490608, 'vega': 0.7761139912959765, 'sigma': 0.1966665679990398, 'moneyness': -0.03}",0,0
2024-11-01 09:30:00,2,1,1,straddle_component,42375955,SPXW_5760_PE_20241101,50,15.75,trade,"{'detailed': True, 'instrument_type': 'option', 'underlying': 'SPXW', 'strike': 5760, 'expiry': '2024-11-01', 'dividend_rate': 0.015, 'opt_type': 'PE', 'timestamp': '2024-11-01 09:30:00', 'underlying_spot': 5761.75, 'id': 42375955, 'bid': 15.25, 'ask': 15.75, 'mid': 15.5, 'delta': -0.4792768274273662, 'theta': -14.63588864673548, 'gamma': 0.0096721520570497, 'vega': 0.7762553552405311, 'sigma': 0.2114063725753505, 'moneyness': 0.03}",0,0
2024-01-26 09:30:00,1,1,1,straddle_component,42273617,SPXW_4920_CE_20240126,50,9.75,trade,"{'detailed': True, 'instrument_type': 'option', 'underlying': 'SPXW', 'strike': 4920, 'expiry': '2024-01-26', 'dividend_rate': 0.015, 'opt_type': 'CE', 'timestamp': '2024-01-26 09:30:00', 'underlying_spot': 4919.75, 'id': 42273617, 'bid': 9.7, 'ask': 9.75, 'mid': 9.72, 'delta': 0.5003054708705434, 'theta': -8.970546810711657, 'gamma': 0.0162596881025933, 'vega': 0.6637135764976119, 'sigma': 0.1474779276696191, 'moneyness': 0.01}",0,0
2024-01-26 09:30:00,2,1,1,straddle_component,42276403,SPXW_4920_PE_20240126,50,12.5,trade,"{'detailed': True, 'instrument_type': 'option', 'underlying': 'SPXW', 'strike': 4920, 'expiry': '2024-01-26', 'dividend_rate': 0.015, 'opt_type': 'PE', 'timestamp': '2024-01-26 09:30:00', 'underlying_spot': 4919.75, 'id': 42276403, 'bid': 12.25, 'ask': 12.5, 'mid': 12.38, 'delta': -0.4992968093542771, 'theta': -11.053149533694553, 'gamma': 0.0129272415350101, 'vega': 0.6637127427725238, 'sigma': 0.1854952721707229, 'moneyness': -0.01}",0,0
2024-12-13 09:30:00,1,1,1,straddle_component,42430996,SPXW_6075_CE_20241213,50,9.75,trade,"{'detailed': True, 'instrument_type': 'option', 'underlying': 'SPXW', 'strike': 6075, 'expiry': '2024-12-13', 'dividend_rate': 0.015, 'opt_type': 'CE', 'timestamp': '2024-12-13 09:30:00', 'underlying_spot': 6076.75, 'id': 42430996, 'bid': 9.5, 'ask': 9.75, 'mid': 9.62, 'delta': 0.5376103268142529, 'theta': -7.711940662101733, 'gamma': 0.0183342152126897, 'vega': 0.8161248400130878, 'sigma': 0.1054175171590447, 'moneyness': -0.03}",0,0
2024-12-13 09:30:00,2,1,1,straddle_component,42429088,SPXW_6075_PE_20241213,50,7.4,trade,"{'detailed': True, 'instrument_type': 'option', 'underlying': 'SPXW', 'strike': 6075, 'expiry': '2024-12-13', 'dividend_rate': 0.015, 'opt_type': 'PE', 'timestamp': '2024-12-13 09:30:00', 'underlying_spot': 6076.75, 'id': 42429088, 'bid': 7.2, 'ask': 7.4, 'mid': 7.3, 'delta': -0.4605234991791107, 'theta': -7.06192765825979, 'gamma': 0.0192729786441248, 'vega': 0.8157466718266351, 'sigma': 0.1002371634856675, 'moneyness': 0.03}",0,0
2024-12-20 09:30:00,1,1,1,straddle_component,42501531,SPXW_5905_CE_20241220,50,25.0,trade,"{'detailed': True, 'instrument_type': 'option', 'underlying': 'SPXW', 'strike': 5905, 'expiry': '2024-12-20', 'dividend_rate': 0.015, 'opt_type': 'CE', 'timestamp': '2024-12-20 09:30:00', 'underlying_spot': 5903.0, 'id': 42501531, 'bid': 24.0, 'ask': 25.0, 'mid': 24.5, 'delta': 0.4911893121560595, 'theta': -23.03947255259958, 'gamma': 0.0062614866536137, 'vega': 0.7961675779567621, 'sigma': 0.3190995236147738, 'moneyness': 0.03}",0,0
2024-12-20 09:30:00,2,1,1,straddle_component,42523447,SPXW_5905_PE_20241220,50,22.5,trade,"{'detailed': True, 'instrument_type': 'option', 'underlying': 'SPXW', 'strike': 5905, 'expiry': '2024-12-20', 'dividend_rate': 0.015, 'opt_type': 'PE', 'timestamp': '2024-12-20 09:30:00', 'underlying_spot': 5903.0, 'id': 42523447, 'bid': 21.75, 'ask': 22.5, 'mid': 22.12, 'delta': -0.5113567105839323, 'theta': -18.934849373103944, 'gamma': 0.0075102232344193, 'vega': 0.7960387860937868, 'sigma': 0.2659994174547209, 'moneyness': -0.03}",0,0
2024-02-16 09:30:00,1,1,1,straddle_component,42323601,SPXW_5040_CE_20240216,50,14.25,trade,"{'detailed': True, 'instrument_type': 'option', 'underlying': 'SPXW', 'strike': 5040, 'expiry': '2024-02-16', 'dividend_rate': 0.015, 'opt_type': 'CE', 'timestamp': '2024-02-16 09:30:00', 'underlying_spot': 5041.25, 'id': 42323601, 'bid': 14.0, 'ask': 14.25, 'mid': 14.12, 'delta': 0.5186640247888619, 'theta': -12.190320327498204, 'gamma': 0.0118397009529758, 'vega': 0.679359035784838, 'sigma': 0.1974366347430161, 'moneyness': -0.02}",0,0
2024-02-16 09:30:00,2,1,1,straddle_component,42293105,SPXW_5040_PE_20240216,50,11.0,trade,"{'detailed': True, 'instrument_type': 'option', 'underlying': 'SPXW', 'strike': 5040, 'expiry': '2024-02-16', 'dividend_rate': 0.015, 'opt_type': 'PE', 'timestamp': '2024-02-16 09:30:00', 'underlying_spot': 5041.25, 'id': 42293105, 'bid': 10.75, 'ask': 11.0, 'mid': 10.88, 'delta': -0.4787096165726368, 'theta': -10.265922733815366, 'gamma': 0.0137578269487903, 'vega': 0.679133374212979, 'sigma': 0.1698537806267046, 'moneyness': 0.02}",0,0
2024-08-16 09:30:00,1,1,1,straddle_component,42112056,SPXW_5550_CE_20240816,50,15.0,trade,"{'detailed': True, 'instrument_type': 'option', 'underlying': 'SPXW', 'strike': 5550, 'expiry': '2024-08-16', 'dividend_rate': 0.015, 'opt_type': 'CE', 'timestamp': '2024-08-16 09:30:00', 'underlying_spot': 5548.5, 'id': 42112056, 'bid': 14.5, 'ask': 15.0, 'mid': 14.75, 'delta': 0.4883272417115947, 'theta': -13.981223449236689, 'gamma': 0.0103173584165006, 'vega': 0.7482158156056977, 'sigma': 0.2059929675523345, 'moneyness': 0.03}",0,0
2024-08-16 09:30:00,2,1,1,straddle_component,42126500,SPXW_5550_PE_20240816,50,16.0,trade,"{'detailed': True, 'instrument_type': 'option', 'underlying': 'SPXW', 'strike': 5550, 'expiry': '2024-08-16', 'dividend_rate': 0.015, 'opt_type': 'PE', 'timestamp': '2024-08-16 09:30:00', 'underlying_spot': 5548.5, 'id': 42126500, 'bid': 15.25, 'ask': 16.0, 'mid': 15.62, 'delta': -0.5121417521997351, 'theta': -13.304669701444183, 'gamma': 0.0106529359378271, 'vega': 0.7481894173760955, 'sigma': 0.1994969882816131, 'moneyness': -0.03}",0,0
2024-03-01 09:30:00,1,1,1,straddle_component,42351664,SPXW_5110_CE_20240301,50,8.8,trade,"{'detailed': True, 'instrument_type': 'option', 'underlying': 'SPXW', 'strike': 5110, 'expiry': '2024-03-01', 'dividend_rate': 0.015, 'opt_type': 'CE', 'timestamp': '2024-03-01 09:30:00', 'underlying_spot': 5110.75, 'id': 42351664, 'bid': 8.75, 'ask': 8.8, 'mid': 8.78, 'delta': 0.5192596223649204, 'theta': -7.608585797203927, 'gamma': 0.0190850614245619, 'vega': 0.6886725078148057, 'sigma': 0.1208085409714364, 'moneyness': -0.01}",0,0
2024-03-01 09:30:00,2,1,1,straddle_component,42353231,SPXW_5110_PE_20240301,50,10.5,trade,"{'detailed': True, 'instrument_type': 'option', 'underlying': 'SPXW', 'strike': 5110, 'expiry': '2024-03-01', 'dividend_rate': 0.015, 'opt_type': 'PE', 'timestamp': '2024-03-01 09:30:00', 'underlying_spot': 5110.75, 'id': 42353231, 'bid': 10.25, 'ask': 10.5, 'mid': 10.38, 'delta': -0.4847273263965945, 'theta': -9.653458497163143, 'gamma': 0.0147129214056462, 'vega': 0.6889741149872135, 'sigma': 0.1567762858182489, 'moneyness': 0.01}",0,0
2024-02-23 09:30:00,1,1,1,straddle_component,42381738,SPXW_5115_CE_20240223,50,9.6,trade,"{'detailed': True, 'instrument_type': 'option', 'underlying': 'SPXW', 'strike': 5115, 'expiry': '2024-02-23', 'dividend_rate': 0.015, 'opt_type': 'CE', 'timestamp': '2024-02-23 09:30:00', 'underlying_spot': 5115.0, 'id': 42381738, 'bid': 9.5, 'ask': 9.6, 'mid': 9.55, 'delta': 0.5045484440641346, 'theta': -8.706185034372139, 'gamma': 0.0167766010150671, 'vega': 0.6900095669473147, 'sigma': 0.1374689083350763, 'moneyness': 0.0}",0,0
2024-02-23 09:30:00,2,1,1,straddle_component,42381745,SPXW_5115_PE_20240223,50,9.95,trade,"{'detailed': True, 'instrument_type': 'option', 'underlying': 'SPXW', 'strike': 5115, 'expiry': '2024-02-23', 'dividend_rate': 0.015, 'opt_type': 'PE', 'timestamp': '2024-02-23 09:30:00', 'underlying_spot': 5115.0, 'id': 42381745, 'bid': 9.85, 'ask': 9.95, 'mid': 9.9, 'delta': -0.4955785714752636, 'theta': -8.925616062457856, 'gamma': 0.0159716599412718, 'vega': 0.6900120639449225, 'sigma': 0.1443975950758771, 'moneyness': 0.0}",0,0
2024-10-18 09:30:00,1,1,1,straddle_component,42408959,SPXW_5895_CE_20241018,50,15.5,trade,"{'detailed': True, 'instrument_type': 'option', 'underlying': 'SPXW', 'strike': 5895, 'expiry': '2024-10-18', 'dividend_rate': 0.015, 'opt_type': 'CE', 'timestamp': '2024-10-18 09:30:00', 'underlying_spot': 5895.5, 'id': 42408959, 'bid': 15.0, 'ask': 15.5, 'mid': 15.25, 'delta': 0.5092498153236313, 'theta': -13.640373869881431, 'gamma': 0.0106607424577021, 'vega': 0.7951360382095007, 'sigma': 0.1876538513127165, 'moneyness': -0.01}",0,0
2024-10-18 09:30:00,2,1,1,straddle_component,42376370,SPXW_5895_PE_20241018,50,8.8,trade,"{'detailed': True, 'instrument_type': 'option', 'underlying': 'SPXW', 'strike': 5895, 'expiry': '2024-10-18', 'dividend_rate': 0.015, 'opt_type': 'PE', 'timestamp': '2024-10-18 09:30:00', 'underlying_spot': 5895.5, 'id': 42376370, 'bid': 8.6, 'ask': 8.8, 'mid': 8.7, 'delta': -0.4860267048568012, 'theta': -8.034644654064357, 'gamma': 0.0176323503886521, 'vega': 0.7948589495814962, 'sigma': 0.1134187789246255, 'moneyness': 0.01}",0,0
2024-05-03 09:30:00,1,1,1,straddle_component,42428092,SPXW_5155_CE_20240503,50,13.75,trade,"{'detailed': True, 'instrument_type': 'option', 'underlying': 'SPXW', 'strike': 5155, 'expiry': '2024-05-03', 'dividend_rate': 0.015, 'opt_type': 'CE', 'timestamp': '2024-05-03 09:30:00', 'underlying_spot': 5154.25, 'id': 42428092, 'bid': 13.5, 'ask': 13.75, 'mid': 13.62, 'delta': 0.4952694108446565, 'theta': -12.705779531477598, 'gamma': 0.0114223442793104, 'vega': 0.6953006202027971, 'sigma': 0.200369249315296, 'moneyness': 0.01}",0,0
2024-05-03 09:30:00,2,1,1,straddle_component,42409175,SPXW_5155_PE_20240503,50,16.25,trade,"{'detailed': True, 'instrument_type': 'option', 'underlying': 'SPXW', 'strike': 5155, 'expiry': '2024-05-03', 'dividend_rate': 0.015, 'opt_type': 'PE', 'timestamp': '2024-05-03 09:30:00', 'underlying_spot': 5154.25, 'id': 42409175, 'bid': 16.0, 'ask': 16.25, 'mid': 16.12, 'delta': -0.5038254382792928, 'theta': -14.19761906431532, 'gamma': 0.0100650076007013, 'vega': 0.6953176186231032, 'sigma': 0.2273959758172099, 'moneyness': -0.01}",0,0
2024-05-17 09:30:00,1,1,1,straddle_component,42366379,SPXW_5325_CE_20240517,50,7.95,trade,"{'detailed': True, 'instrument_type': 'option', 'underlying': 'SPXW', 'strike': 5325, 'expiry': '2024-05-17', 'dividend_rate': 0.015, 'opt_type': 'CE', 'timestamp': '2024-05-17 09:30:00', 'underlying_spot': 5324.0, 'id': 42366379, 'bid': 7.9, 'ask': 7.95, 'mid': 7.93, 'delta': 0.4860116080447341, 'theta': -7.588002740213712, 'gamma': 0.0190473216399311, 'vega': 0.7178051023957144, 'sigma': 0.1162634692666612, 'moneyness': 0.02}",0,0
2024-05-17 09:30:00,2,1,1,straddle_component,42366384,SPXW_5325_PE_20240517,50,9.6,trade,"{'detailed': True, 'instrument_type': 'option', 'underlying': 'SPXW', 'strike': 5325, 'expiry': '2024-05-17', 'dividend_rate': 0.015, 'opt_type': 'PE', 'timestamp': '2024-05-17 09:30:00', 'underlying_spot': 5324.0, 'id': 42366384, 'bid': 9.55, 'ask': 9.6, 'mid': 9.57, 'delta': -0.5126474705435591, 'theta': -8.083670290018619, 'gamma': 0.0174146188491874, 'vega': 0.7178868188027119, 'sigma': 0.1271779990997572, 'moneyness': -0.02}",0,0
2024-07-05 09:30:00,1,1,1,straddle_component,42421818,SPXW_5590_CE_20240705,50,9.75,trade,"{'detailed': True, 'instrument_type': 'option', 'underlying': 'SPXW', 'strike': 5590, 'expiry': '2024-07-05', 'dividend_rate': 0.015, 'opt_type': 'CE', 'timestamp': '2024-07-05 09:30:00', 'underlying_spot': 5591.75, 'id': 42421818, 'bid': 9.7, 'ask': 9.75, 'mid': 9.72, 'delta': 0.5368609021866533, 'theta': -7.800648738742374, 'gamma': 0.0181131314391791, 'vega': 0.7511265810511931, 'sigma': 0.1159796498128444, 'moneyness': -0.03}",0,0
2024-07-05 09:30:00,2,1,1,straddle_component,42418640,SPXW_5590_PE_20240705,50,8.35,trade,"{'detailed': True, 'instrument_type': 'option', 'underlying': 'SPXW', 'strike': 5590, 'expiry': '2024-07-05', 'dividend_rate': 0.015, 'opt_type': 'PE', 'timestamp': '2024-07-05 09:30:00', 'underlying_spot': 5591.75, 'id': 42418640, 'bid': 8.3, 'ask': 8.35, 'mid': 8.32, 'delta': -0.4650103043004172, 'theta': -8.024074249227562, 'gamma': 0.0171564829010151, 'vega': 0.7514501656034862, 'sigma': 0.1224987047714741, 'moneyness': 0.03}",0,0
2024-01-19 09:30:00,1,1,1,straddle_component,42278618,SPXW_4820_CE_20240119,50,12.0,trade,"{'detailed': True, 'instrument_type': 'option', 'underlying': 'SPXW', 'strike': 4820, 'expiry': '2024-01-19', 'dividend_rate': 0.015, 'opt_type': 'CE', 'timestamp': '2024-01-19 09:30:00', 'underlying_spot': 4819.25, 'id': 42278618, 'bid': 11.75, 'ask': 12.0, 'mid': 11.88, 'delta': 0.4941262118360434, 'theta': -11.111360793043728, 'gamma': 0.0130585357815959, 'vega': 0.6500847505264824, 'sigma': 0.1874395846803573, 'moneyness': 0.02}",0,0
2024-01-19 09:30:00,2,1,1,straddle_component,42280944,SPXW_4820_PE_20240119,50,9.9,trade,"{'detailed': True, 'instrument_type': 'option', 'underlying': 'SPXW', 'strike': 4820, 'expiry': '2024-01-19', 'dividend_rate': 0.015, 'opt_type': 'PE', 'timestamp': '2024-01-19 09:30:00', 'underlying_spot': 4819.25, 'id': 42280944, 'bid': 9.8, 'ask': 9.9, 'mid': 9.85, 'delta': -0.5081371613289143, 'theta': -8.49291214320112, 'gamma': 0.0166941272716769, 'vega': 0.6500194766282483, 'sigma': 0.1466050051242149, 'moneyness': -0.02}",0,0
2024-06-21 09:30:00,1,1,1,straddle_component,42455329,SPXW_5530_CE_20240621,50,13.75,trade,"{'detailed': True, 'instrument_type': 'option', 'underlying': 'SPXW', 'strike': 5530, 'expiry': '2024-06-21', 'dividend_rate': 0.015, 'opt_type': 'CE', 'timestamp': '2024-06-21 09:30:00', 'underlying_spot': 5531.25, 'id': 42455329, 'bid': 13.5, 'ask': 13.75, 'mid': 13.62, 'delta': 0.5194342387010664, 'theta': -11.73827464677577, 'gamma': 0.0123031493259873, 'vega': 0.7453218319931034, 'sigma': 0.1731517229013449, 'moneyness': -0.02}",0,0
2024-06-21 09:30:00,2,1,1,straddle_component,42446118,SPXW_5530_PE_20240621,50,14.0,trade,"{'detailed': True, 'instrument_type': 'option', 'underlying': 'SPXW', 'strike': 5530, 'expiry': '2024-06-21', 'dividend_rate': 0.015, 'opt_type': 'PE', 'timestamp': '2024-06-21 09:30:00', 'underlying_spot': 5531.25, 'id': 42446118, 'bid': 13.75, 'ask': 14.0, 'mid': 13.88, 'delta': -0.4824737308029903, 'theta': -13.003112103946938, 'gamma': 0.0109198146880373, 'vega': 0.7454882035282369, 'sigma': 0.195130057415283, 'moneyness': 0.02}",0,0
2024-11-15 09:30:00,1,1,1,straddle_component,42472730,SPXW_5940_CE_20241115,50,11.75,trade,"{'detailed': True, 'instrument_type': 'option', 'underlying': 'SPXW', 'strike': 5940, 'expiry': '2024-11-15', 'dividend_rate': 0.015, 'opt_type': 'CE', 'timestamp': '2024-11-15 09:30:00', 'underlying_spot': 5938.25, 'id': 42472730, 'bid': 11.25, 'ask': 11.75, 'mid': 11.5, 'delta': 0.4816148324598757, 'theta': -11.068791907837364, 'gamma': 0.0129440256202428, 'vega': 0.8002626928132379, 'sigma': 0.1533179422332093, 'moneyness': 0.03}",0,0
2024-11-15 09:30:00,2,1,1,straddle_component,42466325,SPXW_5940_PE_20241115,50,14.75,trade,"{'detailed': True, 'instrument_type': 'option', 'underlying': 'SPXW', 'strike': 5940, 'expiry': '2024-11-15', 'dividend_rate': 0.015, 'opt_type': 'PE', 'timestamp': '2024-11-15 09:30:00', 'underlying_spot': 5938.25, 'id': 42466325, 'bid': 14.0, 'ask': 14.75, 'mid': 14.38, 'delta': -0.5164525054401459, 'theta': -11.993389215567294, 'gamma': 0.0117290351120402, 'vega': 0.8004335236856468, 'sigma': 0.1692357237580728, 'moneyness': -0.03}",0,0
2024-11-22 09:30:00,1,1,1,straddle_component,42403679,SPXW_5970_CE_20241122,50,13.75,trade,"{'detailed': True, 'instrument_type': 'option', 'underlying': 'SPXW', 'strike': 5970, 'expiry': '2024-11-22', 'dividend_rate': 0.015, 'opt_type': 'CE', 'timestamp': '2024-11-22 09:30:00', 'underlying_spot': 5971.75, 'id': 42403679, 'bid': 13.5, 'ask': 13.75, 'mid': 13.62, 'delta': 0.5262221521096677, 'theta': -11.418833188862743, 'gamma': 0.0125494482716703, 'vega': 0.8038895793302032, 'sigma': 0.1570784396593295, 'moneyness': -0.03}",0,0
2024-11-22 09:30:00,2,1,1,straddle_component,42371864,SPXW_5970_PE_20241122,50,15.75,trade,"{'detailed': True, 'instrument_type': 'option', 'underlying': 'SPXW', 'strike': 5970, 'expiry': '2024-11-22', 'dividend_rate': 0.015, 'opt_type': 'PE', 'timestamp': '2024-11-22 09:30:00', 'underlying_spot': 5971.75, 'id': 42371864, 'bid': 15.25, 'ask': 15.75, 'mid': 15.5, 'delta': -0.4792439659754954, 'theta': -14.633973627570375, 'gamma': 0.0096706772190202, 'vega': 0.804544108638737, 'sigma': 0.2040025062789415, 'moneyness': 0.03}",0,0
2024-04-12 09:30:00,1,1,1,straddle_component,42318109,SPXW_5205_CE_20240412,50,16.25,trade,"{'detailed': True, 'instrument_type': 'option', 'underlying': 'SPXW', 'strike': 5205, 'expiry': '2024-04-12', 'dividend_rate': 0.015, 'opt_type': 'CE', 'timestamp': '2024-04-12 09:30:00', 'underlying_spot': 5205.75, 'id': 42318109, 'bid': 16.0, 'ask': 16.25, 'mid': 16.12, 'delta': 0.5113460033248529, 'theta': -14.297669236075922, 'gamma': 0.0101444445377296, 'vega': 0.702012998498998, 'sigma': 0.2233032594185496, 'moneyness': -0.01}",0,0
2024-04-12 09:30:00,2,1,1,straddle_component,42325845,SPXW_5205_PE_20240412,50,16.0,trade,"{'detailed': True, 'instrument_type': 'option', 'underlying': 'SPXW', 'strike': 5205, 'expiry': '2024-04-12', 'dividend_rate': 0.015, 'opt_type': 'PE', 'timestamp': '2024-04-12 09:30:00', 'underlying_spot': 5205.75, 'id': 42325845, 'bid': 15.75, 'ask': 16.0, 'mid': 15.88, 'delta': -0.4889737060476129, 'theta': -14.65248111973127, 'gamma': 0.0097525462727787, 'vega': 0.702028844298094, 'sigma': 0.2322817462796157, 'moneyness': 0.01}",0,0
2024-12-06 09:30:00,1,1,1,straddle_component,42520881,SPXW_6095_CE_20241206,50,9.55,trade,"{'detailed': True, 'instrument_type': 'option', 'underlying': 'SPXW', 'strike': 6095, 'expiry': '2024-12-06', 'dividend_rate': 0.015, 'opt_type': 'CE', 'timestamp': '2024-12-06 09:30:00', 'underlying_spot': 6096.5, 'id': 42520881, 'bid': 9.3, 'ask': 9.55, 'mid': 9.43, 'delta': 0.5332844549180926, 'theta': -7.713677540981079, 'gamma': 0.0184964183880254, 'vega': 0.8195772151614573, 'sigma': 0.1042555191526946, 'moneyness': -0.02}",0,0
2024-12-06 09:30:00,2,1,1,straddle_component,42546308,SPXW_6095_PE_20241206,50,10.5,trade,"{'detailed': True, 'instrument_type': 'option', 'underlying': 'SPXW', 'strike': 6095, 'expiry': '2024-12-06', 'dividend_rate': 0.015, 'opt_type': 'PE', 'timestamp': '2024-12-06 09:30:00', 'underlying_spot': 6096.5, 'id': 42546308, 'bid': 10.0, 'ask': 10.5, 'mid': 10.25, 'delta': -0.4738183254840322, 'theta': -9.748541942636042, 'gamma': 0.0143612775715951, 'vega': 0.8206858179807899, 'sigma': 0.134453488540152, 'moneyness': 0.02}",0,0
2024-10-11 09:30:00,1,1,1,straddle_component,42368843,SPXW_5825_CE_20241011,50,12.25,trade,"{'detailed': True, 'instrument_type': 'option', 'underlying': 'SPXW', 'strike': 5825, 'expiry': '2024-10-11', 'dividend_rate': 0.015, 'opt_type': 'CE', 'timestamp': '2024-10-11 09:30:00', 'underlying_spot': 5825.0, 'id': 42368843, 'bid': 11.75, 'ask': 12.25, 'mid': 12.0, 'delta': 0.5043035847794641, 'theta': -10.93388989437361, 'gamma': 0.0133429841042698, 'vega': 0.7857934286504733, 'sigma': 0.1517776938726446, 'moneyness': 0.0}",0,0
2024-10-11 09:30:00,2,1,1,straddle_component,42396899,SPXW_5825_PE_20241011,50,12.5,trade,"{'detailed': True, 'instrument_type': 'option', 'underlying': 'SPXW', 'strike': 5825, 'expiry': '2024-10-11', 'dividend_rate': 0.015, 'opt_type': 'PE', 'timestamp': '2024-10-11 09:30:00', 'underlying_spot': 5825.0, 'id': 42396899, 'bid': 12.25, 'ask': 12.5, 'mid': 12.38, 'delta': -0.4957889448204966, 'theta': -11.162405151030727, 'gamma': 0.0127846735509251, 'vega': 0.7857953919673752, 'sigma': 0.1584062602659417, 'moneyness': 0.0}",0,0
2024-10-04 09:30:00,1,1,1,straddle_component,42455522,SPXW_5790_CE_20241004,50,18.75,trade,"{'detailed': True, 'instrument_type': 'option', 'underlying': 'SPXW', 'strike': 5790, 'expiry': '2024-10-04', 'dividend_rate': 0.015, 'opt_type': 'CE', 'timestamp': '2024-10-04 09:30:00', 'underlying_spot': 5790.5, 'id': 42455522, 'bid': 18.25, 'ask': 18.75, 'mid': 18.5, 'delta': 0.5080865138426205, 'theta': -16.58784497551912, 'gamma': 0.0087540171378464, 'vega': 0.781024261516853, 'sigma': 0.2326856722917553, 'moneyness': -0.01}",0,0
2024-10-04 09:30:00,2,1,1,straddle_component,42478002,SPXW_5790_PE_20241004,50,15.5,trade,"{'detailed': True, 'instrument_type': 'option', 'underlying': 'SPXW', 'strike': 5790, 'expiry': '2024-10-04', 'dividend_rate': 0.015, 'opt_type': 'PE', 'timestamp': '2024-10-04 09:30:00', 'underlying_spot': 5790.5, 'id': 42478002, 'bid': 15.0, 'ask': 15.5, 'mid': 15.25, 'delta': -0.4910481177467396, 'theta': -13.98240761425976, 'gamma': 0.0102183178718462, 'vega': 0.7809879079042288, 'sigma': 0.1993322202778207, 'moneyness': 0.01}",0,0
2025-01-27 09:30:00,1,1,1,straddle_component,1760,SPXW_6015_CE_20250127,50,31.25,trade,"{'detailed': True, 'instrument_type': 'option', 'underlying': 'SPXW', 'strike': 6015, 'expiry': '2025-01-27', 'dividend_rate': 0.015, 'opt_type': 'CE', 'timestamp': '2025-01-27 09:30:00', 'underlying_spot': 6015.5, 'id': 1760, 'bid': 27.25, 'ask': 31.25, 'mid': 29.25, 'delta': 0.5065518366880184, 'theta': -26.338888975814367, 'gamma': 0.0055014388777863, 'vega': 0.8114297690226664, 'sigma': 0.3564307977215249, 'moneyness': -0.01}",0,0
2025-01-27 09:30:00,2,1,1,straddle_component,1954,SPXW_6015_PE_20250127,50,5.7,trade,"{'detailed': True, 'instrument_type': 'option', 'underlying': 'SPXW', 'strike': 6015, 'expiry': '2025-01-27', 'dividend_rate': 0.015, 'opt_type': 'PE', 'timestamp': '2025-01-27 09:30:00', 'underlying_spot': 6015.5, 'id': 1954, 'bid': 5.525, 'ask': 5.7, 'mid': 5.61, 'delta': -0.4792922045482317, 'theta': -5.2234701583270375, 'gamma': 0.0267912117113411, 'vega': 0.8104258927478281, 'sigma': 0.0731025516423963, 'moneyness': 0.01}",0,0
2025-01-13 09:30:00,1,1,1,straddle_component,232,SPXW_5820_CE_20250113,50,17.0,trade,"{'detailed': True, 'instrument_type': 'option', 'underlying': 'SPXW', 'strike': 5820, 'expiry': '2025-01-13', 'dividend_rate': 0.015, 'opt_type': 'CE', 'timestamp': '2025-01-13 09:30:00', 'underlying_spot': 5818.75, 'id': 232, 'bid': 16.5, 'ask': 17.0, 'mid': 16.75, 'delta': 0.4922445264401887, 'theta': -15.729502061120527, 'gamma': 0.0092005251417504, 'vega': 0.7848473226261596, 'sigma': 0.2203221173680017, 'moneyness': 0.02}",0,0
2025-01-13 09:30:00,2,1,1,straddle_component,351,SPXW_5820_PE_20250113,50,16.25,trade,"{'detailed': True, 'instrument_type': 'option', 'underlying': 'SPXW', 'strike': 5820, 'expiry': '2025-01-13', 'dividend_rate': 0.015, 'opt_type': 'PE', 'timestamp': '2025-01-13 09:30:00', 'underlying_spot': 5818.75, 'id': 351, 'bid': 16.0, 'ask': 16.25, 'mid': 16.12, 'delta': -0.5089308896993217, 'theta': -13.910194835533057, 'gamma': 0.0102223116371646, 'vega': 0.7847987215457941, 'sigma': 0.198287258036187, 'moneyness': -0.02}",0,0
2025-02-24 09:30:00,1,1,1,straddle_component,1619,SPXW_6050_CE_20250224,50,2.525,trade,"{'detailed': True, 'instrument_type': 'option', 'underlying': 'SPXW', 'strike': 6050, 'expiry': '2025-02-24', 'dividend_rate': 0.015, 'opt_type': 'CE', 'timestamp': '2025-02-24 09:30:00', 'underlying_spot': 6051.25, 'id': 1619, 'bid': 2.4, 'ask': 2.525, 'mid': 2.46, 'delta': 0.6406357895657688, 'theta': -1.276209089230851, 'gamma': 0.0893607453900102, 'vega': 0.7507960205891561, 'sigma': 0.020446693611862, 'moneyness': -0.02}",0,0
2025-02-24 09:30:00,2,1,1,straddle_component,1758,SPXW_6050_PE_20250224,50,42.625,trade,"{'detailed': True, 'instrument_type': 'option', 'underlying': 'SPXW', 'strike': 6050, 'expiry': '2025-02-24', 'dividend_rate': 0.015, 'opt_type': 'PE', 'timestamp': '2025-02-24 09:30:00', 'underlying_spot': 6051.25, 'id': 1758, 'bid': 41.375, 'ask': 42.625, 'mid': 42.0, 'delta': -0.4908614388796195, 'theta': -38.551030721554405, 'gamma': 0.0037260078045164, 'vega': 0.8161479868867545, 'sigma': 0.5230927819559122, 'moneyness': 0.02}",0,0
2025-04-28 09:30:00,1,1,1,straddle_component,1566,SPXW_5565_CE_20250428,50,11.25,trade,"{'detailed': True, 'instrument_type': 'option', 'underlying': 'SPXW', 'strike': 5565, 'expiry': '2025-04-28', 'dividend_rate': 0.015, 'opt_type': 'CE', 'timestamp': '2025-04-28 09:30:00', 'underlying_spot': 5564.75, 'id': 1566, 'bid': 11.0, 'ask': 11.25, 'mid': 11.12, 'delta': 0.5007884957965558, 'theta': -10.24650506931285, 'gamma': 0.014235246972305, 'vega': 0.7507279875119588, 'sigma': 0.1489260994974788, 'moneyness': 0.0}",0,0
2025-04-28 09:30:00,2,1,1,straddle_component,1711,SPXW_5565_PE_20250428,50,26.25,trade,"{'detailed': True, 'instrument_type': 'option', 'underlying': 'SPXW', 'strike': 5565, 'expiry': '2025-04-28', 'dividend_rate': 0.015, 'opt_type': 'PE', 'timestamp': '2025-04-28 09:30:00', 'underlying_spot': 5564.75, 'id': 1711, 'bid': 25.25, 'ask': 26.25, 'mid': 25.75, 'delta': -0.4977853003143906, 'theta': -23.173578662568392, 'gamma': 0.0061939151407841, 'vega': 0.7507178861685766, 'sigma': 0.3422667769880155, 'moneyness': -0.0}",0,0
2025-04-14 09:30:00,1,1,1,straddle_component,335,SPXW_5490_CE_20250414,50,20.75,trade,"{'detailed': True, 'instrument_type': 'option', 'underlying': 'SPXW', 'strike': 5490, 'expiry': '2025-04-14', 'dividend_rate': 0.015, 'opt_type': 'CE', 'timestamp': '2025-04-14 09:30:00', 'underlying_spot': 5488.25, 'id': 335, 'bid': 20.25, 'ask': 20.75, 'mid': 20.5, 'delta': 0.4905939560913452, 'theta': -19.30771543528533, 'gamma': 0.0074721472032024, 'vega': 0.7402028229086177, 'sigma': 0.2875957527754841, 'moneyness': 0.03}",0,0
2025-04-14 09:30:00,2,1,1,straddle_component,579,SPXW_5490_PE_20250414,50,39.5,trade,"{'detailed': True, 'instrument_type': 'option', 'underlying': 'SPXW', 'strike': 5490, 'expiry': '2025-04-14', 'dividend_rate': 0.015, 'opt_type': 'PE', 'timestamp': '2025-04-14 09:30:00', 'underlying_spot': 5488.25, 'id': 579, 'bid': 38.5, 'ask': 39.5, 'mid': 39.0, 'delta': -0.5028490442743561, 'theta': -34.43952970852498, 'gamma': 0.0041680166162905, 'vega': 0.7403900742336518, 'sigma': 0.5157132107684566, 'moneyness': -0.03}",0,0
2025-03-10 09:30:00,1,1,1,straddle_component,315,SPXW_5750_CE_20250310,50,4.8,trade,"{'detailed': True, 'instrument_type': 'option', 'underlying': 'SPXW', 'strike': 5750, 'expiry': '2025-03-10', 'dividend_rate': 0.015, 'opt_type': 'CE', 'timestamp': '2025-03-10 09:30:00', 'underlying_spot': 5751.0, 'id': 315, 'bid': 4.7, 'ask': 4.8, 'mid': 4.75, 'delta': 0.5478668094413219, 'theta': -3.725073111973549, 'gamma': 0.0380426364277042, 'vega': 0.7700672768926737, 'sigma': 0.0535336834638241, 'moneyness': -0.02}",0,0
2025-03-10 09:30:00,2,1,1,straddle_component,465,SPXW_5750_PE_20250310,50,86.0,trade,"{'detailed': True, 'instrument_type': 'option', 'underlying': 'SPXW', 'strike': 5750, 'expiry': '2025-03-10', 'dividend_rate': 0.015, 'opt_type': 'PE', 'timestamp': '2025-03-10 09:30:00', 'underlying_spot': 5751.0, 'id': 465, 'bid': 84.5, 'ask': 86.0, 'mid': 85.25, 'delta': -0.4902339880246131, 'theta': -77.66667249226329, 'gamma': 0.0018536238144406, 'vega': 0.775623592809616, 'sigma': 1.1063365218776733, 'moneyness': 0.02}",0,0
2025-05-19 09:30:00,1,1,1,straddle_component,661,SPXW_5920_CE_20250519,50,37.0,trade,"{'detailed': True, 'instrument_type': 'option', 'underlying': 'SPXW', 'strike': 5920, 'expiry': '2025-05-19', 'dividend_rate': 0.015, 'opt_type': 'CE', 'timestamp': '2025-05-19 09:30:00', 'underlying_spot': 5921.25, 'id': 661, 'bid': 36.25, 'ask': 37.0, 'mid': 36.62, 'delta': 0.5096777004215625, 'theta': -32.654311206681065, 'gamma': 0.0044286799294468, 'vega': 0.7985890583898616, 'sigma': 0.4497454909803531, 'moneyness': -0.02}",0,0
2025-05-19 09:30:00,2,1,1,straddle_component,800,SPXW_5920_PE_20250519,50,4.5,trade,"{'detailed': True, 'instrument_type': 'option', 'underlying': 'SPXW', 'strike': 5920, 'expiry': '2025-05-19', 'dividend_rate': 0.015, 'opt_type': 'PE', 'timestamp': '2025-05-19 09:30:00', 'underlying_spot': 5921.25, 'id': 800, 'bid': 4.35, 'ask': 4.5, 'mid': 4.42, 'delta': -0.4528179293595613, 'theta': -4.288265917867218, 'gamma': 0.0310230598010718, 'vega': 0.7930936568826277, 'sigma': 0.0637723955188915, 'moneyness': 0.02}",0,0
2025-02-10 09:30:00,1,1,1,straddle_component,271,SPXW_6075_CE_20250210,50,20.125,trade,"{'detailed': True, 'instrument_type': 'option', 'underlying': 'SPXW', 'strike': 6075, 'expiry': '2025-02-10', 'dividend_rate': 0.015, 'opt_type': 'CE', 'timestamp': '2025-02-10 09:30:00', 'underlying_spot': 6077.0, 'id': 271, 'bid': 19.5, 'ask': 20.125, 'mid': 19.81, 'delta': 0.52071717212403, 'theta': -16.936127229181032, 'gamma': 0.0084901927621672, 'vega': 0.818728578776339, 'sigma': 0.228343730675238, 'moneyness': -0.03}",0,0
2025-02-10 09:30:00,2,1,1,straddle_component,371,SPXW_6075_PE_20250210,50,5.3,trade,"{'detailed': True, 'instrument_type': 'option', 'underlying': 'SPXW', 'strike': 6075, 'expiry': '2025-02-10', 'dividend_rate': 0.015, 'opt_type': 'PE', 'timestamp': '2025-02-10 09:30:00', 'underlying_spot': 6077.0, 'id': 371, 'bid': 5.2, 'ask': 5.3, 'mid': 5.25, 'delta': -0.4423881323438738, 'theta': -5.145321319059274, 'gamma': 0.0251242030291365, 'vega': 0.8111278812866836, 'sigma': 0.0764610709569154, 'moneyness': 0.03}",0,0
2025-06-02 09:30:00,1,1,1,straddle_component,71,SPXW_5905_CE_20250602,50,13.75,trade,"{'detailed': True, 'instrument_type': 'option', 'underlying': 'SPXW', 'strike': 5905, 'expiry': '2025-06-02', 'dividend_rate': 0.015, 'opt_type': 'CE', 'timestamp': '2025-06-02 09:30:00', 'underlying_spot': 5905.0, 'id': 71, 'bid': 13.25, 'ask': 13.75, 'mid': 13.5, 'delta': 0.5040904745425401, 'theta': -12.294369730984831, 'gamma': 0.011853303920617, 'vega': 0.7965899586929224, 'sigma': 0.1685389099997679, 'moneyness': 0.0}",0,0
2025-06-02 09:30:00,2,1,1,straddle_component,192,SPXW_5905_PE_20250602,50,13.5,trade,"{'detailed': True, 'instrument_type': 'option', 'underlying': 'SPXW', 'strike': 5905, 'expiry': '2025-06-02', 'dividend_rate': 0.015, 'opt_type': 'PE', 'timestamp': '2025-06-02 09:30:00', 'underlying_spot': 5905.0, 'id': 192, 'bid': 13.0, 'ask': 13.5, 'mid': 13.25, 'delta': -0.4958955346561211, 'theta': -11.954810536734154, 'gamma': 0.0119441508061868, 'vega': 0.7965896693478012, 'sigma': 0.1672569452356614, 'moneyness': 0.0}",0,0
2025-06-09 09:30:00,1,1,1,straddle_component,216,SPXW_6010_CE_20250609,50,12.0,trade,"{'detailed': True, 'instrument_type': 'option', 'underlying': 'SPXW', 'strike': 6010, 'expiry': '2025-06-09', 'dividend_rate': 0.015, 'opt_type': 'CE', 'timestamp': '2025-06-09 09:30:00', 'underlying_spot': 6012.5, 'id': 216, 'bid': 11.75, 'ask': 12.0, 'mid': 11.88, 'delta': 0.5425434413751873, 'theta': -9.23019397894253, 'gamma': 0.0150726979697424, 'vega': 0.8064915203895939, 'sigma': 0.1294366865966311, 'moneyness': -0.04}",0,0
2025-06-09 09:30:00,2,1,1,straddle_component,340,SPXW_6010_PE_20250609,50,8.8,trade,"{'detailed': True, 'instrument_type': 'option', 'underlying': 'SPXW', 'strike': 6010, 'expiry': '2025-06-09', 'dividend_rate': 0.015, 'opt_type': 'PE', 'timestamp': '2025-06-09 09:30:00', 'underlying_spot': 6012.5, 'id': 340, 'bid': 8.65, 'ask': 8.8, 'mid': 8.73, 'delta': -0.4554126539369818, 'theta': -8.506772512428432, 'gamma': 0.015821157965945, 'vega': 0.8060310891850735, 'sigma': 0.1232438314325386, 'moneyness': 0.04}",0,0
2025-05-05 09:30:00,1,1,1,straddle_component,75,SPXW_5665_CE_20250505,50,20.5,trade,"{'detailed': True, 'instrument_type': 'option', 'underlying': 'SPXW', 'strike': 5665, 'expiry': '2025-05-05', 'dividend_rate': 0.015, 'opt_type': 'CE', 'timestamp': '2025-05-05 09:30:00', 'underlying_spot': 5665.75, 'id': 75, 'bid': 19.75, 'ask': 20.5, 'mid': 20.12, 'delta': 0.5097356973857714, 'theta': -17.93403701620822, 'gamma': 0.0080856294104592, 'vega': 0.7641273181876045, 'sigma': 0.2574431949565913, 'moneyness': -0.01}",0,0
2025-05-05 09:30:00,2,1,1,straddle_component,224,SPXW_5665_PE_20250505,50,10.75,trade,"{'detailed': True, 'instrument_type': 'option', 'underlying': 'SPXW', 'strike': 5665, 'expiry': '2025-05-05', 'dividend_rate': 0.015, 'opt_type': 'PE', 'timestamp': '2025-05-05 09:30:00', 'underlying_spot': 5665.75, 'id': 224, 'bid': 10.5, 'ask': 10.75, 'mid': 10.62, 'delta': -0.4848014798813693, 'theta': -9.875891399487424, 'gamma': 0.0143715288913881, 'vega': 0.7637980847665915, 'sigma': 0.1447792914399361, 'moneyness': 0.01}",0,0
2025-03-17 09:30:00,1,1,1,straddle_component,42314405,SPXW_5685_CE_20250317,50,5.0,trade,"{'detailed': True, 'instrument_type': 'option', 'underlying': 'SPXW', 'strike': 5685, 'expiry': '2025-03-17', 'dividend_rate': 0.015, 'opt_type': 'CE', 'timestamp': '2025-03-17 09:30:00', 'underlying_spot': 5685.75, 'id': 42314405, 'bid': 4.8, 'ask': 5.0, 'mid': 4.9, 'delta': 0.5358285126729978, 'theta': -4.056933406661091, 'gamma': 0.0357012064799988, 'vega': 0.7638651497817524, 'sigma': 0.0578836048694625, 'moneyness': -0.01}",0,0
2025-03-17 09:30:00,2,1,1,straddle_component,42451928,SPXW_5685_PE_20250317,50,53.5,trade,"{'detailed': True, 'instrument_type': 'option', 'underlying': 'SPXW', 'strike': 5685, 'expiry': '2025-03-17', 'dividend_rate': 0.015, 'opt_type': 'PE', 'timestamp': '2025-03-17 09:30:00', 'underlying_spot': 5685.75, 'id': 42451928, 'bid': 52.75, 'ask': 53.5, 'mid': 53.12, 'delta': -0.4923481826732967, 'theta': -48.43427712290739, 'gamma': 0.0029700786541297, 'vega': 0.7669122245285962, 'sigma': 0.6984698727148729, 'moneyness': 0.01}",0,0
2025-01-06 09:30:00,1,1,1,straddle_component,62,SPXW_6035_CE_20250106,50,27.5,trade,"{'detailed': True, 'instrument_type': 'option', 'underlying': 'SPXW', 'strike': 6035, 'expiry': '2025-01-06', 'dividend_rate': 0.015, 'opt_type': 'CE', 'timestamp': '2025-01-06 09:30:00', 'underlying_spot': 6034.75, 'id': 62, 'bid': 26.75, 'ask': 27.5, 'mid': 27.12, 'delta': 0.5022787685470931, 'theta': -24.75767646189331, 'gamma': 0.0058566135763271, 'vega': 0.8141229464236943, 'sigma': 0.3337867627531157, 'moneyness': 0.0}",0,0
2025-01-06 09:30:00,2,1,1,straddle_component,159,SPXW_6035_PE_20250106,50,3.2,trade,"{'detailed': True, 'instrument_type': 'option', 'underlying': 'SPXW', 'strike': 6035, 'expiry': '2025-01-06', 'dividend_rate': 0.015, 'opt_type': 'PE', 'timestamp': '2025-01-06 09:30:00', 'underlying_spot': 6034.75, 'id': 159, 'bid': 3.1, 'ask': 3.2, 'mid': 3.15, 'delta': -0.4995042315688147, 'theta': -2.6675145844808497, 'gamma': 0.0513345141817112, 'vega': 0.8141355885139703, 'sigma': 0.038081422693092, 'moneyness': -0.0}",0,0
2025-03-24 09:30:00,1,1,1,straddle_component,1462,SPXW_5775_CE_20250324,50,34.25,trade,"{'detailed': True, 'instrument_type': 'option', 'underlying': 'SPXW', 'strike': 5775, 'expiry': '2025-03-24', 'dividend_rate': 0.015, 'opt_type': 'CE', 'timestamp': '2025-03-24 09:30:00', 'underlying_spot': 5776.25, 'id': 1462, 'bid': 33.75, 'ask': 34.25, 'mid': 34.0, 'delta': 0.5100209356633911, 'theta': -30.270542108408296, 'gamma': 0.0047774992140148, 'vega': 0.7790165825460456, 'sigma': 0.4273647487676956, 'moneyness': -0.02}",0,0
2025-03-24 09:30:00,2,1,1,straddle_component,1570,SPXW_5775_PE_20250324,50,4.0,trade,"{'detailed': True, 'instrument_type': 'option', 'underlying': 'SPXW', 'strike': 5775, 'expiry': '2025-03-24', 'dividend_rate': 0.015, 'opt_type': 'PE', 'timestamp': '2025-03-24 09:30:00', 'underlying_spot': 5776.25, 'id': 1570, 'bid': 3.9, 'ask': 4.0, 'mid': 3.95, 'delta': -0.4482220103265932, 'theta': -3.839298048468426, 'gamma': 0.0341997718544817, 'vega': 0.7725018777305144, 'sigma': 0.0592153888891284, 'moneyness': 0.02}",0,0
2025-03-31 09:30:00,1,1,1,straddle_component,42559447,SPXW_5565_CE_20250331,50,27.75,trade,"{'detailed': True, 'instrument_type': 'option', 'underlying': 'SPXW', 'strike': 5565, 'expiry': '2025-03-31', 'dividend_rate': 0.015, 'opt_type': 'CE', 'timestamp': '2025-03-31 09:30:00', 'underlying_spot': 5566.75, 'id': 42559447, 'bid': 27.25, 'ask': 27.75, 'mid': 27.5, 'delta': 0.5142819382522035, 'theta': -24.09293488825625, 'gamma': 0.0059907448601848, 'vega': 0.7505177094897455, 'sigma': 0.3535256619390891, 'moneyness': -0.03}",0,0
2025-03-31 09:30:00,2,1,1,straddle_component,42573293,SPXW_5565_PE_20250331,50,28.75,trade,"{'detailed': True, 'instrument_type': 'option', 'underlying': 'SPXW', 'strike': 5565, 'expiry': '2025-03-31', 'dividend_rate': 0.015, 'opt_type': 'PE', 'timestamp': '2025-03-31 09:30:00', 'underlying_spot': 5566.75, 'id': 42573293, 'bid': 28.25, 'ask': 28.75, 'mid': 28.5, 'delta': -0.4866264221412564, 'theta': -26.488607009924536, 'gamma': 0.0054028996032684, 'vega': 0.7505770811327412, 'sigma': 0.3920208080315638, 'moneyness': 0.03}",0,0
2025-04-21 09:30:00,1,1,1,straddle_component,713,SPXW_5260_CE_20250421,50,6.75,trade,"{'detailed': True, 'instrument_type': 'option', 'underlying': 'SPXW', 'strike': 5260, 'expiry': '2025-04-21', 'dividend_rate': 0.015, 'opt_type': 'CE', 'timestamp': '2025-04-21 09:30:00', 'underlying_spot': 5261.0, 'id': 713, 'bid': 6.6, 'ask': 6.75, 'mid': 6.68, 'delta': 0.5324644435325432, 'theta': -5.5175000257558775, 'gamma': 0.026033622759769, 'vega': 0.7073687403691133, 'sigma': 0.0858496135350634, 'moneyness': -0.02}",0,0
2025-04-21 09:30:00,2,1,1,straddle_component,903,SPXW_5260_PE_20250421,50,65.0,trade,"{'detailed': True, 'instrument_type': 'option', 'underlying': 'SPXW', 'strike': 5260, 'expiry': '2025-04-21', 'dividend_rate': 0.015, 'opt_type': 'PE', 'timestamp': '2025-04-21 09:30:00', 'underlying_spot': 5261.0, 'id': 903, 'bid': 64.0, 'ask': 65.0, 'mid': 64.5, 'delta': -0.4908272537882396, 'theta': -58.85876113447071, 'gamma': 0.0024450746138882, 'vega': 0.7095635204427957, 'sigma': 0.9168708016661224, 'moneyness': 0.02}",0,0
2025-05-12 09:30:00,1,1,1,straddle_component,321,SPXW_5840_CE_20250512,50,7.0,trade,"{'detailed': True, 'instrument_type': 'option', 'underlying': 'SPXW', 'strike': 5840, 'expiry': '2025-05-12', 'dividend_rate': 0.015, 'opt_type': 'CE', 'timestamp': '2025-05-12 09:30:00', 'underlying_spot': 5840.0, 'id': 321, 'bid': 6.85, 'ask': 7.0, 'mid': 6.92, 'delta': 0.5063104778246785, 'theta': -6.333789021149189, 'gamma': 0.0232251801701721, 'vega': 0.7877632353105137, 'sigma': 0.086967311371672, 'moneyness': 0.0}",0,0
2025-05-12 09:30:00,2,1,1,straddle_component,473,SPXW_5840_PE_20250512,50,34.5,trade,"{'detailed': True, 'instrument_type': 'option', 'underlying': 'SPXW', 'strike': 5840, 'expiry': '2025-05-12', 'dividend_rate': 0.015, 'opt_type': 'PE', 'timestamp': '2025-05-12 09:30:00', 'underlying_spot': 5840.0, 'id': 473, 'bid': 33.5, 'ask': 34.5, 'mid': 34.0, 'delta': -0.4959317124040296, 'theta': -30.764974700143807, 'gamma': 0.0046705652323453, 'vega': 0.7878219211899555, 'sigma': 0.4324913736223744, 'moneyness': 0.0}",0,0
2025-03-03 09:30:00,1,1,1,straddle_component,42504105,SPXW_6040_CE_20250303,50,2.05,trade,"{'detailed': True, 'instrument_type': 'option', 'underlying': 'SPXW', 'strike': 6040, 'expiry': '2025-03-03', 'dividend_rate': 0.015, 'opt_type': 'CE', 'timestamp': '2025-03-03 09:30:00', 'underlying_spot': 6038.0, 'id': 42504105, 'bid': 1.9, 'ask': 2.05, 'mid': 1.98, 'delta': 0.4021419506055057, 'theta': -2.0161376868078933, 'gamma': 0.0550732424553501, 'vega': 0.7877533041422329, 'sigma': 0.0344043911772684, 'moneyness': 0.03}",0,0
2025-03-03 09:30:00,2,1,1,straddle_component,42524521,SPXW_6040_PE_20250303,50,57.75,trade,"{'detailed': True, 'instrument_type': 'option', 'underlying': 'SPXW', 'strike': 6040, 'expiry': '2025-03-03', 'dividend_rate': 0.015, 'opt_type': 'PE', 'timestamp': '2025-03-03 09:30:00', 'underlying_spot': 6038.0, 'id': 42524521, 'bid': 56.5, 'ask': 57.75, 'mid': 57.12, 'delta': -0.5002893454751245, 'theta': -50.75865034199676, 'gamma': 0.0028324697609605, 'vega': 0.8145744516773554, 'sigma': 0.6898010081004337, 'moneyness': -0.03}",0,0
2025-05-06 09:30:00,1,1,1,straddle_component,88,SPXW_5620_CE_20250506,50,31.0,trade,"{'detailed': True, 'instrument_type': 'option', 'underlying': 'SPXW', 'strike': 5620, 'expiry': '2025-05-06', 'dividend_rate': 0.015, 'opt_type': 'CE', 'timestamp': '2025-05-06 09:30:00', 'underlying_spot': 5619.25, 'id': 88, 'bid': 30.5, 'ask': 31.0, 'mid': 30.75, 'delta': 0.500134637794325, 'theta': -28.25279835253901, 'gamma': 0.005125302529052, 'vega': 0.7580818889391008, 'sigma': 0.4096228548586464, 'moneyness': 0.01}",0,0
2025-05-06 09:30:00,2,1,1,straddle_component,211,SPXW_5620_PE_20250506,50,7.025,trade,"{'detailed': True, 'instrument_type': 'option', 'underlying': 'SPXW', 'strike': 5620, 'expiry': '2025-05-06', 'dividend_rate': 0.015, 'opt_type': 'PE', 'timestamp': '2025-05-06 09:30:00', 'underlying_spot': 5619.25, 'id': 211, 'bid': 6.9, 'ask': 7.025, 'mid': 6.96, 'delta': -0.5116741416625992, 'theta': -5.846700505020832, 'gamma': 0.0239113370525956, 'vega': 0.7577526319923447, 'sigma': 0.0877635235296909, 'moneyness': -0.01}",0,0
2025-06-03 09:30:00,1,1,1,straddle_component,99,SPXW_5950_CE_20250603,50,15.5,trade,"{'detailed': True, 'instrument_type': 'option', 'underlying': 'SPXW', 'strike': 5950, 'expiry': '2025-06-03', 'dividend_rate': 0.015, 'opt_type': 'CE', 'timestamp': '2025-06-03 09:30:00', 'underlying_spot': 5950.5, 'id': 99, 'bid': 15.0, 'ask': 15.5, 'mid': 15.25, 'delta': 0.5092631774141765, 'theta': -13.640908016879852, 'gamma': 0.0106612440120557, 'vega': 0.8025533455532106, 'sigma': 0.1859106035923187, 'moneyness': -0.01}",0,0
2025-06-03 09:30:00,2,1,1,straddle_component,202,SPXW_5950_PE_20250603,50,7.75,trade,"{'detailed': True, 'instrument_type': 'option', 'underlying': 'SPXW', 'strike': 5950, 'expiry': '2025-06-03', 'dividend_rate': 0.015, 'opt_type': 'PE', 'timestamp': '2025-06-03 09:30:00', 'underlying_spot': 5950.5, 'id': 202, 'bid': 7.6, 'ask': 7.75, 'mid': 7.68, 'delta': -0.4843814874030627, 'theta': -7.102182948544992, 'gamma': 0.0198893592795457, 'vega': 0.8021492091639275, 'sigma': 0.0996036418773584, 'moneyness': 0.01}",0,0
2025-03-18 09:30:00,1,1,1,straddle_component,619,SPXW_5700_CE_20250318,50,1.75,trade,"{'detailed': True, 'instrument_type': 'option', 'underlying': 'SPXW', 'strike': 5700, 'expiry': '2025-03-18', 'dividend_rate': 0.015, 'opt_type': 'CE', 'timestamp': '2025-03-18 09:30:00', 'underlying_spot': 5702.25, 'id': 619, 'bid': 1.65, 'ask': 1.75, 'mid': 1.7, 'delta': 1.000000000023138, 'theta': -0.2384146683302153, 'gamma': 4.440892098500626e-12, 'vega': 0.0446525478672832, 'sigma': 0.0, 'moneyness': -0.04}",0,0
2025-03-18 09:30:00,2,1,1,straddle_component,733,SPXW_5700_PE_20250318,50,78.75,trade,"{'detailed': True, 'instrument_type': 'option', 'underlying': 'SPXW', 'strike': 5700, 'expiry': '2025-03-18', 'dividend_rate': 0.015, 'opt_type': 'PE', 'timestamp': '2025-03-18 09:30:00', 'underlying_spot': 5702.25, 'id': 733, 'bid': 78.0, 'ask': 78.75, 'mid': 78.38, 'delta': -0.4880416839185386, 'theta': -71.95810922287966, 'gamma': 0.0019988431176898, 'vega': 0.7689336766480181, 'sigma': 1.0345754558109974, 'moneyness': 0.04}",0,0
2025-05-13 09:30:00,1,1,1,straddle_component,340,SPXW_5865_CE_20250513,50,42.75,trade,"{'detailed': True, 'instrument_type': 'option', 'underlying': 'SPXW', 'strike': 5865, 'expiry': '2025-05-13', 'dividend_rate': 0.015, 'opt_type': 'CE', 'timestamp': '2025-05-13 09:30:00', 'underlying_spot': 5864.25, 'id': 340, 'bid': 41.75, 'ask': 42.75, 'mid': 42.25, 'delta': 0.5017483547543833, 'theta': -38.68395682173754, 'gamma': 0.0037403857078288, 'vega': 0.791126808677987, 'sigma': 0.5378353199718533, 'moneyness': 0.01}",0,0
2025-05-13 09:30:00,2,1,1,straddle_component,456,SPXW_5865_PE_20250513,50,3.675,trade,"{'detailed': True, 'instrument_type': 'option', 'underlying': 'SPXW', 'strike': 5865, 'expiry': '2025-05-13', 'dividend_rate': 0.015, 'opt_type': 'PE', 'timestamp': '2025-05-13 09:30:00', 'underlying_spot': 5864.25, 'id': 456, 'bid': 3.55, 'ask': 3.675, 'mid': 3.61, 'delta': -0.5239237665586982, 'theta': -2.7429580699553027, 'gamma': 0.0481118333661712, 'vega': 0.7896229612859742, 'sigma': 0.0417384255403747, 'moneyness': -0.01}",0,0
2025-06-10 09:30:00,1,1,1,straddle_component,258,SPXW_6020_CE_20250610,50,14.0,trade,"{'detailed': True, 'instrument_type': 'option', 'underlying': 'SPXW', 'strike': 6020, 'expiry': '2025-06-10', 'dividend_rate': 0.015, 'opt_type': 'CE', 'timestamp': '2025-06-10 09:30:00', 'underlying_spot': 6020.5, 'id': 258, 'bid': 13.5, 'ask': 14.0, 'mid': 13.75, 'delta': 0.5100545543911039, 'theta': -12.280360938637209, 'gamma': 0.0118530335058153, 'vega': 0.8119550695434361, 'sigma': 0.1652654443523907, 'moneyness': -0.01}",0,0
2025-06-10 09:30:00,2,1,1,straddle_component,386,SPXW_6020_PE_20250610,50,7.7,trade,"{'detailed': True, 'instrument_type': 'option', 'underlying': 'SPXW', 'strike': 6020, 'expiry': '2025-06-10', 'dividend_rate': 0.015, 'opt_type': 'PE', 'timestamp': '2025-06-10 09:30:00', 'underlying_spot': 6020.5, 'id': 386, 'bid': 7.55, 'ask': 7.7, 'mid': 7.62, 'delta': -0.4842418135010184, 'theta': -7.056058086806588, 'gamma': 0.0200121598936675, 'vega': 0.8115739445350862, 'sigma': 0.0978400529696391, 'moneyness': 0.01}",0,0
2025-03-04 09:30:00,1,1,1,straddle_component,177,SPXW_5870_CE_20250304,50,2.45,trade,"{'detailed': True, 'instrument_type': 'option', 'underlying': 'SPXW', 'strike': 5870, 'expiry': '2025-03-04', 'dividend_rate': 0.015, 'opt_type': 'CE', 'timestamp': '2025-03-04 09:30:00', 'underlying_spot': 5871.0, 'id': 177, 'bid': 2.3, 'ask': 2.45, 'mid': 2.38, 'delta': 0.6126183162190602, 'theta': -1.4331415792518356, 'gamma': 0.087701150781605, 'vega': 0.7525671704202012, 'sigma': 0.0219929944078709, 'moneyness': -0.02}",0,0
2025-03-04 09:30:00,2,1,1,straddle_component,345,SPXW_5870_PE_20250304,50,104.75,trade,"{'detailed': True, 'instrument_type': 'option', 'underlying': 'SPXW', 'strike': 5870, 'expiry': '2025-03-04', 'dividend_rate': 0.015, 'opt_type': 'PE', 'timestamp': '2025-03-04 09:30:00', 'underlying_spot': 5871.0, 'id': 345, 'bid': 101.75, 'ask': 104.75, 'mid': 103.25, 'delta': -0.4892451085375171, 'theta': -93.98374269541462, 'gamma': 0.0015320948421049, 'vega': 0.7917572063265936, 'sigma': 1.3110733280036535, 'moneyness': 0.02}",0,0
2025-01-07 09:30:00,1,1,1,straddle_component,122,SPXW_6045_CE_20250107,50,1.9,trade,"{'detailed': True, 'instrument_type': 'option', 'underlying': 'SPXW', 'strike': 6045, 'expiry': '2025-01-07', 'dividend_rate': 0.015, 'opt_type': 'CE', 'timestamp': '2025-01-07 09:30:00', 'underlying_spot': 6044.0, 'id': 122, 'bid': 1.8, 'ask': 1.9, 'mid': 1.85, 'delta': 0.4476187227884676, 'theta': -1.8900912864942927, 'gamma': 0.0701640076616882, 'vega': 0.8072859722484456, 'sigma': 0.0275789752534659, 'moneyness': 0.02}",0,0
2025-01-07 09:30:00,2,1,1,straddle_component,222,SPXW_6045_PE_20250107,50,51.0,trade,"{'detailed': True, 'instrument_type': 'option', 'underlying': 'SPXW', 'strike': 6045, 'expiry': '2025-01-07', 'dividend_rate': 0.015, 'opt_type': 'PE', 'timestamp': '2025-01-07 09:30:00', 'underlying_spot': 6044.0, 'id': 222, 'bid': 43.125, 'ask': 51.0, 'mid': 47.06, 'delta': -0.4986841186497059, 'theta': -42.13238258958603, 'gamma': 0.0034127437942288, 'vega': 0.8153796866410872, 'sigma': 0.571941783399746, 'moneyness': -0.02}",0,0
2025-02-25 09:30:00,1,1,1,straddle_component,1842,SPXW_6000_CE_20250225,50,2.15,trade,"{'detailed': True, 'instrument_type': 'option', 'underlying': 'SPXW', 'strike': 6000, 'expiry': '2025-02-25', 'dividend_rate': 0.015, 'opt_type': 'CE', 'timestamp': '2025-02-25 09:30:00', 'underlying_spot': 6000.5, 'id': 1842, 'bid': 2.05, 'ask': 2.15, 'mid': 2.1, 'delta': 0.5680857412699192, 'theta': -1.6336372543296314, 'gamma': 0.0893182622130339, 'vega': 0.7945999062409068, 'sigma': 0.0216903928551216, 'moneyness': -0.01}",0,0
2025-02-25 09:30:00,2,1,1,straddle_component,1968,SPXW_6000_PE_20250225,50,63.25,trade,"{'detailed': True, 'instrument_type': 'option', 'underlying': 'SPXW', 'strike': 6000, 'expiry': '2025-02-25', 'dividend_rate': 0.015, 'opt_type': 'PE', 'timestamp': '2025-02-25 09:30:00', 'underlying_spot': 6000.5, 'id': 1968, 'bid': 62.0, 'ask': 63.25, 'mid': 62.62, 'delta': -0.4928503156559571, 'theta': -56.93500626070594, 'gamma': 0.0025276259663087, 'vega': 0.809385621327511, 'sigma': 0.7776983293340963, 'moneyness': 0.01}",0,0
2025-04-15 09:30:00,1,1,1,straddle_component,633,SPXW_5450_CE_20250415,50,23.25,trade,"{'detailed': True, 'instrument_type': 'option', 'underlying': 'SPXW', 'strike': 5450, 'expiry': '2025-04-15', 'dividend_rate': 0.015, 'opt_type': 'CE', 'timestamp': '2025-04-15 09:30:00', 'underlying_spot': 5449.25, 'id': 633, 'bid': 22.5, 'ask': 23.25, 'mid': 22.88, 'delta': 0.4985564314349489, 'theta': -21.10730932944807, 'gamma': 0.0068660979479773, 'vega': 0.7351427345291963, 'sigma': 0.3153062384752967, 'moneyness': 0.01}",0,0
2025-04-15 09:30:00,2,1,1,straddle_component,799,SPXW_5450_PE_20250415,50,26.0,trade,"{'detailed': True, 'instrument_type': 'option', 'underlying': 'SPXW', 'strike': 5450, 'expiry': '2025-04-15', 'dividend_rate': 0.015, 'opt_type': 'PE', 'timestamp': '2025-04-15 09:30:00', 'underlying_spot': 5449.25, 'id': 799, 'bid': 25.5, 'ask': 26.0, 'mid': 25.75, 'delta': -0.5009186710994484, 'theta': -22.93121857463585, 'gamma': 0.0062557707636301, 'vega': 0.7351456074225649, 'sigma': 0.3460695723049358, 'moneyness': -0.01}",0,0
2025-01-14 09:30:00,1,1,1,straddle_component,274,SPXW_5895_CE_20250114,50,14.5,trade,"{'detailed': True, 'instrument_type': 'option', 'underlying': 'SPXW', 'strike': 5895, 'expiry': '2025-01-14', 'dividend_rate': 0.015, 'opt_type': 'CE', 'timestamp': '2025-01-14 09:30:00', 'underlying_spot': 5897.25, 'id': 274, 'bid': 14.0, 'ask': 14.5, 'mid': 14.25, 'delta': 0.5316239098205777, 'theta': -11.643080584663853, 'gamma': 0.0121864335334009, 'vega': 0.7930767745222331, 'sigma': 0.1636398393056466, 'moneyness': -0.04}",0,0
2025-01-14 09:30:00,2,1,1,straddle_component,375,SPXW_5895_PE_20250114,50,17.25,trade,"{'detailed': True, 'instrument_type': 'option', 'underlying': 'SPXW', 'strike': 5895, 'expiry': '2025-01-14', 'dividend_rate': 0.015, 'opt_type': 'PE', 'timestamp': '2025-01-14 09:30:00', 'underlying_spot': 5897.25, 'id': 375, 'bid': 17.0, 'ask': 17.25, 'mid': 17.12, 'delta': -0.4767286425044759, 'theta': -16.260983513126387, 'gamma': 0.0086808293175977, 'vega': 0.7942301913487704, 'sigma': 0.2300552583189108, 'moneyness': 0.04}",0,0
2025-04-22 09:30:00,1,1,1,straddle_component,1144,SPXW_5235_CE_20250422,50,48.5,trade,"{'detailed': True, 'instrument_type': 'option', 'underlying': 'SPXW', 'strike': 5235, 'expiry': '2025-04-22', 'dividend_rate': 0.015, 'opt_type': 'CE', 'timestamp': '2025-04-22 09:30:00', 'underlying_spot': 5237.5, 'id': 1144, 'bid': 47.5, 'ask': 48.5, 'mid': 48.0, 'delta': 0.5137322524497279, 'theta': -42.31681985043031, 'gamma': 0.0034070185961354, 'vega': 0.7061621205787318, 'sigma': 0.6607336013829328, 'moneyness': -0.05}",0,0
2025-04-22 09:30:00,2,1,1,straddle_component,1320,SPXW_5235_PE_20250422,50,8.9,trade,"{'detailed': True, 'instrument_type': 'option', 'underlying': 'SPXW', 'strike': 5235, 'expiry': '2025-04-22', 'dividend_rate': 0.015, 'opt_type': 'PE', 'timestamp': '2025-04-22 09:30:00', 'underlying_spot': 5237.5, 'id': 1320, 'bid': 8.7, 'ask': 8.9, 'mid': 8.8, 'delta': -0.4560861382606695, 'theta': -8.584217947621203, 'gamma': 0.015719104720091, 'vega': 0.7022755947538268, 'sigma': 0.1424258102302202, 'moneyness': 0.05}",0,0
2025-04-29 09:30:00,1,1,1,straddle_component,1626,SPXW_5535_CE_20250429,50,24.75,trade,"{'detailed': True, 'instrument_type': 'option', 'underlying': 'SPXW', 'strike': 5535, 'expiry': '2025-04-29', 'dividend_rate': 0.015, 'opt_type': 'CE', 'timestamp': '2025-04-29 09:30:00', 'underlying_spot': 5534.0, 'id': 1626, 'bid': 24.25, 'ask': 24.75, 'mid': 24.5, 'delta': 0.4973588824016772, 'theta': -22.68104373609856, 'gamma': 0.0063847206988043, 'vega': 0.7465646212541177, 'sigma': 0.3338811900614592, 'moneyness': 0.02}",0,0
2025-04-29 09:30:00,2,1,1,straddle_component,1765,SPXW_5535_PE_20250429,50,15.0,trade,"{'detailed': True, 'instrument_type': 'option', 'underlying': 'SPXW', 'strike': 5535, 'expiry': '2025-04-29', 'dividend_rate': 0.015, 'opt_type': 'PE', 'timestamp': '2025-04-29 09:30:00', 'underlying_spot': 5534.0, 'id': 1765, 'bid': 14.75, 'ask': 15.0, 'mid': 14.88, 'delta': -0.5071423974390754, 'theta': -12.919171663406658, 'gamma': 0.0110205229830739, 'vega': 0.7464609301650622, 'sigma': 0.1934066837170296, 'moneyness': -0.02}",0,0
2025-02-11 09:30:00,1,1,1,straddle_component,178,SPXW_6070_CE_20250211,50,17.75,trade,"{'detailed': True, 'instrument_type': 'option', 'underlying': 'SPXW', 'strike': 6070, 'expiry': '2025-02-11', 'dividend_rate': 0.015, 'opt_type': 'CE', 'timestamp': '2025-02-11 09:30:00', 'underlying_spot': 6069.0, 'id': 178, 'bid': 17.25, 'ask': 17.75, 'mid': 17.5, 'delta': 0.4948702387828518, 'theta': -16.32741718170202, 'gamma': 0.0088807347964348, 'vega': 0.8186889061935059, 'sigma': 0.2188670517944688, 'moneyness': 0.02}",0,0
2025-02-11 09:30:00,2,1,1,straddle_component,267,SPXW_6070_PE_20250211,50,6.6,trade,"{'detailed': True, 'instrument_type': 'option', 'underlying': 'SPXW', 'strike': 6070, 'expiry': '2025-02-11', 'dividend_rate': 0.015, 'opt_type': 'PE', 'timestamp': '2025-02-11 09:30:00', 'underlying_spot': 6069.0, 'id': 267, 'bid': 6.45, 'ask': 6.6, 'mid': 6.52, 'delta': -0.5189258527690921, 'theta': -5.268620386284486, 'gamma': 0.0260988149580754, 'vega': 0.8178174827369791, 'sigma': 0.0743969825857145, 'moneyness': -0.02}",0,0
2025-03-11 09:30:00,1,1,1,straddle_component,401,SPXW_5665_CE_20250311,50,4.8,trade,"{'detailed': True, 'instrument_type': 'option', 'underlying': 'SPXW', 'strike': 5665, 'expiry': '2025-03-11', 'dividend_rate': 0.015, 'opt_type': 'CE', 'timestamp': '2025-03-11 09:30:00', 'underlying_spot': 5663.75, 'id': 401, 'bid': 4.65, 'ask': 4.8, 'mid': 4.72, 'delta': 0.4699069005127398, 'theta': -4.670099344738307, 'gamma': 0.0301710800343357, 'vega': 0.7618623182690385, 'sigma': 0.0688413626527046, 'moneyness': 0.02}",0,0
2025-03-11 09:30:00,2,1,1,straddle_component,580,SPXW_5665_PE_20250311,50,89.75,trade,"{'detailed': True, 'instrument_type': 'option', 'underlying': 'SPXW', 'strike': 5665, 'expiry': '2025-03-11', 'dividend_rate': 0.015, 'opt_type': 'PE', 'timestamp': '2025-03-11 09:30:00', 'underlying_spot': 5663.75, 'id': 580, 'bid': 85.25, 'ask': 89.75, 'mid': 87.5, 'delta': -0.4941752587754422, 'theta': -78.68157790658263, 'gamma': 0.0018303677506992, 'vega': 0.7640039057723982, 'sigma': 1.1378725058192425, 'moneyness': -0.02}",0,0
2025-01-21 09:30:00,1,1,1,straddle_component,641,SPXW_6065_CE_20250121,50,8.825,trade,"{'detailed': True, 'instrument_type': 'option', 'underlying': 'SPXW', 'strike': 6065, 'expiry': '2025-01-21', 'dividend_rate': 0.015, 'opt_type': 'CE', 'timestamp': '2025-01-21 09:30:00', 'underlying_spot': 6063.75, 'id': 641, 'bid': 8.65, 'ask': 8.825, 'mid': 8.74, 'delta': 0.483713746396841, 'theta': -8.405098892676914, 'gamma': 0.0171442838414748, 'vega': 0.8173609485166953, 'sigma': 0.1133860430301772, 'moneyness': 0.02}",0,0
2025-01-21 09:30:00,2,1,1,straddle_component,771,SPXW_6065_PE_20250121,50,14.0,trade,"{'detailed': True, 'instrument_type': 'option', 'underlying': 'SPXW', 'strike': 6065, 'expiry': '2025-01-21', 'dividend_rate': 0.015, 'opt_type': 'PE', 'timestamp': '2025-01-21 09:30:00', 'underlying_spot': 6063.75, 'id': 771, 'bid': 13.5, 'ask': 14.0, 'mid': 13.75, 'delta': -0.5109022483674508, 'theta': -11.74001868801709, 'gamma': 0.0120593320573902, 'vega': 0.8177416516239528, 'sigma': 0.1612707392366243, 'moneyness': -0.02}",0,0
2025-03-25 09:30:00,1,1,1,straddle_component,977,SPXW_5830_CE_20250325,50,11.25,trade,"{'detailed': True, 'instrument_type': 'option', 'underlying': 'SPXW', 'strike': 5830, 'expiry': '2025-03-25', 'dividend_rate': 0.015, 'opt_type': 'CE', 'timestamp': '2025-03-25 09:30:00', 'underlying_spot': 5828.25, 'id': 977, 'bid': 10.75, 'ask': 11.25, 'mid': 11.0, 'delta': 0.480706647708029, 'theta': -10.606344652569096, 'gamma': 0.0134911280191829, 'vega': 0.785353514079782, 'sigma': 0.1498606563914141, 'moneyness': 0.03}",0,0
2025-03-25 09:30:00,2,1,1,straddle_component,1059,SPXW_5830_PE_20250325,50,10.25,trade,"{'detailed': True, 'instrument_type': 'option', 'underlying': 'SPXW', 'strike': 5830, 'expiry': '2025-03-25', 'dividend_rate': 0.015, 'opt_type': 'PE', 'timestamp': '2025-03-25 09:30:00', 'underlying_spot': 5828.25, 'id': 1059, 'bid': 10.0, 'ask': 10.25, 'mid': 10.12, 'delta': -0.5249214458791229, 'theta': -8.063279558173718, 'gamma': 0.0170802185905927, 'vega': 0.784731315433211, 'sigma': 0.1182775281372458, 'moneyness': -0.03}",0,0
2025-05-27 09:30:00,1,1,1,straddle_component,1596,SPXW_5890_CE_20250527,50,20.5,trade,"{'detailed': True, 'instrument_type': 'option', 'underlying': 'SPXW', 'strike': 5890, 'expiry': '2025-05-27', 'dividend_rate': 0.015, 'opt_type': 'CE', 'timestamp': '2025-05-27 09:30:00', 'underlying_spot': 5887.75, 'id': 1596, 'bid': 20.0, 'ask': 20.5, 'mid': 20.25, 'delta': 0.4868440033755306, 'theta': -19.23392374933629, 'gamma': 0.0074745466704939, 'vega': 0.793872028338674, 'sigma': 0.2679241580505305, 'moneyness': 0.04}",0,0
2025-05-27 09:30:00,2,1,1,straddle_component,1738,SPXW_5890_PE_20250527,50,5.7,trade,"{'detailed': True, 'instrument_type': 'option', 'underlying': 'SPXW', 'strike': 5890, 'expiry': '2025-05-27', 'dividend_rate': 0.015, 'opt_type': 'PE', 'timestamp': '2025-05-27 09:30:00', 'underlying_spot': 5887.75, 'id': 1738, 'bid': 5.55, 'ask': 5.7, 'mid': 5.62, 'delta': -0.5701070320341284, 'theta': -3.3131982695372426, 'gamma': 0.0348587358711682, 'vega': 0.7816151786093002, 'sigma': 0.0565907482161165, 'moneyness': -0.04}",0,0
2025-02-18 09:30:00,1,1,1,straddle_component,729,SPXW_6145_CE_20250218,50,3.55,trade,"{'detailed': True, 'instrument_type': 'option', 'underlying': 'SPXW', 'strike': 6145, 'expiry': '2025-02-18', 'dividend_rate': 0.015, 'opt_type': 'CE', 'timestamp': '2025-02-18 09:30:00', 'underlying_spot': 6143.5, 'id': 729, 'bid': 3.45, 'ask': 3.55, 'mid': 3.5, 'delta': 0.4527314519280789, 'theta': -3.521799563948718, 'gamma': 0.0381927433235063, 'vega': 0.8227382541014425, 'sigma': 0.0499255411817305, 'moneyness': 0.02}",0,0
2025-02-18 09:30:00,2,1,1,straddle_component,837,SPXW_6145_PE_20250218,50,18.5,trade,"{'detailed': True, 'instrument_type': 'option', 'underlying': 'SPXW', 'strike': 6145, 'expiry': '2025-02-18', 'dividend_rate': 0.015, 'opt_type': 'PE', 'timestamp': '2025-02-18 09:30:00', 'underlying_spot': 6143.5, 'id': 837, 'bid': 17.75, 'ask': 18.5, 'mid': 18.12, 'delta': -0.509899401567182, 'theta': -15.582863069059542, 'gamma': 0.0091219396125552, 'vega': 0.828551543205295, 'sigma': 0.2104483587796588, 'moneyness': -0.02}",0,0
2025-04-01 09:30:00,1,1,1,straddle_component,329,SPXW_5630_CE_20250401,50,14.625,trade,"{'detailed': True, 'instrument_type': 'option', 'underlying': 'SPXW', 'strike': 5630, 'expiry': '2025-04-01', 'dividend_rate': 0.015, 'opt_type': 'CE', 'timestamp': '2025-04-01 09:30:00', 'underlying_spot': 5631.25, 'id': 329, 'bid': 14.25, 'ask': 14.625, 'mid': 14.44, 'delta': 0.5184550601793347, 'theta': -12.481488028089371, 'gamma': 0.0115770365027856, 'vega': 0.7588856444312411, 'sigma': 0.1807653123317084, 'moneyness': -0.02}",0,0
2025-04-01 09:30:00,2,1,1,straddle_component,486,SPXW_5630_PE_20250401,50,26.5,trade,"{'detailed': True, 'instrument_type': 'option', 'underlying': 'SPXW', 'strike': 5630, 'expiry': '2025-04-01', 'dividend_rate': 0.015, 'opt_type': 'PE', 'timestamp': '2025-04-01 09:30:00', 'underlying_spot': 5631.25, 'id': 486, 'bid': 26.0, 'ask': 26.5, 'mid': 26.25, 'delta': -0.4888210108802582, 'theta': -24.26012734027868, 'gamma': 0.0059046205080903, 'vega': 0.7594024104305532, 'sigma': 0.3546622608052755, 'moneyness': 0.02}",0,0
2025-01-28 09:30:00,1,1,1,straddle_component,1318,SPXW_6055_CE_20250128,50,26.0,trade,"{'detailed': True, 'instrument_type': 'option', 'underlying': 'SPXW', 'strike': 6055, 'expiry': '2025-01-28', 'dividend_rate': 0.015, 'opt_type': 'CE', 'timestamp': '2025-01-28 09:30:00', 'underlying_spot': 6055.25, 'id': 1318, 'bid': 25.5, 'ask': 26.0, 'mid': 25.75, 'delta': 0.5052585385953989, 'theta': -23.284992979547336, 'gamma': 0.0062285939605999, 'vega': 0.8168308495701933, 'sigma': 0.3127681346516432, 'moneyness': -0.0}",0,0
2025-01-28 09:30:00,2,1,1,straddle_component,1422,SPXW_6055_PE_20250128,50,6.2,trade,"{'detailed': True, 'instrument_type': 'option', 'underlying': 'SPXW', 'strike': 6055, 'expiry': '2025-01-28', 'dividend_rate': 0.015, 'opt_type': 'PE', 'timestamp': '2025-01-28 09:30:00', 'underlying_spot': 6055.25, 'id': 1422, 'bid': 6.1, 'ask': 6.2, 'mid': 6.15, 'delta': -0.4868061712527183, 'theta': -5.623199227230318, 'gamma': 0.0250535528412143, 'vega': 0.816448124222231, 'sigma': 0.0777218849261763, 'moneyness': 0.0}",0,0
2025-05-20 09:30:00,1,1,1,straddle_component,603,SPXW_5965_CE_20250520,50,9.25,trade,"{'detailed': True, 'instrument_type': 'option', 'underlying': 'SPXW', 'strike': 5965, 'expiry': '2025-05-20', 'dividend_rate': 0.015, 'opt_type': 'CE', 'timestamp': '2025-05-20 09:30:00', 'underlying_spot': 5966.5, 'id': 603, 'bid': 9.1, 'ask': 9.25, 'mid': 9.18, 'delta': 0.534146779577771, 'theta': -7.48008052406256, 'gamma': 0.0190462014337811, 'vega': 0.8019518131526135, 'sigma': 0.1034331000753002, 'moneyness': -0.03}",0,0
2025-05-20 09:30:00,2,1,1,straddle_component,711,SPXW_5965_PE_20250520,50,15.0,trade,"{'detailed': True, 'instrument_type': 'option', 'underlying': 'SPXW', 'strike': 5965, 'expiry': '2025-05-20', 'dividend_rate': 0.015, 'opt_type': 'PE', 'timestamp': '2025-05-20 09:30:00', 'underlying_spot': 5966.5, 'id': 711, 'bid': 14.75, 'ask': 15.0, 'mid': 14.88, 'delta': -0.480919343457753, 'theta': -13.989202806841767, 'gamma': 0.0101331830570927, 'vega': 0.8040058261081287, 'sigma': 0.1949035218030206, 'moneyness': 0.03}",0,0
2025-02-26 09:30:00,1,1,1,straddle_component,1822,SPXW_5980_CE_20250226,50,35.5,trade,"{'detailed': True, 'instrument_type': 'option', 'underlying': 'SPXW', 'strike': 5980, 'expiry': '2025-02-26', 'dividend_rate': 0.015, 'opt_type': 'CE', 'timestamp': '2025-02-26 09:30:00', 'underlying_spot': 5979.25, 'id': 1822, 'bid': 34.25, 'ask': 35.5, 'mid': 34.88, 'delta': 0.5006895130236444, 'theta': -31.99732314846793, 'gamma': 0.0045248526703289, 'vega': 0.8066476207864319, 'sigma': 0.4360442221988877, 'moneyness': 0.01}",0,0
2025-02-26 09:30:00,2,1,1,straddle_component,1921,SPXW_5980_PE_20250226,50,4.25,trade,"{'detailed': True, 'instrument_type': 'option', 'underlying': 'SPXW', 'strike': 5980, 'expiry': '2025-02-26', 'dividend_rate': 0.015, 'opt_type': 'PE', 'timestamp': '2025-02-26 09:30:00', 'underlying_spot': 5979.25, 'id': 1921, 'bid': 4.125, 'ask': 4.25, 'mid': 4.19, 'delta': -0.5200808608945451, 'theta': -3.28103297774696, 'gamma': 0.0409687039137907, 'vega': 0.8055791357263165, 'sigma': 0.0480986314511891, 'moneyness': -0.01}",0,0
2025-04-30 09:30:00,1,1,1,straddle_component,42522385,SPXW_5500_CE_20250430,50,39.0,trade,"{'detailed': True, 'instrument_type': 'option', 'underlying': 'SPXW', 'strike': 5500, 'expiry': '2025-04-30', 'dividend_rate': 0.015, 'opt_type': 'CE', 'timestamp': '2025-04-30 09:30:00', 'underlying_spot': 5498.5, 'id': 42522385, 'bid': 38.5, 'ask': 39.0, 'mid': 38.75, 'delta': 0.4984668983595952, 'theta': -35.81052511751669, 'gamma': 0.0040370078124851, 'vega': 0.7417862984042749, 'sigma': 0.5314657961903465, 'moneyness': 0.03}",0,0
2025-04-30 09:30:00,2,1,1,straddle_component,42523380,SPXW_5500_PE_20250430,50,22.0,trade,"{'detailed': True, 'instrument_type': 'option', 'underlying': 'SPXW', 'strike': 5500, 'expiry': '2025-04-30', 'dividend_rate': 0.015, 'opt_type': 'PE', 'timestamp': '2025-04-30 09:30:00', 'underlying_spot': 5498.5, 'id': 42523380, 'bid': 21.5, 'ask': 22.0, 'mid': 21.75, 'delta': -0.5076654708823014, 'theta': -18.89350415812317, 'gamma': 0.0075559259471447, 'vega': 0.741654594109761, 'sigma': 0.2839031614801248, 'moneyness': -0.03}",0,0
2025-04-23 09:30:00,1,1,1,straddle_component,1481,SPXW_5450_CE_20250423,50,52.75,trade,"{'detailed': True, 'instrument_type': 'option', 'underlying': 'SPXW', 'strike': 5450, 'expiry': '2025-04-23', 'dividend_rate': 0.015, 'opt_type': 'CE', 'timestamp': '2025-04-23 09:30:00', 'underlying_spot': 5447.75, 'id': 1481, 'bid': 51.75, 'ask': 52.75, 'mid': 52.25, 'delta': 0.4988595481826507, 'theta': -48.35561342832885, 'gamma': 0.0029864555983749, 'vega': 0.7349421959462106, 'sigma': 0.7251150292758372, 'moneyness': 0.04}",0,0
2025-04-23 09:30:00,2,1,1,straddle_component,1676,SPXW_5450_PE_20250423,50,15.25,trade,"{'detailed': True, 'instrument_type': 'option', 'underlying': 'SPXW', 'strike': 5450, 'expiry': '2025-04-23', 'dividend_rate': 0.015, 'opt_type': 'PE', 'timestamp': '2025-04-23 09:30:00', 'underlying_spot': 5447.75, 'id': 1676, 'bid': 15.0, 'ask': 15.25, 'mid': 15.12, 'delta': -0.5215944473727419, 'theta': -12.344121998212488, 'gamma': 0.0113188059458479, 'vega': 0.733864949626776, 'sigma': 0.191041436384038, 'moneyness': -0.04}",0,0
2025-03-05 09:30:00,1,1,1,straddle_component,202,SPXW_5850_CE_20250305,50,6.2,trade,"{'detailed': True, 'instrument_type': 'option', 'underlying': 'SPXW', 'strike': 5850, 'expiry': '2025-03-05', 'dividend_rate': 0.015, 'opt_type': 'CE', 'timestamp': '2025-03-05 09:30:00', 'underlying_spot': 5847.75, 'id': 202, 'bid': 6.05, 'ask': 6.2, 'mid': 6.12, 'delta': 0.4559689838659952, 'theta': -6.101617647031872, 'gamma': 0.0221975131164953, 'vega': 0.784037642149189, 'sigma': 0.0903302570513048, 'moneyness': 0.04}",0,0
2025-03-05 09:30:00,2,1,1,straddle_component,363,SPXW_5850_PE_20250305,50,82.0,trade,"{'detailed': True, 'instrument_type': 'option', 'underlying': 'SPXW', 'strike': 5850, 'expiry': '2025-03-05', 'dividend_rate': 0.015, 'opt_type': 'PE', 'timestamp': '2025-03-05 09:30:00', 'underlying_spot': 5847.75, 'id': 363, 'bid': 71.25, 'ask': 82.0, 'mid': 76.62, 'delta': -0.4977580559732075, 'theta': -68.32715439354749, 'gamma': 0.0021063159749701, 'vega': 0.7888959643467288, 'sigma': 0.9577742916398664, 'moneyness': -0.04}",0,0
2025-01-15 09:30:00,1,1,1,straddle_component,709,SPXW_5960_CE_20250115,50,33.0,trade,"{'detailed': True, 'instrument_type': 'option', 'underlying': 'SPXW', 'strike': 5960, 'expiry': '2025-01-15', 'dividend_rate': 0.015, 'opt_type': 'CE', 'timestamp': '2025-01-15 09:30:00', 'underlying_spot': 5961.25, 'id': 709, 'bid': 32.25, 'ask': 33.0, 'mid': 32.62, 'delta': 0.5101628853811491, 'theta': -29.02424352070148, 'gamma': 0.0049836528859259, 'vega': 0.8039594327911868, 'sigma': 0.3969686950835755, 'moneyness': -0.02}",0,0
2025-01-15 09:30:00,2,1,1,straddle_component,820,SPXW_5960_PE_20250115,50,6.1,trade,"{'detailed': True, 'instrument_type': 'option', 'underlying': 'SPXW', 'strike': 5960, 'expiry': '2025-01-15', 'dividend_rate': 0.015, 'opt_type': 'PE', 'timestamp': '2025-01-15 09:30:00', 'underlying_spot': 5961.25, 'id': 820, 'bid': 6.0, 'ask': 6.1, 'mid': 6.05, 'delta': -0.4639585026587234, 'theta': -5.810942029355918, 'gamma': 0.023561194186783, 'vega': 0.800890394655418, 'sigma': 0.0836508841818546, 'moneyness': 0.02}",0,0
2025-05-14 09:30:00,1,1,1,straddle_component,304,SPXW_5920_CE_20250514,50,9.2,trade,"{'detailed': True, 'instrument_type': 'option', 'underlying': 'SPXW', 'strike': 5920, 'expiry': '2025-05-14', 'dividend_rate': 0.015, 'opt_type': 'CE', 'timestamp': '2025-05-14 09:30:00', 'underlying_spot': 5918.25, 'id': 304, 'bid': 9.05, 'ask': 9.2, 'mid': 9.12, 'delta': 0.4767453612798178, 'theta': -8.870208112647072, 'gamma': 0.0160423077488758, 'vega': 0.7970531140884507, 'sigma': 0.1240462142328228, 'moneyness': 0.03}",0,0
2025-05-14 09:30:00,2,1,1,straddle_component,436,SPXW_5920_PE_20250514,50,19.0,trade,"{'detailed': True, 'instrument_type': 'option', 'underlying': 'SPXW', 'strike': 5920, 'expiry': '2025-05-14', 'dividend_rate': 0.015, 'opt_type': 'PE', 'timestamp': '2025-05-14 09:30:00', 'underlying_spot': 5918.25, 'id': 436, 'bid': 18.5, 'ask': 19.0, 'mid': 18.75, 'delta': -0.5117935434137522, 'theta': -16.00375418927007, 'gamma': 0.0088697691680295, 'vega': 0.7980696606947983, 'sigma': 0.2246398951099404, 'moneyness': -0.03}",0,0
2025-01-08 09:30:00,1,1,1,straddle_component,611,SPXW_5945_CE_20250108,50,11.0,trade,"{'detailed': True, 'instrument_type': 'option', 'underlying': 'SPXW', 'strike': 5945, 'expiry': '2025-01-08', 'dividend_rate': 0.015, 'opt_type': 'CE', 'timestamp': '2025-01-08 09:30:00', 'underlying_spot': 5946.25, 'id': 611, 'bid': 10.75, 'ask': 11.0, 'mid': 10.88, 'delta': 0.5243492194277444, 'theta': -9.223778835784197, 'gamma': 0.0156331626577355, 'vega': 0.8006935210642139, 'sigma': 0.1266724636435442, 'moneyness': -0.02}",0,0
2025-01-08 09:30:00,2,1,1,straddle_component,720,SPXW_5945_PE_20250108,50,25.5,trade,"{'detailed': True, 'instrument_type': 'option', 'underlying': 'SPXW', 'strike': 5945, 'expiry': '2025-01-08', 'dividend_rate': 0.015, 'opt_type': 'PE', 'timestamp': '2025-01-08 09:30:00', 'underlying_spot': 5946.25, 'id': 720, 'bid': 24.875, 'ask': 25.5, 'mid': 25.19, 'delta': -0.4885956067141705, 'theta': -23.29207086141306, 'gamma': 0.0061461319944555, 'vega': 0.8018688642756278, 'sigma': 0.3226705476285786, 'moneyness': 0.02}",0,0
2025-06-04 09:30:00,1,1,1,straddle_component,124,SPXW_5990_CE_20250604,50,14.125,trade,"{'detailed': True, 'instrument_type': 'option', 'underlying': 'SPXW', 'strike': 5990, 'expiry': '2025-06-04', 'dividend_rate': 0.015, 'opt_type': 'CE', 'timestamp': '2025-06-04 09:30:00', 'underlying_spot': 5990.25, 'id': 124, 'bid': 13.75, 'ask': 14.125, 'mid': 13.94, 'delta': 0.5069712525061831, 'theta': -12.57489877783784, 'gamma': 0.0115838433245585, 'vega': 0.8080091357569605, 'sigma': 0.1699879548798055, 'moneyness': -0.0}",0,0
2025-06-04 09:30:00,2,1,1,straddle_component,240,SPXW_5990_PE_20250604,50,8.7,trade,"{'detailed': True, 'instrument_type': 'option', 'underlying': 'SPXW', 'strike': 5990, 'expiry': '2025-06-04', 'dividend_rate': 0.015, 'opt_type': 'PE', 'timestamp': '2025-06-04 09:30:00', 'underlying_spot': 5990.25, 'id': 240, 'bid': 8.55, 'ask': 8.7, 'mid': 8.62, 'delta': -0.4901960986279263, 'theta': -7.869371820900616, 'gamma': 0.0180311250375098, 'vega': 0.8078870204098254, 'sigma': 0.1091900914870883, 'moneyness': 0.0}",0,0
2025-05-07 09:30:00,1,1,1,straddle_component,128,SPXW_5630_CE_20250507,50,37.0,trade,"{'detailed': True, 'instrument_type': 'option', 'underlying': 'SPXW', 'strike': 5630, 'expiry': '2025-05-07', 'dividend_rate': 0.015, 'opt_type': 'CE', 'timestamp': '2025-05-07 09:30:00', 'underlying_spot': 5632.5, 'id': 128, 'bid': 36.25, 'ask': 37.0, 'mid': 36.62, 'delta': 0.5154759151832167, 'theta': -31.9738277549578, 'gamma': 0.00450549570985, 'vega': 0.7592974891264497, 'sigma': 0.4645277084203861, 'moneyness': -0.04}",0,0
2025-05-07 09:30:00,2,1,1,straddle_component,282,SPXW_5630_PE_20250507,50,12.25,trade,"{'detailed': True, 'instrument_type': 'option', 'underlying': 'SPXW', 'strike': 5630, 'expiry': '2025-05-07', 'dividend_rate': 0.015, 'opt_type': 'PE', 'timestamp': '2025-05-07 09:30:00', 'underlying_spot': 5632.5, 'id': 282, 'bid': 11.75, 'ask': 12.25, 'mid': 12.0, 'delta': -0.4660506385088858, 'theta': -11.58327860751118, 'gamma': 0.0119392861996914, 'vega': 0.757108030708368, 'sigma': 0.1747939649800681, 'moneyness': 0.04}",0,0
2025-04-16 09:30:00,1,1,1,straddle_component,790,SPXW_5375_CE_20250416,50,20.125,trade,"{'detailed': True, 'instrument_type': 'option', 'underlying': 'SPXW', 'strike': 5375, 'expiry': '2025-04-16', 'dividend_rate': 0.015, 'opt_type': 'CE', 'timestamp': '2025-04-16 09:30:00', 'underlying_spot': 5372.75, 'id': 790, 'bid': 19.75, 'ask': 20.125, 'mid': 19.94, 'delta': 0.4866053060448294, 'theta': -18.943025611532946, 'gamma': 0.0075837359148067, 'vega': 0.7244178792079516, 'sigma': 0.2893727339388989, 'moneyness': 0.04}",0,0
2025-04-16 09:30:00,2,1,1,straddle_component,993,SPXW_5375_PE_20250416,50,29.5,trade,"{'detailed': True, 'instrument_type': 'option', 'underlying': 'SPXW', 'strike': 5375, 'expiry': '2025-04-16', 'dividend_rate': 0.015, 'opt_type': 'PE', 'timestamp': '2025-04-16 09:30:00', 'underlying_spot': 5372.75, 'id': 993, 'bid': 29.0, 'ask': 29.5, 'mid': 29.25, 'delta': -0.5088038209557055, 'theta': -25.2926637077485, 'gamma': 0.0056474591758615, 'vega': 0.7246504161244225, 'sigma': 0.3887109967197403, 'moneyness': -0.04}",0,0
2025-05-21 09:30:00,1,1,1,straddle_component,810,SPXW_5920_CE_20250521,50,17.25,trade,"{'detailed': True, 'instrument_type': 'option', 'underlying': 'SPXW', 'strike': 5920, 'expiry': '2025-05-21', 'dividend_rate': 0.015, 'opt_type': 'CE', 'timestamp': '2025-05-21 09:30:00', 'underlying_spot': 5921.75, 'id': 810, 'bid': 17.0, 'ask': 17.25, 'mid': 17.12, 'delta': 0.5210522579641719, 'theta': -14.631875534673576, 'gamma': 0.009834345533477, 'vega': 0.7977766485153346, 'sigma': 0.202293324556232, 'moneyness': -0.03}",0,0
2025-05-21 09:30:00,2,1,1,straddle_component,932,SPXW_5920_PE_20250521,50,10.25,trade,"{'detailed': True, 'instrument_type': 'option', 'underlying': 'SPXW', 'strike': 5920, 'expiry': '2025-05-21', 'dividend_rate': 0.015, 'opt_type': 'PE', 'timestamp': '2025-05-21 09:30:00', 'underlying_spot': 5921.75, 'id': 932, 'bid': 9.85, 'ask': 10.25, 'mid': 10.05, 'delta': -0.4700960670897203, 'theta': -9.62282559119063, 'gamma': 0.0144608976526683, 'vega': 0.7966350025639173, 'sigma': 0.1373771902741684, 'moneyness': 0.03}",0,0
2025-06-11 09:30:00,1,1,1,straddle_component,341,SPXW_6050_CE_20250611,50,17.5,trade,"{'detailed': True, 'instrument_type': 'option', 'underlying': 'SPXW', 'strike': 6050, 'expiry': '2025-06-11', 'dividend_rate': 0.015, 'opt_type': 'CE', 'timestamp': '2025-06-11 09:30:00', 'underlying_spot': 6051.25, 'id': 341, 'bid': 17.0, 'ask': 17.5, 'mid': 17.25, 'delta': 0.5158471857539482, 'theta': -15.050657472638278, 'gamma': 0.009613643179307, 'vega': 0.815716737721166, 'sigma': 0.2026311092479669, 'moneyness': -0.02}",0,0
2025-06-11 09:30:00,2,1,1,straddle_component,496,SPXW_6050_PE_20250611,50,6.2,trade,"{'detailed': True, 'instrument_type': 'option', 'underlying': 'SPXW', 'strike': 6050, 'expiry': '2025-06-11', 'dividend_rate': 0.015, 'opt_type': 'PE', 'timestamp': '2025-06-11 09:30:00', 'underlying_spot': 6051.25, 'id': 496, 'bid': 6.05, 'ask': 6.2, 'mid': 6.12, 'delta': -0.4642690094479818, 'theta': -5.879973665363234, 'gamma': 0.0232985584425193, 'vega': 0.8130395324922528, 'sigma': 0.0833415318995825, 'moneyness': 0.02}",0,0
2025-04-09 09:30:00,1,1,1,straddle_component,758,SPXW_4995_CE_20250409,50,88.25,trade,"{'detailed': True, 'instrument_type': 'option', 'underlying': 'SPXW', 'strike': 4995, 'expiry': '2025-04-09', 'dividend_rate': 0.015, 'opt_type': 'CE', 'timestamp': '2025-04-09 09:30:00', 'underlying_spot': 4993.25, 'id': 758, 'bid': 84.75, 'ask': 88.25, 'mid': 86.5, 'delta': 0.5059364444505832, 'theta': -79.22212333947564, 'gamma': 0.0018227888176625, 'vega': 0.67355493316267, 'sigma': 1.2960286364444933, 'moneyness': 0.04}",0,0
2025-04-09 09:30:00,2,1,1,straddle_component,1034,SPXW_4995_PE_20250409,50,43.5,trade,"{'detailed': True, 'instrument_type': 'option', 'underlying': 'SPXW', 'strike': 4995, 'expiry': '2025-04-09', 'dividend_rate': 0.015, 'opt_type': 'PE', 'timestamp': '2025-04-09 09:30:00', 'underlying_spot': 4993.25, 'id': 1034, 'bid': 43.0, 'ask': 43.5, 'mid': 43.25, 'delta': -0.5015246771165494, 'theta': -38.30362963898901, 'gamma': 0.0037512174344556, 'vega': 0.6736245784165753, 'sigma': 0.6298304086100386, 'moneyness': -0.04}",0,0
2025-03-26 09:30:00,1,1,1,straddle_component,1683,SPXW_5825_CE_20250326,50,4.05,trade,"{'detailed': True, 'instrument_type': 'option', 'underlying': 'SPXW', 'strike': 5825, 'expiry': '2025-03-26', 'dividend_rate': 0.015, 'opt_type': 'CE', 'timestamp': '2025-03-26 09:30:00', 'underlying_spot': 5825.75, 'id': 1683, 'bid': 3.95, 'ask': 4.05, 'mid': 4.0, 'delta': 0.5450524641002819, 'theta': -3.220101274751428, 'gamma': 0.0447435072548074, 'vega': 0.7806680688596541, 'sigma': 0.0449696256108912, 'moneyness': -0.01}",0,0
2025-03-26 09:30:00,2,1,1,straddle_component,1775,SPXW_5825_PE_20250326,50,24.25,trade,"{'detailed': True, 'instrument_type': 'option', 'underlying': 'SPXW', 'strike': 5825, 'expiry': '2025-03-26', 'dividend_rate': 0.015, 'opt_type': 'PE', 'timestamp': '2025-03-26 09:30:00', 'underlying_spot': 5825.75, 'id': 1775, 'bid': 23.25, 'ask': 24.25, 'mid': 23.75, 'delta': -0.4913737182086208, 'theta': -21.7944188383474, 'gamma': 0.0065757443934444, 'vega': 0.7857565980621697, 'sigma': 0.3078818068511754, 'moneyness': 0.01}",0,0
2025-03-12 09:30:00,1,1,1,straddle_component,391,SPXW_5685_CE_20250312,50,3.1,trade,"{'detailed': True, 'instrument_type': 'option', 'underlying': 'SPXW', 'strike': 5685, 'expiry': '2025-03-12', 'dividend_rate': 0.015, 'opt_type': 'CE', 'timestamp': '2025-03-12 09:30:00', 'underlying_spot': 5685.0, 'id': 391, 'bid': 2.95, 'ask': 3.1, 'mid': 3.03, 'delta': 0.5131849027072422, 'theta': -2.7975598013633856, 'gamma': 0.0538600569788272, 'vega': 0.7665041524820824, 'sigma': 0.0385077077618605, 'moneyness': 0.0}",0,0
2025-03-12 09:30:00,2,1,1,straddle_component,552,SPXW_5685_PE_20250312,50,85.5,trade,"{'detailed': True, 'instrument_type': 'option', 'underlying': 'SPXW', 'strike': 5685, 'expiry': '2025-03-12', 'dividend_rate': 0.015, 'opt_type': 'PE', 'timestamp': '2025-03-12 09:30:00', 'underlying_spot': 5685.0, 'id': 552, 'bid': 83.25, 'ask': 85.5, 'mid': 84.38, 'delta': -0.4921206802350752, 'theta': -76.43054603038387, 'gamma': 0.0018841527094082, 'vega': 0.766802552327249, 'sigma': 1.101158017838859, 'moneyness': 0.0}",0,0
2025-02-05 09:30:00,1,1,1,straddle_component,161,SPXW_6050_CE_20250205,50,12.25,trade,"{'detailed': True, 'instrument_type': 'option', 'underlying': 'SPXW', 'strike': 6050, 'expiry': '2025-02-05', 'dividend_rate': 0.015, 'opt_type': 'CE', 'timestamp': '2025-02-05 09:30:00', 'underlying_spot': 6050.25, 'id': 161, 'bid': 12.0, 'ask': 12.25, 'mid': 12.12, 'delta': 0.507729601901552, 'theta': -10.931960655665268, 'gamma': 0.0133451760220282, 'vega': 0.8160735427738839, 'sigma': 0.1460841031463891, 'moneyness': -0.0}",0,0
2025-02-05 09:30:00,2,1,1,straddle_component,264,SPXW_6050_PE_20250205,50,12.75,trade,"{'detailed': True, 'instrument_type': 'option', 'underlying': 'SPXW', 'strike': 6050, 'expiry': '2025-02-05', 'dividend_rate': 0.015, 'opt_type': 'PE', 'timestamp': '2025-02-05 09:30:00', 'underlying_spot': 6050.25, 'id': 264, 'bid': 12.5, 'ask': 12.75, 'mid': 12.62, 'delta': -0.4926699685799285, 'theta': -11.49638223991118, 'gamma': 0.0124072406215702, 'vega': 0.816089112898835, 'sigma': 0.1571304128527485, 'moneyness': 0.0}",0,0
2025-03-19 09:30:00,1,1,1,straddle_component,42599558,SPXW_5690_CE_20250319,50,6.9,trade,"{'detailed': True, 'instrument_type': 'option', 'underlying': 'SPXW', 'strike': 5690, 'expiry': '2025-03-19', 'dividend_rate': 0.015, 'opt_type': 'CE', 'timestamp': '2025-03-19 09:30:00', 'underlying_spot': 5688.0, 'id': 42599558, 'bid': 6.6, 'ask': 6.9, 'mid': 6.75, 'delta': 0.4640724336783197, 'theta': -6.675887970762274, 'gamma': 0.0207425793785631, 'vega': 0.7642102727085338, 'sigma': 0.0995850470661457, 'moneyness': 0.04}",0,0
2025-03-19 09:30:00,2,1,1,straddle_component,42600261,SPXW_5690_PE_20250319,50,62.5,trade,"{'detailed': True, 'instrument_type': 'option', 'underlying': 'SPXW', 'strike': 5690, 'expiry': '2025-03-19', 'dividend_rate': 0.015, 'opt_type': 'PE', 'timestamp': '2025-03-19 09:30:00', 'underlying_spot': 5688.0, 'id': 42600261, 'bid': 46.5, 'ask': 62.5, 'mid': 54.5, 'delta': -0.5005207165911685, 'theta': -48.37952907561218, 'gamma': 0.0029715513250039, 'vega': 0.7673562017266171, 'sigma': 0.6979745455797264, 'moneyness': -0.04}",0,0
2025-02-12 09:30:00,1,1,1,straddle_component,338,SPXW_6025_CE_20250212,50,34.0,trade,"{'detailed': True, 'instrument_type': 'option', 'underlying': 'SPXW', 'strike': 6025, 'expiry': '2025-02-12', 'dividend_rate': 0.015, 'opt_type': 'CE', 'timestamp': '2025-02-12 09:30:00', 'underlying_spot': 6026.75, 'id': 338, 'bid': 33.5, 'ask': 34.0, 'mid': 33.75, 'delta': 0.5124465868650674, 'theta': -29.7810225471276, 'gamma': 0.0048503971328273, 'vega': 0.8126610782173813, 'sigma': 0.403376332351797, 'moneyness': -0.03}",0,0
2025-02-12 09:30:00,2,1,1,straddle_component,452,SPXW_6025_PE_20250212,50,4.4,trade,"{'detailed': True, 'instrument_type': 'option', 'underlying': 'SPXW', 'strike': 6025, 'expiry': '2025-02-12', 'dividend_rate': 0.015, 'opt_type': 'PE', 'timestamp': '2025-02-12 09:30:00', 'underlying_spot': 6026.75, 'id': 452, 'bid': 4.3, 'ask': 4.4, 'mid': 4.35, 'delta': -0.4389965248137173, 'theta': -4.2617928142843855, 'gamma': 0.0299793663138814, 'vega': 0.8033049528711156, 'sigma': 0.0645296460616545, 'moneyness': 0.03}",0,0
2025-01-22 09:30:00,1,1,1,straddle_component,929,SPXW_6110_CE_20250122,50,18.75,trade,"{'detailed': True, 'instrument_type': 'option', 'underlying': 'SPXW', 'strike': 6110, 'expiry': '2025-01-22', 'dividend_rate': 0.015, 'opt_type': 'CE', 'timestamp': '2025-01-22 09:30:00', 'underlying_spot': 6112.25, 'id': 929, 'bid': 18.125, 'ask': 18.75, 'mid': 18.44, 'delta': 0.5245850126948781, 'theta': -15.512465082722882, 'gamma': 0.0092286250819029, 'vega': 0.8230221327024374, 'sigma': 0.2087461677341734, 'moneyness': -0.04}",0,0
2025-01-22 09:30:00,2,1,1,straddle_component,1012,SPXW_6110_PE_20250122,50,4.35,trade,"{'detailed': True, 'instrument_type': 'option', 'underlying': 'SPXW', 'strike': 6110, 'expiry': '2025-01-22', 'dividend_rate': 0.015, 'opt_type': 'PE', 'timestamp': '2025-01-22 09:30:00', 'underlying_spot': 6112.25, 'id': 1012, 'bid': 4.25, 'ask': 4.35, 'mid': 4.3, 'delta': -0.4262988042530669, 'theta': -4.235787093216513, 'gamma': 0.0288722942176633, 'vega': 0.8101560206385234, 'sigma': 0.0657057259221894, 'moneyness': 0.04}",0,0
2025-02-19 09:30:00,1,1,1,straddle_component,443,SPXW_6135_CE_20250219,50,8.95,trade,"{'detailed': True, 'instrument_type': 'option', 'underlying': 'SPXW', 'strike': 6135, 'expiry': '2025-02-19', 'dividend_rate': 0.015, 'opt_type': 'CE', 'timestamp': '2025-02-19 09:30:00', 'underlying_spot': 6133.25, 'id': 443, 'bid': 8.825, 'ask': 8.95, 'mid': 8.89, 'delta': 0.4762467012144888, 'theta': -8.65121525327727, 'gamma': 0.0164403146918346, 'vega': 0.8259460460011319, 'sigma': 0.1167913633318194, 'moneyness': 0.03}",0,0
2025-02-19 09:30:00,2,1,1,straddle_component,523,SPXW_6135_PE_20250219,50,7.6,trade,"{'detailed': True, 'instrument_type': 'option', 'underlying': 'SPXW', 'strike': 6135, 'expiry': '2025-02-19', 'dividend_rate': 0.015, 'opt_type': 'PE', 'timestamp': '2025-02-19 09:30:00', 'underlying_spot': 6133.25, 'id': 523, 'bid': 7.45, 'ask': 7.6, 'mid': 7.52, 'delta': -0.5348484218990812, 'theta': -5.615970977945431, 'gamma': 0.0236785489171609, 'vega': 0.8242155820955812, 'sigma': 0.0809236319124939, 'moneyness': -0.03}",0,0
2025-04-02 09:30:00,1,1,1,straddle_component,394,SPXW_5615_CE_20250402,50,62.0,trade,"{'detailed': True, 'instrument_type': 'option', 'underlying': 'SPXW', 'strike': 5615, 'expiry': '2025-04-02', 'dividend_rate': 0.015, 'opt_type': 'CE', 'timestamp': '2025-04-02 09:30:00', 'underlying_spot': 5613.25, 'id': 394, 'bid': 61.0, 'ask': 62.0, 'mid': 61.5, 'delta': 0.5016838410860203, 'theta': -56.55422753714865, 'gamma': 0.0025548183657519, 'vega': 0.7572657431398007, 'sigma': 0.8226301145134692, 'moneyness': 0.03}",0,0
2025-04-02 09:30:00,2,1,1,straddle_component,536,SPXW_5615_PE_20250402,50,4.45,trade,"{'detailed': True, 'instrument_type': 'option', 'underlying': 'SPXW', 'strike': 5615, 'expiry': '2025-04-02', 'dividend_rate': 0.015, 'opt_type': 'PE', 'timestamp': '2025-04-02 09:30:00', 'underlying_spot': 5613.25, 'id': 536, 'bid': 4.3, 'ask': 4.45, 'mid': 4.38, 'delta': -0.5679274428262993, 'theta': -2.56719108534508, 'gamma': 0.0446671784892771, 'vega': 0.7457368282569901, 'sigma': 0.0463684279630938, 'moneyness': -0.03}",0,0
2025-05-28 09:30:00,1,1,1,straddle_component,1345,SPXW_5940_CE_20250528,50,6.05,trade,"{'detailed': True, 'instrument_type': 'option', 'underlying': 'SPXW', 'strike': 5940, 'expiry': '2025-05-28', 'dividend_rate': 0.015, 'opt_type': 'CE', 'timestamp': '2025-05-28 09:30:00', 'underlying_spot': 5941.75, 'id': 1345, 'bid': 5.9, 'ask': 6.05, 'mid': 5.98, 'delta': 0.5642302133475496, 'theta': -4.24637812714003, 'gamma': 0.0316142903322713, 'vega': 0.7909077340231763, 'sigma': 0.0619878347130433, 'moneyness': -0.03}",0,0
2025-05-28 09:30:00,2,1,1,straddle_component,1453,SPXW_5940_PE_20250528,50,19.75,trade,"{'detailed': True, 'instrument_type': 'option', 'underlying': 'SPXW', 'strike': 5940, 'expiry': '2025-05-28', 'dividend_rate': 0.015, 'opt_type': 'PE', 'timestamp': '2025-05-28 09:30:00', 'underlying_spot': 5941.75, 'id': 1453, 'bid': 19.0, 'ask': 19.75, 'mid': 19.38, 'delta': -0.4826188250767416, 'theta': -18.17533225847795, 'gamma': 0.0078273384218618, 'vega': 0.8008279148906183, 'sigma': 0.2534200897419613, 'moneyness': 0.03}",0,0
2025-01-29 09:30:00,1,1,1,straddle_component,1785,SPXW_6085_CE_20250129,50,14.25,trade,"{'detailed': True, 'instrument_type': 'option', 'underlying': 'SPXW', 'strike': 6085, 'expiry': '2025-01-29', 'dividend_rate': 0.015, 'opt_type': 'CE', 'timestamp': '2025-01-29 09:30:00', 'underlying_spot': 6086.5, 'id': 1785, 'bid': 13.75, 'ask': 14.25, 'mid': 14.0, 'delta': 0.522319523630177, 'theta': -11.929788357070152, 'gamma': 0.0120755162136276, 'vega': 0.819827776114546, 'sigma': 0.1602612811806144, 'moneyness': -0.02}",0,0
2025-01-29 09:30:00,2,1,1,straddle_component,1896,SPXW_6085_PE_20250129,50,19.5,trade,"{'detailed': True, 'instrument_type': 'option', 'underlying': 'SPXW', 'strike': 6085, 'expiry': '2025-01-29', 'dividend_rate': 0.015, 'opt_type': 'PE', 'timestamp': '2025-01-29 09:30:00', 'underlying_spot': 6086.5, 'id': 1896, 'bid': 19.0, 'ask': 19.5, 'mid': 19.25, 'delta': -0.4844211682842214, 'theta': -17.979170958916185, 'gamma': 0.0079245456774401, 'vega': 0.8204907268068808, 'sigma': 0.2444044061783974, 'moneyness': 0.02}",0,0
2025-04-24 09:30:00,1,1,1,straddle_component,1269,SPXW_5405_CE_20250424,50,70.25,trade,"{'detailed': True, 'instrument_type': 'option', 'underlying': 'SPXW', 'strike': 5405, 'expiry': '2025-04-24', 'dividend_rate': 0.015, 'opt_type': 'CE', 'timestamp': '2025-04-24 09:30:00', 'underlying_spot': 5407.25, 'id': 1269, 'bid': 69.0, 'ask': 70.25, 'mid': 69.62, 'delta': 0.5120907194999802, 'theta': -62.08437264808609, 'gamma': 0.0023242394320277, 'vega': 0.7291463872738859, 'sigma': 0.9382673993238064, 'moneyness': -0.04}",0,0
2025-04-24 09:30:00,2,1,1,straddle_component,1443,SPXW_5405_PE_20250424,50,6.95,trade,"{'detailed': True, 'instrument_type': 'option', 'underlying': 'SPXW', 'strike': 5405, 'expiry': '2025-04-24', 'dividend_rate': 0.015, 'opt_type': 'PE', 'timestamp': '2025-04-24 09:30:00', 'underlying_spot': 5407.25, 'id': 1443, 'bid': 6.8, 'ask': 6.95, 'mid': 6.88, 'delta': -0.4501591927490889, 'theta': -6.727635896321715, 'gamma': 0.0197066005380719, 'vega': 0.7237352841601083, 'sigma': 0.1098467649682542, 'moneyness': 0.04}",0,0
2025-05-15 09:30:00,1,1,1,straddle_component,1066,SPXW_5890_CE_20250515,50,14.0,trade,"{'detailed': True, 'instrument_type': 'option', 'underlying': 'SPXW', 'strike': 5890, 'expiry': '2025-05-15', 'dividend_rate': 0.015, 'opt_type': 'CE', 'timestamp': '2025-05-15 09:30:00', 'underlying_spot': 5890.0, 'id': 1066, 'bid': 13.5, 'ask': 14.0, 'mid': 13.75, 'delta': 0.5040532105133444, 'theta': -12.520843549158265, 'gamma': 0.0116364699742632, 'vega': 0.794567208605514, 'sigma': 0.1721168398712344, 'moneyness': 0.0}",0,0
2025-05-15 09:30:00,2,1,1,straddle_component,1186,SPXW_5890_PE_20250515,50,11.25,trade,"{'detailed': True, 'instrument_type': 'option', 'underlying': 'SPXW', 'strike': 5890, 'expiry': '2025-05-15', 'dividend_rate': 0.015, 'opt_type': 'PE', 'timestamp': '2025-05-15 09:30:00', 'underlying_spot': 5890.0, 'id': 1186, 'bid': 11.0, 'ask': 11.25, 'mid': 11.12, 'delta': -0.4955172606484481, 'theta': -10.028703850439255, 'gamma': 0.0142107104039723, 'vega': 0.7945579689223798, 'sigma': 0.1409366109832584, 'moneyness': 0.0}",0,0
2025-04-10 09:30:00,1,1,1,straddle_component,785,SPXW_5385_CE_20250410,50,28.25,trade,"{'detailed': True, 'instrument_type': 'option', 'underlying': 'SPXW', 'strike': 5385, 'expiry': '2025-04-10', 'dividend_rate': 0.015, 'opt_type': 'CE', 'timestamp': '2025-04-10 09:30:00', 'underlying_spot': 5383.75, 'id': 785, 'bid': 27.75, 'ask': 28.25, 'mid': 28.0, 'delta': 0.4969510477010885, 'theta': -25.95331368939828, 'gamma': 0.0055740822801908, 'vega': 0.7262898413605807, 'sigma': 0.3931075610346386, 'moneyness': 0.02}",0,0
2025-04-10 09:30:00,2,1,1,straddle_component,1115,SPXW_5385_PE_20250410,50,73.25,trade,"{'detailed': True, 'instrument_type': 'option', 'underlying': 'SPXW', 'strike': 5385, 'expiry': '2025-04-10', 'dividend_rate': 0.015, 'opt_type': 'PE', 'timestamp': '2025-04-10 09:30:00', 'underlying_spot': 5383.75, 'id': 1115, 'bid': 71.25, 'ask': 73.25, 'mid': 72.25, 'delta': -0.4956127020456335, 'theta': -64.85718057817546, 'gamma': 0.0022199658644694, 'vega': 0.7262671789917903, 'sigma': 0.9870177088952246, 'moneyness': -0.02}",0,0
2025-02-13 09:30:00,1,1,1,straddle_component,454,SPXW_6085_CE_20250213,50,20.5,trade,"{'detailed': True, 'instrument_type': 'option', 'underlying': 'SPXW', 'strike': 6085, 'expiry': '2025-02-13', 'dividend_rate': 0.015, 'opt_type': 'CE', 'timestamp': '2025-02-13 09:30:00', 'underlying_spot': 6084.25, 'id': 454, 'bid': 20.0, 'ask': 20.5, 'mid': 20.25, 'delta': 0.4978680981055916, 'theta': -18.73117070139421, 'gamma': 0.0077458500769012, 'vega': 0.8208023951762833, 'sigma': 0.2503224524328633, 'moneyness': 0.01}",0,0
2025-02-13 09:30:00,2,1,1,straddle_component,555,SPXW_6085_PE_20250213,50,6.35,trade,"{'detailed': True, 'instrument_type': 'option', 'underlying': 'SPXW', 'strike': 6085, 'expiry': '2025-02-13', 'dividend_rate': 0.015, 'opt_type': 'PE', 'timestamp': '2025-02-13 09:30:00', 'underlying_spot': 6084.25, 'id': 555, 'bid': 6.2, 'ask': 6.35, 'mid': 6.28, 'delta': -0.5126531246483879, 'theta': -5.211213901843096, 'gamma': 0.02664011857334, 'vega': 0.8203927175243346, 'sigma': 0.0727479142253849, 'moneyness': -0.01}",0,0
2025-01-16 09:30:00,1,1,1,straddle_component,650,SPXW_5995_CE_20250116,50,8.175,trade,"{'detailed': True, 'instrument_type': 'option', 'underlying': 'SPXW', 'strike': 5995, 'expiry': '2025-01-16', 'dividend_rate': 0.015, 'opt_type': 'CE', 'timestamp': '2025-01-16 09:30:00', 'underlying_spot': 5997.0, 'id': 650, 'bid': 8.025, 'ask': 8.175, 'mid': 8.1, 'delta': 0.5518622441559096, 'theta': -6.067361395952641, 'gamma': 0.0226292881855272, 'vega': 0.8021070185828938, 'sigma': 0.0861959378134293, 'moneyness': -0.03}",0,0
2025-01-16 09:30:00,2,1,1,straddle_component,750,SPXW_5995_PE_20250116,50,20.75,trade,"{'detailed': True, 'instrument_type': 'option', 'underlying': 'SPXW', 'strike': 5995, 'expiry': '2025-01-16', 'dividend_rate': 0.015, 'opt_type': 'PE', 'timestamp': '2025-01-16 09:30:00', 'underlying_spot': 5997.0, 'id': 750, 'bid': 20.25, 'ask': 20.75, 'mid': 20.5, 'delta': -0.4815761513413008, 'theta': -19.279307410860973, 'gamma': 0.0073732964267492, 'vega': 0.8081795617947432, 'sigma': 0.2665159103269339, 'moneyness': 0.03}",0,0
2025-05-29 09:30:00,1,1,1,straddle_component,1841,SPXW_5950_CE_20250529,50,6.6,trade,"{'detailed': True, 'instrument_type': 'option', 'underlying': 'SPXW', 'strike': 5950, 'expiry': '2025-05-29', 'dividend_rate': 0.015, 'opt_type': 'CE', 'timestamp': '2025-05-29 09:30:00', 'underlying_spot': 5948.25, 'id': 1841, 'bid': 6.5, 'ask': 6.6, 'mid': 6.55, 'delta': 0.4680711709512231, 'theta': -6.459532533157343, 'gamma': 0.0216675075748185, 'vega': 0.7998628987208538, 'sigma': 0.0912410338356322, 'moneyness': 0.03}",0,0
2025-05-29 09:30:00,2,1,1,straddle_component,1999,SPXW_5950_PE_20250529,50,33.5,trade,"{'detailed': True, 'instrument_type': 'option', 'underlying': 'SPXW', 'strike': 5950, 'expiry': '2025-05-29', 'dividend_rate': 0.015, 'opt_type': 'PE', 'timestamp': '2025-05-29 09:30:00', 'underlying_spot': 5948.25, 'id': 1999, 'bid': 32.5, 'ask': 33.5, 'mid': 33.0, 'delta': -0.5047043074092983, 'theta': -28.98359443619449, 'gamma': 0.0049439424287811, 'vega': 0.802410805213448, 'sigma': 0.4011337835652697, 'moneyness': -0.03}",0,0
2025-06-12 09:30:00,1,1,1,straddle_component,385,SPXW_6015_CE_20250612,50,28.5,trade,"{'detailed': True, 'instrument_type': 'option', 'underlying': 'SPXW', 'strike': 6015, 'expiry': '2025-06-12', 'dividend_rate': 0.015, 'opt_type': 'CE', 'timestamp': '2025-06-12 09:30:00', 'underlying_spot': 6017.5, 'id': 385, 'bid': 28.0, 'ask': 28.5, 'mid': 28.25, 'delta': 0.5185197837915823, 'theta': -24.34094843684789, 'gamma': 0.0059078677949742, 'vega': 0.8109335586271236, 'sigma': 0.3314875043750111, 'moneyness': -0.04}",0,0
2025-06-12 09:30:00,2,1,1,straddle_component,523,SPXW_6015_PE_20250612,50,4.5,trade,"{'detailed': True, 'instrument_type': 'option', 'underlying': 'SPXW', 'strike': 6015, 'expiry': '2025-06-12', 'dividend_rate': 0.015, 'opt_type': 'PE', 'timestamp': '2025-06-12 09:30:00', 'underlying_spot': 6017.5, 'id': 523, 'bid': 4.375, 'ask': 4.5, 'mid': 4.44, 'delta': -0.4226459209051736, 'theta': -4.378449019230756, 'gamma': 0.027561101481055, 'vega': 0.7961904318867585, 'sigma': 0.0697913629228583, 'moneyness': 0.04}",0,0
2025-03-13 09:30:00,1,1,1,straddle_component,42556097,SPXW_5640_CE_20250313,50,10.5,trade,"{'detailed': True, 'instrument_type': 'option', 'underlying': 'SPXW', 'strike': 5640, 'expiry': '2025-03-13', 'dividend_rate': 0.015, 'opt_type': 'CE', 'timestamp': '2025-03-13 09:30:00', 'underlying_spot': 5641.25, 'id': 42556097, 'bid': 10.0, 'ask': 10.5, 'mid': 10.25, 'delta': 0.5256560800463994, 'theta': -8.646450164740349, 'gamma': 0.0166491071063035, 'vega': 0.759466188362409, 'sigma': 0.125347798993601, 'moneyness': -0.02}",0,0
2025-03-13 09:30:00,2,1,1,straddle_component,42556105,SPXW_5640_PE_20250313,50,53.25,trade,"{'detailed': True, 'instrument_type': 'option', 'underlying': 'SPXW', 'strike': 5640, 'expiry': '2025-03-13', 'dividend_rate': 0.015, 'opt_type': 'PE', 'timestamp': '2025-03-13 09:30:00', 'underlying_spot': 5641.25, 'id': 42556105, 'bid': 51.75, 'ask': 53.25, 'mid': 52.5, 'delta': -0.4908334349803311, 'theta': -48.07899822600047, 'gamma': 0.0029907641163617, 'vega': 0.7608490017230096, 'sigma': 0.6990530460842845, 'moneyness': 0.02}",0,0
2025-02-06 09:30:00,1,1,1,straddle_component,159,SPXW_6100_CE_20250206,50,7.55,trade,"{'detailed': True, 'instrument_type': 'option', 'underlying': 'SPXW', 'strike': 6100, 'expiry': '2025-02-06', 'dividend_rate': 0.015, 'opt_type': 'CE', 'timestamp': '2025-02-06 09:30:00', 'underlying_spot': 6098.75, 'id': 159, 'bid': 7.45, 'ask': 7.55, 'mid': 7.5, 'delta': 0.4810091213773404, 'theta': -7.263452417800952, 'gamma': 0.0197825345438218, 'vega': 0.8218273856065408, 'sigma': 0.0976713504271836, 'moneyness': 0.02}",0,0
2025-02-06 09:30:00,2,1,1,straddle_component,249,SPXW_6100_PE_20250206,50,14.5,trade,"{'detailed': True, 'instrument_type': 'option', 'underlying': 'SPXW', 'strike': 6100, 'expiry': '2025-02-06', 'dividend_rate': 0.015, 'opt_type': 'PE', 'timestamp': '2025-02-06 09:30:00', 'underlying_spot': 6098.75, 'id': 249, 'bid': 14.25, 'ask': 14.5, 'mid': 14.38, 'delta': -0.5102973929113297, 'theta': -12.31064025718517, 'gamma': 0.0115137157230549, 'vega': 0.8224950419769215, 'sigma': 0.1679505441084551, 'moneyness': -0.02}",0,0
2025-05-22 09:30:00,1,1,1,straddle_component,1308,SPXW_5855_CE_20250522,50,19.5,trade,"{'detailed': True, 'instrument_type': 'option', 'underlying': 'SPXW', 'strike': 5855, 'expiry': '2025-05-22', 'dividend_rate': 0.015, 'opt_type': 'CE', 'timestamp': '2025-05-22 09:30:00', 'underlying_spot': 5856.75, 'id': 1308, 'bid': 19.0, 'ask': 19.5, 'mid': 19.25, 'delta': 0.5189357327315847, 'theta': -16.57505932519637, 'gamma': 0.0086922409181511, 'vega': 0.7892309937580944, 'sigma': 0.2314751131082889, 'moneyness': -0.03}",0,0
2025-05-22 09:30:00,2,1,1,straddle_component,1448,SPXW_5855_PE_20250522,50,15.0,trade,"{'detailed': True, 'instrument_type': 'option', 'underlying': 'SPXW', 'strike': 5855, 'expiry': '2025-05-22', 'dividend_rate': 0.015, 'opt_type': 'PE', 'timestamp': '2025-05-22 09:30:00', 'underlying_spot': 5856.75, 'id': 1448, 'bid': 14.75, 'ask': 15.0, 'mid': 14.88, 'delta': -0.4785510396773773, 'theta': -14.062636520516374, 'gamma': 0.0100534118985251, 'vega': 0.7889778395423885, 'sigma': 0.2000708741767644, 'moneyness': 0.03}",0,0
2025-06-05 09:30:00,1,1,1,straddle_component,154,SPXW_5995_CE_20250605,50,8.5,trade,"{'detailed': True, 'instrument_type': 'option', 'underlying': 'SPXW', 'strike': 5995, 'expiry': '2025-06-05', 'dividend_rate': 0.015, 'opt_type': 'CE', 'timestamp': '2025-06-05 09:30:00', 'underlying_spot': 5996.0, 'id': 154, 'bid': 8.3, 'ask': 8.5, 'mid': 8.4, 'delta': 0.5261610285169027, 'theta': -7.115638935683209, 'gamma': 0.020328379797263, 'vega': 0.8071507961552968, 'sigma': 0.0965789944855882, 'moneyness': -0.02}",0,0
2025-06-05 09:30:00,2,1,1,straddle_component,274,SPXW_5995_PE_20250605,50,23.5,trade,"{'detailed': True, 'instrument_type': 'option', 'underlying': 'SPXW', 'strike': 5995, 'expiry': '2025-06-05', 'dividend_rate': 0.015, 'opt_type': 'PE', 'timestamp': '2025-06-05 09:30:00', 'underlying_spot': 5996.0, 'id': 274, 'bid': 23.0, 'ask': 23.5, 'mid': 23.25, 'delta': -0.4896431083828645, 'theta': -21.437309897893307, 'gamma': 0.0066783475460852, 'vega': 0.8086357321698863, 'sigma': 0.2945132818737367, 'moneyness': 0.02}",0,0
2025-02-20 09:30:00,1,1,1,straddle_component,789,SPXW_6150_CE_20250220,50,2.7,trade,"{'detailed': True, 'instrument_type': 'option', 'underlying': 'SPXW', 'strike': 6150, 'expiry': '2025-02-20', 'dividend_rate': 0.015, 'opt_type': 'CE', 'timestamp': '2025-02-20 09:30:00', 'underlying_spot': 6148.5, 'id': 789, 'bid': 2.6, 'ask': 2.7, 'mid': 2.65, 'delta': 0.4402833821269158, 'theta': -2.6886843324487213, 'gamma': 0.047995602887596, 'vega': 0.8195388708456101, 'sigma': 0.0395284202516544, 'moneyness': 0.02}",0,0
2025-02-20 09:30:00,2,1,1,straddle_component,886,SPXW_6150_PE_20250220,50,27.875,trade,"{'detailed': True, 'instrument_type': 'option', 'underlying': 'SPXW', 'strike': 6150, 'expiry': '2025-02-20', 'dividend_rate': 0.015, 'opt_type': 'PE', 'timestamp': '2025-02-20 09:30:00', 'underlying_spot': 6148.5, 'id': 886, 'bid': 27.375, 'ask': 27.875, 'mid': 27.62, 'delta': -0.5051353492994792, 'theta': -24.23236699452057, 'gamma': 0.0059063162893835, 'vega': 0.8294131604831811, 'sigma': 0.3248330683569049, 'moneyness': -0.02}",0,0
2025-01-23 09:30:00,1,1,1,straddle_component,1134,SPXW_6115_CE_20250123,50,7.7,trade,"{'detailed': True, 'instrument_type': 'option', 'underlying': 'SPXW', 'strike': 6115, 'expiry': '2025-01-23', 'dividend_rate': 0.015, 'opt_type': 'CE', 'timestamp': '2025-01-23 09:30:00', 'underlying_spot': 6113.25, 'id': 1134, 'bid': 7.5, 'ask': 7.7, 'mid': 7.6, 'delta': 0.4723517772183161, 'theta': -7.448769616012562, 'gamma': 0.0189618756696319, 'vega': 0.8227248025120724, 'sigma': 0.1015276100917705, 'moneyness': 0.03}",0,0
2025-01-23 09:30:00,2,1,1,straddle_component,1218,SPXW_6115_PE_20250123,50,9.3,trade,"{'detailed': True, 'instrument_type': 'option', 'underlying': 'SPXW', 'strike': 6115, 'expiry': '2025-01-23', 'dividend_rate': 0.015, 'opt_type': 'PE', 'timestamp': '2025-01-23 09:30:00', 'underlying_spot': 6113.25, 'id': 1218, 'bid': 9.1, 'ask': 9.3, 'mid': 9.2, 'delta': -0.5276372352087222, 'theta': -7.195966036268564, 'gamma': 0.0189547204243467, 'vega': 0.8227264085593511, 'sigma': 0.101566130788235, 'moneyness': -0.03}",0,0
2025-03-20 09:30:00,1,1,1,straddle_component,841,SPXW_5690_CE_20250320,50,25.25,trade,"{'detailed': True, 'instrument_type': 'option', 'underlying': 'SPXW', 'strike': 5690, 'expiry': '2025-03-20', 'dividend_rate': 0.015, 'opt_type': 'CE', 'timestamp': '2025-03-20 09:30:00', 'underlying_spot': 5688.0, 'id': 841, 'bid': 24.75, 'ask': 25.25, 'mid': 25.0, 'delta': 0.4914717964497939, 'theta': -23.49321847543824, 'gamma': 0.0061401405204719, 'vega': 0.7671812827913964, 'sigma': 0.3377111498275367, 'moneyness': 0.04}",0,0
2025-03-20 09:30:00,2,1,1,straddle_component,967,SPXW_5690_PE_20250320,50,12.0,trade,"{'detailed': True, 'instrument_type': 'option', 'underlying': 'SPXW', 'strike': 5690, 'expiry': '2025-03-20', 'dividend_rate': 0.015, 'opt_type': 'PE', 'timestamp': '2025-03-20 09:30:00', 'underlying_spot': 5688.0, 'id': 967, 'bid': 11.5, 'ask': 12.0, 'mid': 11.75, 'delta': -0.5249794774143446, 'theta': -9.390926535966049, 'gamma': 0.0147154741547694, 'vega': 0.7658439334818281, 'sigma': 0.1406682603881812, 'moneyness': -0.04}",0,0
2025-05-08 09:30:00,1,1,1,straddle_component,1017,SPXW_5690_CE_20250508,50,16.75,trade,"{'detailed': True, 'instrument_type': 'option', 'underlying': 'SPXW', 'strike': 5690, 'expiry': '2025-05-08', 'dividend_rate': 0.015, 'opt_type': 'CE', 'timestamp': '2025-05-08 09:30:00', 'underlying_spot': 5691.75, 'id': 1017, 'bid': 16.5, 'ask': 16.75, 'mid': 16.62, 'delta': 0.5215901238056375, 'theta': -14.171600092336174, 'gamma': 0.0101460060619729, 'vega': 0.7667356685283337, 'sigma': 0.2039879631963214, 'moneyness': -0.03}",0,0
2025-05-08 09:30:00,2,1,1,straddle_component,1160,SPXW_5690_PE_20250508,50,26.25,trade,"{'detailed': True, 'instrument_type': 'option', 'underlying': 'SPXW', 'strike': 5690, 'expiry': '2025-05-08', 'dividend_rate': 0.015, 'opt_type': 'PE', 'timestamp': '2025-05-08 09:30:00', 'underlying_spot': 5691.75, 'id': 1160, 'bid': 25.5, 'ask': 26.25, 'mid': 25.88, 'delta': -0.4858337419493708, 'theta': -24.09955061972853, 'gamma': 0.0059313970623975, 'vega': 0.7673783374111895, 'sigma': 0.349224858187846, 'moneyness': 0.03}",0,0
2025-01-02 09:30:00,1,1,1,straddle_component,587,SPXW_5970_CE_20250102,50,7.85,trade,"{'detailed': True, 'instrument_type': 'option', 'underlying': 'SPXW', 'strike': 5970, 'expiry': '2025-01-02', 'dividend_rate': 0.015, 'opt_type': 'CE', 'timestamp': '2025-01-02 09:30:00', 'underlying_spot': 5968.5, 'id': 587, 'bid': 7.65, 'ask': 7.85, 'mid': 7.75, 'delta': 0.4770919897370884, 'theta': -7.544642501403827, 'gamma': 0.0188996286620835, 'vega': 0.8038576934858681, 'sigma': 0.1044112140648145, 'moneyness': 0.03}",0,0
2025-01-02 09:30:00,2,1,1,straddle_component,704,SPXW_5970_PE_20250102,50,28.375,trade,"{'detailed': True, 'instrument_type': 'option', 'underlying': 'SPXW', 'strike': 5970, 'expiry': '2025-01-02', 'dividend_rate': 0.015, 'opt_type': 'PE', 'timestamp': '2025-01-02 09:30:00', 'underlying_spot': 5968.5, 'id': 704, 'bid': 27.125, 'ask': 28.375, 'mid': 27.75, 'delta': -0.5050704343988244, 'theta': -24.347734077742803, 'gamma': 0.0058795748358875, 'vega': 0.8051334151344918, 'sigma': 0.3361525201683563, 'moneyness': -0.03}",0,0
2025-03-27 09:30:00,1,1,1,straddle_component,42607880,SPXW_5745_CE_20250327,50,18.25,trade,"{'detailed': True, 'instrument_type': 'option', 'underlying': 'SPXW', 'strike': 5745, 'expiry': '2025-03-27', 'dividend_rate': 0.015, 'opt_type': 'CE', 'timestamp': '2025-03-27 09:30:00', 'underlying_spot': 5744.0, 'id': 42607880, 'bid': 18.0, 'ask': 18.25, 'mid': 18.12, 'delta': 0.4951148987640152, 'theta': -16.89248621927923, 'gamma': 0.0085796477833355, 'vega': 0.7748534416189372, 'sigma': 0.2393678823685888, 'moneyness': 0.02}",0,0
2025-03-27 09:30:00,2,1,1,straddle_component,42611982,SPXW_5745_PE_20250327,50,21.25,trade,"{'detailed': True, 'instrument_type': 'option', 'underlying': 'SPXW', 'strike': 5745, 'expiry': '2025-03-27', 'dividend_rate': 0.015, 'opt_type': 'PE', 'timestamp': '2025-03-27 09:30:00', 'underlying_spot': 5744.0, 'id': 42611982, 'bid': 20.75, 'ask': 21.25, 'mid': 21.0, 'delta': -0.5040713234075511, 'theta': -18.48676543296173, 'gamma': 0.0077375859675044, 'vega': 0.7748712465322658, 'sigma': 0.2654237600420134, 'moneyness': -0.02}",0,0
2025-01-30 09:30:00,1,1,1,straddle_component,2000,SPXW_6090_CE_20250130,50,6.6,trade,"{'detailed': True, 'instrument_type': 'option', 'underlying': 'SPXW', 'strike': 6090, 'expiry': '2025-01-30', 'dividend_rate': 0.015, 'opt_type': 'CE', 'timestamp': '2025-01-30 09:30:00', 'underlying_spot': 6090.0, 'id': 2000, 'bid': 6.5, 'ask': 6.6, 'mid': 6.55, 'delta': 0.5068490201656228, 'theta': -5.996317405396723, 'gamma': 0.0245814012789225, 'vega': 0.821467130333029, 'sigma': 0.0787942024439114, 'moneyness': 0.0}",0,0
2025-01-30 09:30:00,2,1,1,straddle_component,2108,SPXW_6090_PE_20250130,50,23.0,trade,"{'detailed': True, 'instrument_type': 'option', 'underlying': 'SPXW', 'strike': 6090, 'expiry': '2025-01-30', 'dividend_rate': 0.015, 'opt_type': 'PE', 'timestamp': '2025-01-30 09:30:00', 'underlying_spot': 6090.0, 'id': 2108, 'bid': 22.25, 'ask': 23.0, 'mid': 22.62, 'delta': -0.4963345900186766, 'theta': -20.451310287564503, 'gamma': 0.0070103322258319, 'vega': 0.8215552076568606, 'sigma': 0.2763170616404188, 'moneyness': 0.0}",0,0
2025-05-01 09:30:00,1,1,1,straddle_component,857,SPXW_5645_CE_20250501,50,28.25,trade,"{'detailed': True, 'instrument_type': 'option', 'underlying': 'SPXW', 'strike': 5645, 'expiry': '2025-05-01', 'dividend_rate': 0.015, 'opt_type': 'CE', 'timestamp': '2025-05-01 09:30:00', 'underlying_spot': 5644.0, 'id': 857, 'bid': 27.625, 'ask': 28.25, 'mid': 27.94, 'delta': 0.4982382755116532, 'theta': -25.80227923053804, 'gamma': 0.0056112526181095, 'vega': 0.7614134598925553, 'sigma': 0.3725042904405161, 'moneyness': 0.02}",0,0
2025-05-01 09:30:00,2,1,1,straddle_component,1012,SPXW_5645_PE_20250501,50,13.0,trade,"{'detailed': True, 'instrument_type': 'option', 'underlying': 'SPXW', 'strike': 5645, 'expiry': '2025-05-01', 'dividend_rate': 0.015, 'opt_type': 'PE', 'timestamp': '2025-05-01 09:30:00', 'underlying_spot': 5644.0, 'id': 1012, 'bid': 12.5, 'ask': 13.0, 'mid': 12.75, 'delta': -0.5087527419138205, 'theta': -10.98186288033436, 'gamma': 0.0129203250587295, 'vega': 0.7612367611038202, 'sigma': 0.1617399644980443, 'moneyness': -0.02}",0,0
2025-03-06 09:30:00,1,1,1,straddle_component,203,SPXW_5825_CE_20250306,50,17.0,trade,"{'detailed': True, 'instrument_type': 'option', 'underlying': 'SPXW', 'strike': 5825, 'expiry': '2025-03-06', 'dividend_rate': 0.015, 'opt_type': 'CE', 'timestamp': '2025-03-06 09:30:00', 'underlying_spot': 5827.5, 'id': 203, 'bid': 16.5, 'ask': 17.0, 'mid': 16.75, 'delta': 0.5296869336456567, 'theta': -13.779609069153912, 'gamma': 0.0103096579451289, 'vega': 0.7839936396142893, 'sigma': 0.1958172121132692, 'moneyness': -0.04}",0,0
2025-03-06 09:30:00,2,1,1,straddle_component,347,SPXW_5825_PE_20250306,50,39.0,trade,"{'detailed': True, 'instrument_type': 'option', 'underlying': 'SPXW', 'strike': 5825, 'expiry': '2025-03-06', 'dividend_rate': 0.015, 'opt_type': 'PE', 'timestamp': '2025-03-06 09:30:00', 'underlying_spot': 5827.5, 'id': 347, 'bid': 38.5, 'ask': 39.0, 'mid': 38.75, 'delta': -0.4856563044597806, 'theta': -36.07410087645685, 'gamma': 0.0039694191400485, 'vega': 0.7856682209432932, 'sigma': 0.509672937891725, 'moneyness': 0.04}",0,0
2025-04-17 09:30:00,1,1,1,straddle_component,832,SPXW_5330_CE_20250417,50,12.125,trade,"{'detailed': True, 'instrument_type': 'option', 'underlying': 'SPXW', 'strike': 5330, 'expiry': '2025-04-17', 'dividend_rate': 0.015, 'opt_type': 'CE', 'timestamp': '2025-04-17 09:30:00', 'underlying_spot': 5329.5, 'id': 832, 'bid': 11.375, 'ask': 12.125, 'mid': 11.75, 'delta': 0.4974502615446852, 'theta': -10.910928615256363, 'gamma': 0.0133380338951383, 'vega': 0.7189775449483928, 'sigma': 0.1659568472798551, 'moneyness': 0.01}",0,0
2025-04-17 09:30:00,2,1,1,straddle_component,1013,SPXW_5330_PE_20250417,50,45.625,trade,"{'detailed': True, 'instrument_type': 'option', 'underlying': 'SPXW', 'strike': 5330, 'expiry': '2025-04-17', 'dividend_rate': 0.015, 'opt_type': 'PE', 'timestamp': '2025-04-17 09:30:00', 'underlying_spot': 5329.5, 'id': 1013, 'bid': 44.5, 'ask': 45.625, 'mid': 45.06, 'delta': -0.4967651415530127, 'theta': -40.56637931544995, 'gamma': 0.0035461903991063, 'vega': 0.7189687032570937, 'sigma': 0.6241939283241416, 'moneyness': -0.01}",0,0
2025-05-09 09:30:00,1,1,1,straddle_component,2064,SPXW_5705_CE_20250509,50,6.3,trade,"{'detailed': True, 'instrument_type': 'option', 'underlying': 'SPXW', 'strike': 5705, 'expiry': '2025-05-09', 'dividend_rate': 0.015, 'opt_type': 'CE', 'timestamp': '2025-05-09 09:30:00', 'underlying_spot': 5705.25, 'id': 2064, 'bid': 6.1, 'ask': 6.3, 'mid': 6.2, 'delta': 0.5135369685286939, 'theta': -5.553851754921905, 'gamma': 0.0265024529610968, 'vega': 0.7692340455594646, 'sigma': 0.077977865872621, 'moneyness': -0.0}",0,0
2025-05-09 09:30:00,2,1,1,straddle_component,2208,SPXW_5705_PE_20250509,50,33.0,trade,"{'detailed': True, 'instrument_type': 'option', 'underlying': 'SPXW', 'strike': 5705, 'expiry': '2025-05-09', 'dividend_rate': 0.015, 'opt_type': 'PE', 'timestamp': '2025-05-09 09:30:00', 'underlying_spot': 5705.25, 'id': 2208, 'bid': 32.25, 'ask': 33.0, 'mid': 32.62, 'delta': -0.494744000037528, 'theta': -29.63165012735787, 'gamma': 0.0048484520931424, 'vega': 0.7696172244406743, 'sigma': 0.4264481897327143, 'moneyness': 0.0}",0,0
2025-04-11 09:30:00,1,1,1,straddle_component,3332,SPXW_5290_CE_20250411,50,40.625,trade,"{'detailed': True, 'instrument_type': 'option', 'underlying': 'SPXW', 'strike': 5290, 'expiry': '2025-04-11', 'dividend_rate': 0.015, 'opt_type': 'CE', 'timestamp': '2025-04-11 09:30:00', 'underlying_spot': 5292.25, 'id': 3332, 'bid': 39.75, 'ask': 40.625, 'mid': 40.19, 'delta': 0.5137780677376469, 'theta': -35.352273288583014, 'gamma': 0.0040790224176134, 'vega': 0.7135410984690616, 'sigma': 0.5461694266724214, 'moneyness': -0.04}",0,0
2025-04-11 09:30:00,2,1,1,straddle_component,3652,SPXW_5290_PE_20250411,50,74.75,trade,"{'detailed': True, 'instrument_type': 'option', 'underlying': 'SPXW', 'strike': 5290, 'expiry': '2025-04-11', 'dividend_rate': 0.015, 'opt_type': 'PE', 'timestamp': '2025-04-11 09:30:00', 'underlying_spot': 5292.25, 'id': 3652, 'bid': 72.5, 'ask': 74.75, 'mid': 73.62, 'delta': -0.4876706543065268, 'theta': -67.65279607102309, 'gamma': 0.0021258138360735, 'vega': 0.7136260199967879, 'sigma': 1.04811881097345, 'moneyness': 0.04}",0,0
2025-01-17 09:30:00,1,1,1,straddle_component,2680,SPXW_6025_CE_20250117,50,13.75,trade,"{'detailed': True, 'instrument_type': 'option', 'underlying': 'SPXW', 'strike': 6025, 'expiry': '2025-01-17', 'dividend_rate': 0.015, 'opt_type': 'CE', 'timestamp': '2025-01-17 09:30:00', 'underlying_spot': 6023.25, 'id': 2680, 'bid': 13.5, 'ask': 13.75, 'mid': 13.62, 'delta': 0.4846801205577122, 'theta': -13.02483518786674, 'gamma': 0.0110375491857439, 'vega': 0.8119833508254297, 'sigma': 0.177320334227536, 'moneyness': 0.03}",0,0
2025-01-17 09:30:00,2,1,1,straddle_component,2811,SPXW_6025_PE_20250117,50,10.5,trade,"{'detailed': True, 'instrument_type': 'option', 'underlying': 'SPXW', 'strike': 6025, 'expiry': '2025-01-17', 'dividend_rate': 0.015, 'opt_type': 'PE', 'timestamp': '2025-01-17 09:30:00', 'underlying_spot': 6023.25, 'id': 2811, 'bid': 10.0, 'ask': 10.5, 'mid': 10.25, 'delta': -0.5244496588938219, 'theta': -8.177914891684043, 'gamma': 0.0168497395236499, 'vega': 0.8110461339827459, 'sigma': 0.1160223611594168, 'moneyness': -0.03}",0,0
2025-04-04 09:30:00,1,1,1,straddle_component,4010,SPXW_5305_CE_20250404,50,10.75,trade,"{'detailed': True, 'instrument_type': 'option', 'underlying': 'SPXW', 'strike': 5305, 'expiry': '2025-04-04', 'dividend_rate': 0.015, 'opt_type': 'CE', 'timestamp': '2025-04-04 09:30:00', 'underlying_spot': 5303.0, 'id': 4010, 'bid': 10.25, 'ask': 10.75, 'mid': 10.5, 'delta': 0.4763130948005845, 'theta': -10.190703338849485, 'gamma': 0.013927238260436, 'vega': 0.7141504440470738, 'sigma': 0.1594517157463579, 'moneyness': 0.04}",0,0
2025-04-04 09:30:00,2,1,1,straddle_component,4270,SPXW_5305_PE_20250404,50,94.125,trade,"{'detailed': True, 'instrument_type': 'option', 'underlying': 'SPXW', 'strike': 5305, 'expiry': '2025-04-04', 'dividend_rate': 0.015, 'opt_type': 'PE', 'timestamp': '2025-04-04 09:30:00', 'underlying_spot': 5303.0, 'id': 4270, 'bid': 92.375, 'ask': 94.125, 'mid': 93.25, 'delta': -0.494358931243255, 'theta': -83.53578670011244, 'gamma': 0.0017240327565559, 'vega': 0.7153457545429731, 'sigma': 1.2902413447671013, 'moneyness': -0.04}",0,0
2025-06-06 09:30:00,1,1,1,straddle_component,2125,SPXW_6000_CE_20250606,50,17.0,trade,"{'detailed': True, 'instrument_type': 'option', 'underlying': 'SPXW', 'strike': 6000, 'expiry': '2025-06-06', 'dividend_rate': 0.015, 'opt_type': 'CE', 'timestamp': '2025-06-06 09:30:00', 'underlying_spot': 6001.5, 'id': 2125, 'bid': 16.75, 'ask': 17.0, 'mid': 16.88, 'delta': 0.5187287911791572, 'theta': -14.559405807096178, 'gamma': 0.0099121259466983, 'vega': 0.8087561983639127, 'sigma': 0.1980963579199199, 'moneyness': -0.02}",0,0
2025-06-06 09:30:00,2,1,1,straddle_component,2281,SPXW_6000_PE_20250606,50,9.7,trade,"{'detailed': True, 'instrument_type': 'option', 'underlying': 'SPXW', 'strike': 6000, 'expiry': '2025-06-06', 'dividend_rate': 0.015, 'opt_type': 'PE', 'timestamp': '2025-06-06 09:30:00', 'underlying_spot': 6001.5, 'id': 2281, 'bid': 9.5, 'ask': 9.7, 'mid': 9.6, 'delta': -0.4723370921211334, 'theta': -9.150488323013168, 'gamma': 0.015257875549679, 'vega': 0.8076922070349655, 'sigma': 0.1285234933709361, 'moneyness': 0.02}",0,0
2025-05-23 09:30:00,1,1,1,straddle_component,3452,SPXW_5790_CE_20250523,50,26.75,trade,"{'detailed': True, 'instrument_type': 'option', 'underlying': 'SPXW', 'strike': 5790, 'expiry': '2025-05-23', 'dividend_rate': 0.015, 'opt_type': 'CE', 'timestamp': '2025-05-23 09:30:00', 'underlying_spot': 5788.0, 'id': 3452, 'bid': 26.25, 'ask': 26.75, 'mid': 26.5, 'delta': 0.4921772857436224, 'theta': -24.86088958232685, 'gamma': 0.0058045480244572, 'vega': 0.7806973427669313, 'sigma': 0.3510766109986512, 'moneyness': 0.03}",0,0
2025-05-23 09:30:00,2,1,1,straddle_component,3627,SPXW_5790_PE_20250523,50,13.75,trade,"{'detailed': True, 'instrument_type': 'option', 'underlying': 'SPXW', 'strike': 5790, 'expiry': '2025-05-23', 'dividend_rate': 0.015, 'opt_type': 'PE', 'timestamp': '2025-05-23 09:30:00', 'underlying_spot': 5788.0, 'id': 3627, 'bid': 13.5, 'ask': 13.75, 'mid': 13.62, 'delta': -0.5209391269055175, 'theta': -11.130590276877903, 'gamma': 0.0125401699690996, 'vega': 0.7797673370363851, 'sigma': 0.1623123724308911, 'moneyness': -0.03}",0,0
2025-01-31 09:30:00,1,1,1,straddle_component,42462821,SPXW_6125_CE_20250131,50,13.5,trade,"{'detailed': True, 'instrument_type': 'option', 'underlying': 'SPXW', 'strike': 6125, 'expiry': '2025-01-31', 'dividend_rate': 0.015, 'opt_type': 'CE', 'timestamp': '2025-01-31 09:30:00', 'underlying_spot': 6123.5, 'id': 42462821, 'bid': 13.0, 'ask': 13.5, 'mid': 13.25, 'delta': 0.4869358767917831, 'theta': -12.614033050608008, 'gamma': 0.0114342688206647, 'vega': 0.8256644821117645, 'sigma': 0.1683996325388353, 'moneyness': 0.02}",0,0
2025-01-31 09:30:00,2,1,1,straddle_component,42453318,SPXW_6125_PE_20250131,50,15.75,trade,"{'detailed': True, 'instrument_type': 'option', 'underlying': 'SPXW', 'strike': 6125, 'expiry': '2025-01-31', 'dividend_rate': 0.015, 'opt_type': 'PE', 'timestamp': '2025-01-31 09:30:00', 'underlying_spot': 6123.5, 'id': 42453318, 'bid': 15.5, 'ask': 15.75, 'mid': 15.62, 'delta': -0.5120024375584897, 'theta': -13.299131644456862, 'gamma': 0.010647626123017, 'vega': 0.8257340217303657, 'sigma': 0.1808560627121235, 'moneyness': -0.02}",0,0
2025-06-13 09:30:00,1,1,1,straddle_component,2722,SPXW_6005_CE_20250613,50,5.9,trade,"{'detailed': True, 'instrument_type': 'option', 'underlying': 'SPXW', 'strike': 6005, 'expiry': '2025-06-13', 'dividend_rate': 0.015, 'opt_type': 'CE', 'timestamp': '2025-06-13 09:30:00', 'underlying_spot': 6004.25, 'id': 2722, 'bid': 5.75, 'ask': 5.9, 'mid': 5.82, 'delta': 0.4875972633733294, 'theta': -5.600608005557878, 'gamma': 0.0259934424295948, 'vega': 0.8096224854613752, 'sigma': 0.0755526678541291, 'moneyness': 0.01}",0,0
2025-06-13 09:30:00,2,1,1,straddle_component,2928,SPXW_6005_PE_20250613,50,30.75,trade,"{'detailed': True, 'instrument_type': 'option', 'underlying': 'SPXW', 'strike': 6005, 'expiry': '2025-06-13', 'dividend_rate': 0.015, 'opt_type': 'PE', 'timestamp': '2025-06-13 09:30:00', 'underlying_spot': 6004.25, 'id': 2928, 'bid': 30.0, 'ask': 30.75, 'mid': 30.38, 'delta': -0.5001237179216744, 'theta': -27.12132810514957, 'gamma': 0.0052922058202398, 'vega': 0.8100214813746458, 'sigma': 0.3712673947627941, 'moneyness': -0.01}",0,0
2025-01-24 09:30:00,1,1,1,straddle_component,2444,SPXW_6155_CE_20250124,50,5.25,trade,"{'detailed': True, 'instrument_type': 'option', 'underlying': 'SPXW', 'strike': 6155, 'expiry': '2025-01-24', 'dividend_rate': 0.015, 'opt_type': 'CE', 'timestamp': '2025-01-24 09:30:00', 'underlying_spot': 6153.5, 'id': 2444, 'bid': 5.15, 'ask': 5.25, 'mid': 5.2, 'delta': 0.4667610323633386, 'theta': -5.153646685944548, 'gamma': 0.0271219150516088, 'vega': 0.8272127332834298, 'sigma': 0.0704415426051108, 'moneyness': 0.02}",0,0
2025-01-24 09:30:00,2,1,1,straddle_component,2538,SPXW_6155_PE_20250124,50,12.125,trade,"{'detailed': True, 'instrument_type': 'option', 'underlying': 'SPXW', 'strike': 6155, 'expiry': '2025-01-24', 'dividend_rate': 0.015, 'opt_type': 'PE', 'timestamp': '2025-01-24 09:30:00', 'underlying_spot': 6153.5, 'id': 2538, 'bid': 11.5, 'ask': 12.125, 'mid': 11.81, 'delta': -0.5168317902990438, 'theta': -9.801493329139332, 'gamma': 0.0142925373225466, 'vega': 0.8294129839790676, 'sigma': 0.1340182730445551, 'moneyness': -0.02}",0,0
2025-03-21 09:30:00,1,1,1,straddle_component,2936,SPXW_5670_CE_20250321,50,19.5,trade,"{'detailed': True, 'instrument_type': 'option', 'underlying': 'SPXW', 'strike': 5670, 'expiry': '2025-03-21', 'dividend_rate': 0.015, 'opt_type': 'CE', 'timestamp': '2025-03-21 09:30:00', 'underlying_spot': 5669.75, 'id': 2936, 'bid': 19.25, 'ask': 19.5, 'mid': 19.38, 'delta': 0.5016253589294806, 'theta': -17.728089102256785, 'gamma': 0.0081914818039763, 'vega': 0.7648884491558672, 'sigma': 0.2540108920201295, 'moneyness': 0.0}",0,0
2025-03-21 09:30:00,2,1,1,straddle_component,3070,SPXW_5670_PE_20250321,50,19.5,trade,"{'detailed': True, 'instrument_type': 'option', 'underlying': 'SPXW', 'strike': 5670, 'expiry': '2025-03-21', 'dividend_rate': 0.015, 'opt_type': 'PE', 'timestamp': '2025-03-21 09:30:00', 'underlying_spot': 5669.75, 'id': 3070, 'bid': 19.0, 'ask': 19.5, 'mid': 19.25, 'delta': -0.4983962577822964, 'theta': -17.27968184058733, 'gamma': 0.0082909132359532, 'vega': 0.764888616889392, 'sigma': 0.2509646395056198, 'moneyness': -0.0}",0,0
2025-03-14 09:30:00,1,1,1,straddle_component,42526768,SPXW_5625_CE_20250314,50,6.25,trade,"{'detailed': True, 'instrument_type': 'option', 'underlying': 'SPXW', 'strike': 5625, 'expiry': '2025-03-14', 'dividend_rate': 0.015, 'opt_type': 'CE', 'timestamp': '2025-03-14 09:30:00', 'underlying_spot': 5624.75, 'id': 42526768, 'bid': 6.1, 'ask': 6.25, 'mid': 6.18, 'delta': 0.5002306462376538, 'theta': -5.756181407308948, 'gamma': 0.0255487465139481, 'vega': 0.7588238055147687, 'sigma': 0.0820936231753757, 'moneyness': 0.0}",0,0
2025-03-14 09:30:00,2,1,1,straddle_component,42517391,SPXW_5625_PE_20250314,50,59.5,trade,"{'detailed': True, 'instrument_type': 'option', 'underlying': 'SPXW', 'strike': 5625, 'expiry': '2025-03-14', 'dividend_rate': 0.015, 'opt_type': 'PE', 'timestamp': '2025-03-14 09:30:00', 'underlying_spot': 5624.75, 'id': 42517391, 'bid': 58.75, 'ask': 59.5, 'mid': 59.12, 'delta': -0.494783093790474, 'theta': -53.42822551227279, 'gamma': 0.0026939975583673, 'vega': 0.7587590542440701, 'sigma': 0.7784752489256784, 'moneyness': -0.0}",0,0
2025-01-03 09:30:00,1,1,1,straddle_component,1747,SPXW_5945_CE_20250103,50,18.25,trade,"{'detailed': True, 'instrument_type': 'option', 'underlying': 'SPXW', 'strike': 5945, 'expiry': '2025-01-03', 'dividend_rate': 0.015, 'opt_type': 'CE', 'timestamp': '2025-01-03 09:30:00', 'underlying_spot': 5947.25, 'id': 1747, 'bid': 17.75, 'ask': 18.25, 'mid': 18.0, 'delta': 0.5251232156426866, 'theta': -15.10833073728827, 'gamma': 0.0094676834905271, 'vega': 0.8007370640268334, 'sigma': 0.2091029227207835, 'moneyness': -0.04}",0,0
2025-01-03 09:30:00,2,1,1,straddle_component,1862,SPXW_5945_PE_20250103,50,13.25,trade,"{'detailed': True, 'instrument_type': 'option', 'underlying': 'SPXW', 'strike': 5945, 'expiry': '2025-01-03', 'dividend_rate': 0.015, 'opt_type': 'PE', 'timestamp': '2025-01-03 09:30:00', 'underlying_spot': 5947.25, 'id': 1862, 'bid': 13.0, 'ask': 13.25, 'mid': 13.12, 'delta': -0.4709754406929001, 'theta': -12.575302622588495, 'gamma': 0.0111037081929055, 'vega': 0.8002012707328712, 'sigma': 0.1781749621592154, 'moneyness': 0.04}",0,0
2025-05-30 09:30:00,1,1,1,straddle_component,42540055,SPXW_5900_CE_20250530,50,26.0,trade,"{'detailed': True, 'instrument_type': 'option', 'underlying': 'SPXW', 'strike': 5900, 'expiry': '2025-05-30', 'dividend_rate': 0.015, 'opt_type': 'CE', 'timestamp': '2025-05-30 09:30:00', 'underlying_spot': 5902.25, 'id': 42540055, 'bid': 25.0, 'ask': 26.0, 'mid': 25.5, 'delta': 0.5184297899401002, 'theta': -21.9801049215478, 'gamma': 0.0065458863929279, 'vega': 0.7954103803406731, 'sigma': 0.3050226570028909, 'moneyness': -0.04}",0,0
2025-05-30 09:30:00,2,1,1,straddle_component,42534038,SPXW_5900_PE_20250530,50,15.25,trade,"{'detailed': True, 'instrument_type': 'option', 'underlying': 'SPXW', 'strike': 5900, 'expiry': '2025-05-30', 'dividend_rate': 0.015, 'opt_type': 'PE', 'timestamp': '2025-05-30 09:30:00', 'underlying_spot': 5902.25, 'id': 42534038, 'bid': 14.75, 'ask': 15.25, 'mid': 15.0, 'delta': -0.4740530316717617, 'theta': -14.306498819359843, 'gamma': 0.0098192434272448, 'vega': 0.7945725145908318, 'sigma': 0.2031264936605528, 'moneyness': 0.04}",0,0
2025-03-28 09:30:00,1,1,1,straddle_component,4049,SPXW_5725_CE_20250328,50,2.55,trade,"{'detailed': True, 'instrument_type': 'option', 'underlying': 'SPXW', 'strike': 5725, 'expiry': '2025-03-28', 'dividend_rate': 0.015, 'opt_type': 'CE', 'timestamp': '2025-03-28 09:30:00', 'underlying_spot': 5722.75, 'id': 4049, 'bid': 2.4, 'ask': 2.55, 'mid': 2.47, 'delta': 0.4078267448958561, 'theta': -2.514203175763591, 'gamma': 0.0452207198309295, 'vega': 0.7502686643830212, 'sigma': 0.0443646731536525, 'moneyness': 0.04}",0,0
2025-03-28 09:30:00,2,1,1,straddle_component,4219,SPXW_5725_PE_20250328,50,62.25,trade,"{'detailed': True, 'instrument_type': 'option', 'underlying': 'SPXW', 'strike': 5725, 'expiry': '2025-03-28', 'dividend_rate': 0.015, 'opt_type': 'PE', 'timestamp': '2025-03-28 09:30:00', 'underlying_spot': 5722.75, 'id': 4219, 'bid': 60.75, 'ask': 62.25, 'mid': 61.5, 'delta': -0.5000084328635523, 'theta': -54.6036303641681, 'gamma': 0.0026336000757964, 'vega': 0.7720449116780905, 'sigma': 0.7827593855561163, 'moneyness': -0.04}",0,0
2025-04-25 09:30:00,1,1,1,straddle_component,3680,SPXW_5515_CE_20250425,50,12.5,trade,"{'detailed': True, 'instrument_type': 'option', 'underlying': 'SPXW', 'strike': 5515, 'expiry': '2025-04-25', 'dividend_rate': 0.015, 'opt_type': 'CE', 'timestamp': '2025-04-25 09:30:00', 'underlying_spot': 5514.0, 'id': 3680, 'bid': 12.25, 'ask': 12.5, 'mid': 12.38, 'delta': 0.4916219782214348, 'theta': -11.65769832567509, 'gamma': 0.0124306986570843, 'vega': 0.7437181101659238, 'sigma': 0.1720775624544245, 'moneyness': 0.02}",0,0
2025-04-25 09:30:00,2,1,1,straddle_component,3854,SPXW_5515_PE_20250425,50,37.5,trade,"{'detailed': True, 'instrument_type': 'option', 'underlying': 'SPXW', 'strike': 5515, 'expiry': '2025-04-25', 'dividend_rate': 0.015, 'opt_type': 'PE', 'timestamp': '2025-04-25 09:30:00', 'underlying_spot': 5514.0, 'id': 3854, 'bid': 36.5, 'ask': 37.5, 'mid': 37.0, 'delta': -0.500023744057998, 'theta': -33.01088110355103, 'gamma': 0.0043525820814238, 'vega': 0.7438828597629445, 'sigma': 0.4915510220857306, 'moneyness': -0.02}",0,0
2025-05-16 09:30:00,1,1,1,straddle_component,2475,SPXW_5940_CE_20250516,50,11.25,trade,"{'detailed': True, 'instrument_type': 'option', 'underlying': 'SPXW', 'strike': 5940, 'expiry': '2025-05-16', 'dividend_rate': 0.015, 'opt_type': 'CE', 'timestamp': '2025-05-16 09:30:00', 'underlying_spot': 5939.25, 'id': 2475, 'bid': 10.75, 'ask': 11.25, 'mid': 11.0, 'delta': 0.4939170373832624, 'theta': -10.325758722110798, 'gamma': 0.0140857314079312, 'vega': 0.8011587370034867, 'sigma': 0.1410005246379864, 'moneyness': 0.01}",0,0
2025-05-16 09:30:00,2,1,1,straddle_component,2605,SPXW_5940_PE_20250516,50,13.0,trade,"{'detailed': True, 'instrument_type': 'option', 'underlying': 'SPXW', 'strike': 5940, 'expiry': '2025-05-16', 'dividend_rate': 0.015, 'opt_type': 'PE', 'timestamp': '2025-05-16 09:30:00', 'underlying_spot': 5939.25, 'id': 2605, 'bid': 12.75, 'ask': 13.0, 'mid': 12.88, 'delta': -0.5052629531064667, 'theta': -11.236215337021909, 'gamma': 0.0126586837367881, 'vega': 0.8011823766278523, 'sigma': 0.1569004785075331, 'moneyness': -0.01}",0,0
2025-01-10 09:30:00,1,1,1,straddle_component,2528,SPXW_5910_CE_20250110,50,5.0,trade,"{'detailed': True, 'instrument_type': 'option', 'underlying': 'SPXW', 'strike': 5910, 'expiry': '2025-01-10', 'dividend_rate': 0.015, 'opt_type': 'CE', 'timestamp': '2025-01-10 09:30:00', 'underlying_spot': 5912.0, 'id': 2528, 'bid': 4.85, 'ask': 5.0, 'mid': 4.92, 'delta': 0.5947813866575391, 'theta': -2.979463000824565, 'gamma': 0.041189784321105, 'vega': 0.7739351847144311, 'sigma': 0.0470722592201319, 'moneyness': -0.03}",0,0
2025-01-10 09:30:00,2,1,1,straddle_component,2658,SPXW_5910_PE_20250110,50,38.75,trade,"{'detailed': True, 'instrument_type': 'option', 'underlying': 'SPXW', 'strike': 5910, 'expiry': '2025-01-10', 'dividend_rate': 0.015, 'opt_type': 'PE', 'timestamp': '2025-01-10 09:30:00', 'underlying_spot': 5912.0, 'id': 2658, 'bid': 37.75, 'ask': 38.75, 'mid': 38.25, 'delta': -0.4875704921349921, 'theta': -35.43861507519398, 'gamma': 0.0040454191463368, 'vega': 0.7971890445817387, 'sigma': 0.4930302179868061, 'moneyness': 0.03}",0,0
2025-03-07 09:30:00,1,1,1,straddle_component,3043,SPXW_5785_CE_20250307,50,10.75,trade,"{'detailed': True, 'instrument_type': 'option', 'underlying': 'SPXW', 'strike': 5785, 'expiry': '2025-03-07', 'dividend_rate': 0.015, 'opt_type': 'CE', 'timestamp': '2025-03-07 09:30:00', 'underlying_spot': 5786.75, 'id': 3043, 'bid': 10.5, 'ask': 10.75, 'mid': 10.62, 'delta': 0.5336884719221224, 'theta': -8.641587272077826, 'gamma': 0.0164343524922117, 'vega': 0.7778765380088339, 'sigma': 0.1236068984017282, 'moneyness': -0.03}",0,0
2025-03-07 09:30:00,2,1,1,straddle_component,3214,SPXW_5785_PE_20250307,50,59.25,trade,"{'detailed': True, 'instrument_type': 'option', 'underlying': 'SPXW', 'strike': 5785, 'expiry': '2025-03-07', 'dividend_rate': 0.015, 'opt_type': 'PE', 'timestamp': '2025-03-07 09:30:00', 'underlying_spot': 5786.75, 'id': 3214, 'bid': 58.25, 'ask': 59.25, 'mid': 58.75, 'delta': -0.4895258577594319, 'theta': -53.95139774647602, 'gamma': 0.0026647591511164, 'vega': 0.7804099431575118, 'sigma': 0.7647841908272497, 'moneyness': 0.03}",0,0
2025-02-28 09:30:00,1,1,1,straddle_component,42449179,SPXW_5875_CE_20250228,50,27.0,trade,"{'detailed': True, 'instrument_type': 'option', 'underlying': 'SPXW', 'strike': 5875, 'expiry': '2025-02-28', 'dividend_rate': 0.015, 'opt_type': 'CE', 'timestamp': '2025-02-28 09:30:00', 'underlying_spot': 5875.5, 'id': 42449179, 'bid': 26.25, 'ask': 27.0, 'mid': 26.62, 'delta': 0.5067638237949978, 'theta': -23.95730899262388, 'gamma': 0.0060501403709167, 'vega': 0.7925381507791922, 'sigma': 0.3318254003721773, 'moneyness': -0.01}",0,0
2025-02-28 09:30:00,2,1,1,straddle_component,42428593,SPXW_5875_PE_20250228,50,22.5,trade,"{'detailed': True, 'instrument_type': 'option', 'underlying': 'SPXW', 'strike': 5875, 'expiry': '2025-02-28', 'dividend_rate': 0.015, 'opt_type': 'PE', 'timestamp': '2025-02-28 09:30:00', 'underlying_spot': 5875.5, 'id': 42428593, 'bid': 22.0, 'ask': 22.5, 'mid': 22.25, 'delta': -0.4928060125230615, 'theta': -20.33102713765813, 'gamma': 0.0070492809811639, 'vega': 0.7925231594455973, 'sigma': 0.2847882449379575, 'moneyness': 0.01}",0,0
2025-02-14 09:30:00,1,1,1,straddle_component,1831,SPXW_6135_CE_20250214,50,11.75,trade,"{'detailed': True, 'instrument_type': 'option', 'underlying': 'SPXW', 'strike': 6135, 'expiry': '2025-02-14', 'dividend_rate': 0.015, 'opt_type': 'CE', 'timestamp': '2025-02-14 09:30:00', 'underlying_spot': 6137.5, 'id': 1831, 'bid': 11.5, 'ask': 11.75, 'mid': 11.62, 'delta': 0.5436119375230142, 'theta': -8.995353706189281, 'gamma': 0.0154405385366374, 'vega': 0.8230144321025099, 'sigma': 0.1237436054827742, 'moneyness': -0.04}",0,0
2025-02-14 09:30:00,2,1,1,straddle_component,1933,SPXW_6135_PE_20250214,50,9.6,trade,"{'detailed': True, 'instrument_type': 'option', 'underlying': 'SPXW', 'strike': 6135, 'expiry': '2025-02-14', 'dividend_rate': 0.015, 'opt_type': 'PE', 'timestamp': '2025-02-14 09:30:00', 'underlying_spot': 6137.5, 'id': 1933, 'bid': 9.4, 'ask': 9.6, 'mid': 9.5, 'delta': -0.45844653120648, 'theta': -9.237474105154726, 'gamma': 0.0146873424533566, 'vega': 0.8234770135179739, 'sigma': 0.1301616366650979, 'moneyness': 0.04}",0,0
2025-05-02 09:30:00,1,1,1,straddle_component,2404,SPXW_5685_CE_20250502,50,26.5,trade,"{'detailed': True, 'instrument_type': 'option', 'underlying': 'SPXW', 'strike': 5685, 'expiry': '2025-05-02', 'dividend_rate': 0.015, 'opt_type': 'CE', 'timestamp': '2025-05-02 09:30:00', 'underlying_spot': 5687.0, 'id': 2404, 'bid': 25.75, 'ask': 26.5, 'mid': 26.12, 'delta': 0.5164342643483977, 'theta': -22.69780353766281, 'gamma': 0.0063494937663222, 'vega': 0.7665704247651064, 'sigma': 0.3264312407302497, 'moneyness': -0.04}",0,0
2025-05-02 09:30:00,2,1,1,straddle_component,2579,SPXW_5685_PE_20250502,50,11.25,trade,"{'detailed': True, 'instrument_type': 'option', 'underlying': 'SPXW', 'strike': 5685, 'expiry': '2025-05-02', 'dividend_rate': 0.015, 'opt_type': 'PE', 'timestamp': '2025-05-02 09:30:00', 'underlying_spot': 5687.0, 'id': 2579, 'bid': 10.75, 'ask': 11.25, 'mid': 11.0, 'delta': -0.4693649944552014, 'theta': -10.557213458553685, 'gamma': 0.0131762092969722, 'vega': 0.7649502058503463, 'sigma': 0.1569733102262854, 'moneyness': 0.04}",0,0
2025-02-21 09:30:00,1,1,1,straddle_component,3589,SPXW_6130_CE_20250221,50,2.25,trade,"{'detailed': True, 'instrument_type': 'option', 'underlying': 'SPXW', 'strike': 6130, 'expiry': '2025-02-21', 'dividend_rate': 0.015, 'opt_type': 'CE', 'timestamp': '2025-02-21 09:30:00', 'underlying_spot': 6127.75, 'id': 3589, 'bid': 2.15, 'ask': 2.25, 'mid': 2.2, 'delta': 0.4003008434150468, 'theta': -2.241574439816626, 'gamma': 0.0491433489679948, 'vega': 0.7988648981966303, 'sigma': 0.037945866793247, 'moneyness': 0.04}",0,0
2025-02-21 09:30:00,2,1,1,straddle_component,3744,SPXW_6130_PE_20250221,50,35.5,trade,"{'detailed': True, 'instrument_type': 'option', 'underlying': 'SPXW', 'strike': 6130, 'expiry': '2025-02-21', 'dividend_rate': 0.015, 'opt_type': 'PE', 'timestamp': '2025-02-21 09:30:00', 'underlying_spot': 6127.75, 'id': 3744, 'bid': 34.75, 'ask': 35.5, 'mid': 35.12, 'delta': -0.5065235759733611, 'theta': -30.63670634904834, 'gamma': 0.0046719451773924, 'vega': 0.8265720148531308, 'sigma': 0.4120268198056939, 'moneyness': -0.04}",0,0
2025-02-07 09:30:00,1,1,1,straddle_component,2654,SPXW_6110_CE_20250207,50,4.95,trade,"{'detailed': True, 'instrument_type': 'option', 'underlying': 'SPXW', 'strike': 6110, 'expiry': '2025-02-07', 'dividend_rate': 0.015, 'opt_type': 'CE', 'timestamp': '2025-02-07 09:30:00', 'underlying_spot': 6111.25, 'id': 2654, 'bid': 4.8, 'ask': 4.95, 'mid': 4.88, 'delta': 0.5581562238392124, 'theta': -3.636126864540111, 'gamma': 0.03806865755962, 'vega': 0.8153268077995426, 'sigma': 0.0501691997209677, 'moneyness': -0.02}",0,0
2025-02-07 09:30:00,2,1,1,straddle_component,2775,SPXW_6110_PE_20250207,50,27.75,trade,"{'detailed': True, 'instrument_type': 'option', 'underlying': 'SPXW', 'strike': 6110, 'expiry': '2025-02-07', 'dividend_rate': 0.015, 'opt_type': 'PE', 'timestamp': '2025-02-07 09:30:00', 'underlying_spot': 6111.25, 'id': 2775, 'bid': 26.75, 'ask': 27.75, 'mid': 27.25, 'delta': -0.4891275300570541, 'theta': -25.16382050158237, 'gamma': 0.0056922132429804, 'vega': 0.8241503288655441, 'sigma': 0.3390078799840459, 'moneyness': 0.02}",0,0
